0 verbose cli C:\Program Files\nodejs\node.exe C:\Program Files\nodejs\node_modules\npm\bin\npm-cli.js
1 info using npm@11.6.2
2 info using node@v24.13.0
3 silly config load:file:C:\Program Files\nodejs\node_modules\npm\npmrc
4 silly config load:file:D:\oppfinder\.npmrc
5 silly config load:file:C:\Users\Swayam Dash\.npmrc
6 silly config load:file:C:\Users\Swayam Dash\AppData\Roaming\npm\etc\npmrc
7 verbose title npm install
8 verbose argv "install" "--cache" ".npm-cache"
9 verbose logfile logs-max:10 dir:D:\oppfinder\.npm-cache\_logs\2026-07-16T16_36_11_006Z-
10 verbose logfile D:\oppfinder\.npm-cache\_logs\2026-07-16T16_36_11_006Z-debug-0.log
11 silly logfile done cleaning log files
12 silly packumentCache heap:4496293888 maxSize:1124073472 maxEntrySize:562036736
13 silly idealTree buildDeps
14 silly fetch manifest next@latest
15 silly packumentCache full:https://registry.npmjs.org/next cache-miss
16 http fetch GET 200 https://registry.npmjs.org/npm 561ms
17 http fetch GET 200 https://registry.npmjs.org/next 1349ms (cache miss)
18 silly packumentCache full:https://registry.npmjs.org/next set size:undefined disposed:false
19 silly fetch manifest @opentelemetry/api@^1.1.0
20 silly packumentCache full:https://registry.npmjs.org/@opentelemetry%2fapi cache-miss
21 http fetch GET 200 https://registry.npmjs.org/@opentelemetry%2fapi 370ms (cache miss)
22 silly packumentCache full:https://registry.npmjs.org/@opentelemetry%2fapi set size:undefined disposed:false
23 silly fetch manifest @playwright/test@^1.51.1
24 silly packumentCache full:https://registry.npmjs.org/@playwright%2ftest cache-miss
25 http fetch GET 200 https://registry.npmjs.org/@playwright%2ftest 1591ms (cache miss)
26 silly packumentCache full:https://registry.npmjs.org/@playwright%2ftest set size:undefined disposed:false
27 silly fetch manifest babel-plugin-react-compiler@*
28 silly packumentCache full:https://registry.npmjs.org/babel-plugin-react-compiler cache-miss
29 http fetch GET 200 https://registry.npmjs.org/babel-plugin-react-compiler 188ms (cache miss)
30 silly packumentCache full:https://registry.npmjs.org/babel-plugin-react-compiler set size:undefined disposed:false
31 silly fetch manifest react@latest
32 silly packumentCache full:https://registry.npmjs.org/react cache-miss
33 http fetch GET 200 https://registry.npmjs.org/react 784ms (cache miss)
34 silly packumentCache full:https://registry.npmjs.org/react set size:undefined disposed:false
35 silly fetch manifest react-dom@latest
36 silly packumentCache full:https://registry.npmjs.org/react-dom cache-miss
37 http fetch GET 200 https://registry.npmjs.org/react-dom 1365ms (cache miss)
38 silly packumentCache full:https://registry.npmjs.org/react-dom set size:undefined disposed:false
39 silly fetch manifest sass@^1.3.0
40 silly packumentCache full:https://registry.npmjs.org/sass cache-miss
41 http fetch GET 200 https://registry.npmjs.org/sass 324ms (cache miss)
42 silly packumentCache full:https://registry.npmjs.org/sass set size:undefined disposed:false
43 silly fetch manifest @types/node@latest
44 silly packumentCache full:https://registry.npmjs.org/@types%2fnode cache-miss
45 http fetch GET 200 https://registry.npmjs.org/@types%2fnode 739ms (cache miss)
46 silly packumentCache full:https://registry.npmjs.org/@types%2fnode set size:undefined disposed:false
47 silly fetch manifest @types/react@latest
48 silly packumentCache full:https://registry.npmjs.org/@types%2freact cache-miss
49 http fetch GET 200 https://registry.npmjs.org/@types%2freact 304ms (cache miss)
50 silly packumentCache full:https://registry.npmjs.org/@types%2freact set size:undefined disposed:false
51 silly fetch manifest @types/react-dom@latest
52 silly packumentCache full:https://registry.npmjs.org/@types%2freact-dom cache-miss
53 http fetch GET 200 https://registry.npmjs.org/@types%2freact-dom 135ms (cache miss)
54 silly packumentCache full:https://registry.npmjs.org/@types%2freact-dom set size:undefined disposed:false
55 silly fetch manifest eslint@latest
56 silly packumentCache full:https://registry.npmjs.org/eslint cache-miss
57 http fetch GET 200 https://registry.npmjs.org/eslint 245ms (cache miss)
58 silly packumentCache full:https://registry.npmjs.org/eslint set size:undefined disposed:false
59 silly fetch manifest jiti@*
60 silly packumentCache full:https://registry.npmjs.org/jiti cache-miss
61 http fetch GET 200 https://registry.npmjs.org/jiti 83ms (cache miss)
62 silly packumentCache full:https://registry.npmjs.org/jiti set size:undefined disposed:false
63 silly fetch manifest eslint-config-next@latest
64 silly packumentCache full:https://registry.npmjs.org/eslint-config-next cache-miss
65 http fetch GET 200 https://registry.npmjs.org/eslint-config-next 711ms (cache miss)
66 silly packumentCache full:https://registry.npmjs.org/eslint-config-next set size:undefined disposed:false
67 silly fetch manifest typescript@latest
68 silly packumentCache full:https://registry.npmjs.org/typescript cache-miss
69 http fetch GET 200 https://registry.npmjs.org/typescript 989ms (cache miss)
70 silly packumentCache full:https://registry.npmjs.org/typescript set size:undefined disposed:false
71 silly placeDep ROOT @types/node@26.1.1 OK for: oppfinder@0.1.0 want: latest
72 silly placeDep ROOT @types/react@19.2.17 OK for: oppfinder@0.1.0 want: latest
73 silly placeDep ROOT @types/react-dom@19.2.3 OK for: oppfinder@0.1.0 want: latest
74 silly placeDep ROOT eslint@10.7.0 OK for: oppfinder@0.1.0 want: latest
75 silly placeDep ROOT eslint-config-next@16.2.10 OK for: oppfinder@0.1.0 want: latest
76 silly placeDep ROOT next@16.2.10 OK for: oppfinder@0.1.0 want: latest
77 silly placeDep ROOT react@19.2.7 OK for: next@16.2.10 want: ^18.2.0 || 19.0.0-rc-de68d2f4-20241204 || ^19.0.0
78 silly placeDep ROOT react-dom@19.2.7 OK for: next@16.2.10 want: ^18.2.0 || 19.0.0-rc-de68d2f4-20241204 || ^19.0.0
79 silly placeDep ROOT typescript@7.0.2 OK for: oppfinder@0.1.0 want: latest
80 silly fetch manifest undici-types@~8.3.0
81 silly packumentCache full:https://registry.npmjs.org/undici-types cache-miss
82 silly fetch manifest csstype@^3.2.2
83 silly packumentCache full:https://registry.npmjs.org/csstype cache-miss
84 silly fetch manifest @eslint-community/eslint-utils@^4.8.0
85 silly packumentCache full:https://registry.npmjs.org/@eslint-community%2feslint-utils cache-miss
86 silly fetch manifest @eslint-community/regexpp@^4.12.2
87 silly packumentCache full:https://registry.npmjs.org/@eslint-community%2fregexpp cache-miss
88 silly fetch manifest @eslint/config-array@^0.23.5
89 silly packumentCache full:https://registry.npmjs.org/@eslint%2fconfig-array cache-miss
90 silly fetch manifest @eslint/config-helpers@^0.6.0
91 silly packumentCache full:https://registry.npmjs.org/@eslint%2fconfig-helpers cache-miss
92 silly fetch manifest @eslint/core@^1.2.1
93 silly packumentCache full:https://registry.npmjs.org/@eslint%2fcore cache-miss
94 silly fetch manifest @eslint/plugin-kit@^0.7.2
95 silly packumentCache full:https://registry.npmjs.org/@eslint%2fplugin-kit cache-miss
96 silly fetch manifest @humanfs/node@^0.16.6
97 silly packumentCache full:https://registry.npmjs.org/@humanfs%2fnode cache-miss
98 silly fetch manifest @humanwhocodes/module-importer@^1.0.1
99 silly packumentCache full:https://registry.npmjs.org/@humanwhocodes%2fmodule-importer cache-miss
100 silly fetch manifest @humanwhocodes/retry@^0.4.2
101 silly packumentCache full:https://registry.npmjs.org/@humanwhocodes%2fretry cache-miss
102 http fetch GET 200 https://registry.npmjs.org/undici-types 139ms (cache miss)
103 silly packumentCache full:https://registry.npmjs.org/undici-types set size:undefined disposed:false
104 silly fetch manifest @types/estree@^1.0.6
105 silly packumentCache full:https://registry.npmjs.org/@types%2festree cache-miss
106 http fetch GET 200 https://registry.npmjs.org/csstype 167ms (cache miss)
107 silly packumentCache full:https://registry.npmjs.org/csstype set size:undefined disposed:false
108 silly fetch manifest ajv@^6.14.0
109 silly packumentCache full:https://registry.npmjs.org/ajv cache-miss
110 http fetch GET 200 https://registry.npmjs.org/@humanwhocodes%2fmodule-importer 217ms (cache miss)
111 silly packumentCache full:https://registry.npmjs.org/@humanwhocodes%2fmodule-importer set size:undefined disposed:false
112 silly fetch manifest cross-spawn@^7.0.6
113 silly packumentCache full:https://registry.npmjs.org/cross-spawn cache-miss
114 http fetch GET 200 https://registry.npmjs.org/@eslint%2fconfig-array 225ms (cache miss)
115 silly packumentCache full:https://registry.npmjs.org/@eslint%2fconfig-array set size:undefined disposed:false
116 silly fetch manifest debug@^4.3.2
117 silly packumentCache full:https://registry.npmjs.org/debug cache-miss
118 http fetch GET 200 https://registry.npmjs.org/ajv 172ms (cache miss)
119 silly packumentCache full:https://registry.npmjs.org/ajv set size:undefined disposed:false
120 silly fetch manifest escape-string-regexp@^4.0.0
121 silly packumentCache full:https://registry.npmjs.org/escape-string-regexp cache-miss
122 http fetch GET 200 https://registry.npmjs.org/escape-string-regexp 50ms (cache miss)
123 silly packumentCache full:https://registry.npmjs.org/escape-string-regexp set size:undefined disposed:false
124 silly fetch manifest eslint-scope@^9.1.2
125 silly packumentCache full:https://registry.npmjs.org/eslint-scope cache-miss
126 http fetch GET 200 https://registry.npmjs.org/@eslint%2fcore 429ms (cache miss)
127 silly packumentCache full:https://registry.npmjs.org/@eslint%2fcore set size:undefined disposed:false
128 silly fetch manifest eslint-visitor-keys@^5.0.1
129 silly packumentCache full:https://registry.npmjs.org/eslint-visitor-keys cache-miss
130 http fetch GET 200 https://registry.npmjs.org/@types%2festree 320ms (cache miss)
131 silly packumentCache full:https://registry.npmjs.org/@types%2festree set size:undefined disposed:false
132 silly fetch manifest espree@^11.2.0
133 silly packumentCache full:https://registry.npmjs.org/espree cache-miss
134 http fetch GET 200 https://registry.npmjs.org/@humanwhocodes%2fretry 466ms (cache miss)
135 silly packumentCache full:https://registry.npmjs.org/@humanwhocodes%2fretry set size:undefined disposed:false
136 silly fetch manifest esquery@^1.7.0
137 silly packumentCache full:https://registry.npmjs.org/esquery cache-miss
138 http fetch GET 200 https://registry.npmjs.org/@humanfs%2fnode 473ms (cache miss)
139 silly packumentCache full:https://registry.npmjs.org/@humanfs%2fnode set size:undefined disposed:false
140 silly fetch manifest esutils@^2.0.2
141 silly packumentCache full:https://registry.npmjs.org/esutils cache-miss
142 http fetch GET 200 https://registry.npmjs.org/eslint-scope 79ms (cache miss)
143 silly packumentCache full:https://registry.npmjs.org/eslint-scope set size:undefined disposed:false
144 silly fetch manifest fast-deep-equal@^3.1.3
145 silly packumentCache full:https://registry.npmjs.org/fast-deep-equal cache-miss
146 http fetch GET 200 https://registry.npmjs.org/cross-spawn 312ms (cache miss)
147 silly packumentCache full:https://registry.npmjs.org/cross-spawn set size:undefined disposed:false
148 silly fetch manifest file-entry-cache@^8.0.0
149 silly packumentCache full:https://registry.npmjs.org/file-entry-cache cache-miss
150 http fetch GET 200 https://registry.npmjs.org/fast-deep-equal 56ms (cache miss)
151 silly packumentCache full:https://registry.npmjs.org/fast-deep-equal set size:undefined disposed:false
152 silly fetch manifest find-up@^5.0.0
153 silly packumentCache full:https://registry.npmjs.org/find-up cache-miss
154 http fetch GET 200 https://registry.npmjs.org/esquery 92ms (cache miss)
155 silly packumentCache full:https://registry.npmjs.org/esquery set size:undefined disposed:false
156 silly fetch manifest glob-parent@^6.0.2
157 silly packumentCache full:https://registry.npmjs.org/glob-parent cache-miss
158 http fetch GET 200 https://registry.npmjs.org/@eslint-community%2feslint-utils 582ms (cache miss)
159 silly packumentCache full:https://registry.npmjs.org/@eslint-community%2feslint-utils set size:undefined disposed:false
160 silly fetch manifest ignore@^5.2.0
161 silly packumentCache full:https://registry.npmjs.org/ignore cache-miss
162 http fetch GET 200 https://registry.npmjs.org/find-up 53ms (cache miss)
163 silly packumentCache full:https://registry.npmjs.org/find-up set size:undefined disposed:false
164 silly fetch manifest imurmurhash@^0.1.4
165 silly packumentCache full:https://registry.npmjs.org/imurmurhash cache-miss
166 http fetch GET 200 https://registry.npmjs.org/file-entry-cache 66ms (cache miss)
167 silly packumentCache full:https://registry.npmjs.org/file-entry-cache set size:undefined disposed:false
168 silly fetch manifest is-glob@^4.0.0
169 silly packumentCache full:https://registry.npmjs.org/is-glob cache-miss
170 http fetch GET 200 https://registry.npmjs.org/esutils 145ms (cache miss)
171 silly packumentCache full:https://registry.npmjs.org/esutils set size:undefined disposed:false
172 silly fetch manifest json-stable-stringify-without-jsonify@^1.0.1
173 silly packumentCache full:https://registry.npmjs.org/json-stable-stringify-without-jsonify cache-miss
174 http fetch GET 200 https://registry.npmjs.org/imurmurhash 40ms (cache miss)
175 silly packumentCache full:https://registry.npmjs.org/imurmurhash set size:undefined disposed:false
176 silly fetch manifest minimatch@^10.2.4
177 silly packumentCache full:https://registry.npmjs.org/minimatch cache-miss
178 http fetch GET 200 https://registry.npmjs.org/is-glob 39ms (cache miss)
179 silly packumentCache full:https://registry.npmjs.org/is-glob set size:undefined disposed:false
180 silly fetch manifest natural-compare@^1.4.0
181 silly packumentCache full:https://registry.npmjs.org/natural-compare cache-miss
182 http fetch GET 200 https://registry.npmjs.org/@eslint%2fconfig-helpers 658ms (cache miss)
183 silly packumentCache full:https://registry.npmjs.org/@eslint%2fconfig-helpers set size:undefined disposed:false
184 silly fetch manifest optionator@^0.9.3
185 silly packumentCache full:https://registry.npmjs.org/optionator cache-miss
186 http fetch GET 200 https://registry.npmjs.org/natural-compare 42ms (cache miss)
187 silly packumentCache full:https://registry.npmjs.org/natural-compare set size:undefined disposed:false
188 silly fetch manifest globals@16.4.0
189 silly packumentCache full:https://registry.npmjs.org/globals cache-miss
190 http fetch GET 200 https://registry.npmjs.org/minimatch 135ms (cache miss)
191 silly packumentCache full:https://registry.npmjs.org/minimatch set size:undefined disposed:false
192 silly fetch manifest typescript-eslint@^8.46.0
193 silly packumentCache full:https://registry.npmjs.org/typescript-eslint cache-miss
194 http fetch GET 200 https://registry.npmjs.org/espree 331ms (cache miss)
195 silly packumentCache full:https://registry.npmjs.org/espree set size:undefined disposed:false
196 silly fetch manifest eslint-plugin-react@^7.37.0
197 silly packumentCache full:https://registry.npmjs.org/eslint-plugin-react cache-miss
198 http fetch GET 200 https://registry.npmjs.org/json-stable-stringify-without-jsonify 185ms (cache miss)
199 silly packumentCache full:https://registry.npmjs.org/json-stable-stringify-without-jsonify set size:undefined disposed:false
200 silly fetch manifest eslint-plugin-import@^2.32.0
201 silly packumentCache full:https://registry.npmjs.org/eslint-plugin-import cache-miss
202 http fetch GET 200 https://registry.npmjs.org/@eslint-community%2fregexpp 818ms (cache miss)
203 silly packumentCache full:https://registry.npmjs.org/@eslint-community%2fregexpp set size:undefined disposed:false
204 silly fetch manifest eslint-plugin-jsx-a11y@^6.10.0
205 silly packumentCache full:https://registry.npmjs.org/eslint-plugin-jsx-a11y cache-miss
206 http fetch GET 200 https://registry.npmjs.org/eslint-plugin-jsx-a11y 131ms (cache miss)
207 silly packumentCache full:https://registry.npmjs.org/eslint-plugin-jsx-a11y set size:undefined disposed:false
208 silly fetch manifest @next/eslint-plugin-next@16.2.10
209 silly packumentCache full:https://registry.npmjs.org/@next%2feslint-plugin-next cache-miss
210 http fetch GET 200 https://registry.npmjs.org/debug 766ms (cache miss)
211 silly packumentCache full:https://registry.npmjs.org/debug set size:undefined disposed:false
212 silly fetch manifest eslint-plugin-react-hooks@^7.0.0
213 silly packumentCache full:https://registry.npmjs.org/eslint-plugin-react-hooks cache-miss
214 http fetch GET 200 https://registry.npmjs.org/eslint-visitor-keys 606ms (cache miss)
215 silly packumentCache full:https://registry.npmjs.org/eslint-visitor-keys set size:undefined disposed:false
216 silly fetch manifest eslint-import-resolver-node@^0.3.6
217 silly packumentCache full:https://registry.npmjs.org/eslint-import-resolver-node cache-miss
218 http fetch GET 200 https://registry.npmjs.org/globals 379ms (cache miss)
219 silly packumentCache full:https://registry.npmjs.org/globals set size:undefined disposed:false
220 silly fetch manifest eslint-import-resolver-typescript@^3.5.2
221 silly packumentCache full:https://registry.npmjs.org/eslint-import-resolver-typescript cache-miss
222 http fetch GET 200 https://registry.npmjs.org/eslint-plugin-react 292ms (cache miss)
223 silly packumentCache full:https://registry.npmjs.org/eslint-plugin-react set size:undefined disposed:false
224 silly fetch manifest postcss@8.4.31
225 silly packumentCache full:https://registry.npmjs.org/postcss cache-miss
226 http fetch GET 200 https://registry.npmjs.org/eslint-import-resolver-typescript 192ms (cache miss)
227 silly packumentCache full:https://registry.npmjs.org/eslint-import-resolver-typescript set size:undefined disposed:false
228 silly fetch manifest @next/env@16.2.10
229 silly packumentCache full:https://registry.npmjs.org/@next%2fenv cache-miss
230 http fetch GET 200 https://registry.npmjs.org/postcss 245ms (cache miss)
231 silly packumentCache full:https://registry.npmjs.org/postcss set size:undefined disposed:false
232 silly fetch manifest styled-jsx@5.1.6
233 silly packumentCache full:https://registry.npmjs.org/styled-jsx cache-miss
234 http fetch GET 200 https://registry.npmjs.org/optionator 731ms (cache miss)
235 silly packumentCache full:https://registry.npmjs.org/optionator set size:undefined disposed:false
236 silly fetch manifest @swc/helpers@0.5.15
237 silly packumentCache full:https://registry.npmjs.org/@swc%2fhelpers cache-miss
238 http fetch GET 200 https://registry.npmjs.org/glob-parent 1018ms (cache miss)
239 silly packumentCache full:https://registry.npmjs.org/glob-parent set size:undefined disposed:false
240 silly fetch manifest caniuse-lite@^1.0.30001579
241 silly packumentCache full:https://registry.npmjs.org/caniuse-lite cache-miss
242 http fetch GET 200 https://registry.npmjs.org/eslint-import-resolver-node 716ms (cache miss)
243 silly packumentCache full:https://registry.npmjs.org/eslint-import-resolver-node set size:undefined disposed:false
244 silly fetch manifest baseline-browser-mapping@^2.9.19
245 silly packumentCache full:https://registry.npmjs.org/baseline-browser-mapping cache-miss
246 http fetch GET 200 https://registry.npmjs.org/@swc%2fhelpers 408ms (cache miss)
247 silly packumentCache full:https://registry.npmjs.org/@swc%2fhelpers set size:undefined disposed:false
248 silly fetch manifest sharp@^0.34.5
249 silly packumentCache full:https://registry.npmjs.org/sharp cache-miss
250 http fetch GET 200 https://registry.npmjs.org/@eslint%2fplugin-kit 1837ms (cache miss)
251 silly packumentCache full:https://registry.npmjs.org/@eslint%2fplugin-kit set size:undefined disposed:false
252 silly fetch manifest @next/swc-darwin-x64@16.2.10
253 silly packumentCache full:https://registry.npmjs.org/@next%2fswc-darwin-x64 cache-miss
254 http fetch GET 200 https://registry.npmjs.org/styled-jsx 495ms (cache miss)
255 silly packumentCache full:https://registry.npmjs.org/styled-jsx set size:undefined disposed:false
256 silly fetch manifest @next/swc-darwin-arm64@16.2.10
257 silly packumentCache full:https://registry.npmjs.org/@next%2fswc-darwin-arm64 cache-miss
258 http fetch GET 200 https://registry.npmjs.org/sharp 668ms (cache miss)
259 silly packumentCache full:https://registry.npmjs.org/sharp set size:undefined disposed:false
260 silly fetch manifest @next/swc-linux-x64-gnu@16.2.10
261 silly packumentCache full:https://registry.npmjs.org/@next%2fswc-linux-x64-gnu cache-miss
262 http fetch GET 200 https://registry.npmjs.org/eslint-plugin-import 1746ms (cache miss)
263 silly packumentCache full:https://registry.npmjs.org/eslint-plugin-import set size:undefined disposed:false
264 silly fetch manifest @next/swc-linux-x64-musl@16.2.10
265 silly packumentCache full:https://registry.npmjs.org/@next%2fswc-linux-x64-musl cache-miss
266 http fetch GET 200 https://registry.npmjs.org/ignore 1985ms (cache miss)
267 silly packumentCache full:https://registry.npmjs.org/ignore set size:undefined disposed:false
268 silly fetch manifest @next/swc-win32-x64-msvc@16.2.10
269 silly packumentCache full:https://registry.npmjs.org/@next%2fswc-win32-x64-msvc cache-miss
270 http fetch GET 200 https://registry.npmjs.org/caniuse-lite 3106ms (cache miss)
271 silly packumentCache full:https://registry.npmjs.org/caniuse-lite set size:undefined disposed:false
272 silly fetch manifest @next/swc-linux-arm64-gnu@16.2.10
273 silly packumentCache full:https://registry.npmjs.org/@next%2fswc-linux-arm64-gnu cache-miss
274 http fetch GET 200 https://registry.npmjs.org/@next%2feslint-plugin-next 4476ms (cache miss)
275 silly packumentCache full:https://registry.npmjs.org/@next%2feslint-plugin-next set size:undefined disposed:false
276 silly fetch manifest @next/swc-linux-arm64-musl@16.2.10
277 silly packumentCache full:https://registry.npmjs.org/@next%2fswc-linux-arm64-musl cache-miss
278 http fetch GET 200 https://registry.npmjs.org/baseline-browser-mapping 3712ms (cache miss)
279 silly packumentCache full:https://registry.npmjs.org/baseline-browser-mapping set size:undefined disposed:false
280 silly fetch manifest @next/swc-win32-arm64-msvc@16.2.10
281 silly packumentCache full:https://registry.npmjs.org/@next%2fswc-win32-arm64-msvc cache-miss
282 http fetch GET 200 https://registry.npmjs.org/@next%2fswc-linux-x64-musl 3654ms (cache miss)
283 silly packumentCache full:https://registry.npmjs.org/@next%2fswc-linux-x64-musl set size:undefined disposed:false
284 silly fetch manifest scheduler@^0.27.0
285 silly packumentCache full:https://registry.npmjs.org/scheduler cache-miss
286 http fetch GET 200 https://registry.npmjs.org/@next%2fenv 5044ms (cache miss)
287 silly packumentCache full:https://registry.npmjs.org/@next%2fenv set size:undefined disposed:false
288 silly fetch manifest @typescript/typescript-aix-ppc64@7.0.2
289 silly packumentCache full:https://registry.npmjs.org/@typescript%2ftypescript-aix-ppc64 cache-miss
290 http fetch GET 200 https://registry.npmjs.org/@typescript%2ftypescript-aix-ppc64 264ms (cache miss)
291 silly packumentCache full:https://registry.npmjs.org/@typescript%2ftypescript-aix-ppc64 set size:undefined disposed:false
292 silly fetch manifest @typescript/typescript-linux-arm@7.0.2
293 silly packumentCache full:https://registry.npmjs.org/@typescript%2ftypescript-linux-arm cache-miss
294 http fetch GET 200 https://registry.npmjs.org/@next%2fswc-linux-x64-gnu 4613ms (cache miss)
295 silly packumentCache full:https://registry.npmjs.org/@next%2fswc-linux-x64-gnu set size:undefined disposed:false
296 silly fetch manifest @typescript/typescript-linux-x64@7.0.2
297 silly packumentCache full:https://registry.npmjs.org/@typescript%2ftypescript-linux-x64 cache-miss
298 http fetch GET 200 https://registry.npmjs.org/@next%2fswc-win32-x64-msvc 4597ms (cache miss)
299 silly packumentCache full:https://registry.npmjs.org/@next%2fswc-win32-x64-msvc set size:undefined disposed:false
300 silly fetch manifest @typescript/typescript-sunos-x64@7.0.2
301 silly packumentCache full:https://registry.npmjs.org/@typescript%2ftypescript-sunos-x64 cache-miss
302 http fetch GET 200 https://registry.npmjs.org/@typescript%2ftypescript-linux-arm 702ms (cache miss)
303 silly packumentCache full:https://registry.npmjs.org/@typescript%2ftypescript-linux-arm set size:undefined disposed:false
304 silly fetch manifest @typescript/typescript-win32-x64@7.0.2
305 silly packumentCache full:https://registry.npmjs.org/@typescript%2ftypescript-win32-x64 cache-miss
306 http fetch GET 200 https://registry.npmjs.org/@typescript%2ftypescript-sunos-x64 373ms (cache miss)
307 silly packumentCache full:https://registry.npmjs.org/@typescript%2ftypescript-sunos-x64 set size:undefined disposed:false
308 silly fetch manifest @typescript/typescript-darwin-x64@7.0.2
309 silly packumentCache full:https://registry.npmjs.org/@typescript%2ftypescript-darwin-x64 cache-miss
310 http fetch GET 200 https://registry.npmjs.org/@typescript%2ftypescript-win32-x64 302ms (cache miss)
311 silly packumentCache full:https://registry.npmjs.org/@typescript%2ftypescript-win32-x64 set size:undefined disposed:false
312 silly fetch manifest @typescript/typescript-netbsd-x64@7.0.2
313 silly packumentCache full:https://registry.npmjs.org/@typescript%2ftypescript-netbsd-x64 cache-miss
314 http fetch GET 200 https://registry.npmjs.org/@typescript%2ftypescript-linux-x64 725ms (cache miss)
315 silly packumentCache full:https://registry.npmjs.org/@typescript%2ftypescript-linux-x64 set size:undefined disposed:false
316 silly fetch manifest @typescript/typescript-freebsd-x64@7.0.2
317 silly packumentCache full:https://registry.npmjs.org/@typescript%2ftypescript-freebsd-x64 cache-miss
318 http fetch GET 200 https://registry.npmjs.org/@typescript%2ftypescript-darwin-x64 345ms (cache miss)
319 silly packumentCache full:https://registry.npmjs.org/@typescript%2ftypescript-darwin-x64 set size:undefined disposed:false
320 silly fetch manifest @typescript/typescript-linux-arm64@7.0.2
321 silly packumentCache full:https://registry.npmjs.org/@typescript%2ftypescript-linux-arm64 cache-miss
322 http fetch GET 200 https://registry.npmjs.org/@typescript%2ftypescript-netbsd-x64 618ms (cache miss)
323 silly packumentCache full:https://registry.npmjs.org/@typescript%2ftypescript-netbsd-x64 set size:undefined disposed:false
324 silly fetch manifest @typescript/typescript-linux-ppc64@7.0.2
325 silly packumentCache full:https://registry.npmjs.org/@typescript%2ftypescript-linux-ppc64 cache-miss
326 http fetch GET 200 https://registry.npmjs.org/@typescript%2ftypescript-linux-arm64 371ms (cache miss)
327 silly packumentCache full:https://registry.npmjs.org/@typescript%2ftypescript-linux-arm64 set size:undefined disposed:false
328 silly fetch manifest @typescript/typescript-linux-s390x@7.0.2
329 silly packumentCache full:https://registry.npmjs.org/@typescript%2ftypescript-linux-s390x cache-miss
330 http fetch GET 200 https://registry.npmjs.org/@typescript%2ftypescript-freebsd-x64 677ms (cache miss)
331 silly packumentCache full:https://registry.npmjs.org/@typescript%2ftypescript-freebsd-x64 set size:undefined disposed:false
332 silly fetch manifest @typescript/typescript-openbsd-x64@7.0.2
333 silly packumentCache full:https://registry.npmjs.org/@typescript%2ftypescript-openbsd-x64 cache-miss
334 http fetch GET 200 https://registry.npmjs.org/@next%2fswc-darwin-arm64 6782ms (cache miss)
335 silly packumentCache full:https://registry.npmjs.org/@next%2fswc-darwin-arm64 set size:undefined disposed:false
336 silly fetch manifest @typescript/typescript-win32-arm64@7.0.2
337 silly packumentCache full:https://registry.npmjs.org/@typescript%2ftypescript-win32-arm64 cache-miss
338 http fetch GET 200 https://registry.npmjs.org/@typescript%2ftypescript-linux-s390x 382ms (cache miss)
339 silly packumentCache full:https://registry.npmjs.org/@typescript%2ftypescript-linux-s390x set size:undefined disposed:false
340 silly fetch manifest @typescript/typescript-darwin-arm64@7.0.2
341 silly packumentCache full:https://registry.npmjs.org/@typescript%2ftypescript-darwin-arm64 cache-miss
342 http fetch GET 200 https://registry.npmjs.org/@next%2fswc-linux-arm64-gnu 4276ms (cache miss)
343 silly packumentCache full:https://registry.npmjs.org/@next%2fswc-linux-arm64-gnu set size:undefined disposed:false
344 silly fetch manifest @typescript/typescript-netbsd-arm64@7.0.2
345 silly packumentCache full:https://registry.npmjs.org/@typescript%2ftypescript-netbsd-arm64 cache-miss
346 http fetch GET 200 https://registry.npmjs.org/@next%2fswc-linux-arm64-musl 3632ms (cache miss)
347 silly packumentCache full:https://registry.npmjs.org/@next%2fswc-linux-arm64-musl set size:undefined disposed:false
348 silly fetch manifest @typescript/typescript-freebsd-arm64@7.0.2
349 silly packumentCache full:https://registry.npmjs.org/@typescript%2ftypescript-freebsd-arm64 cache-miss
350 http fetch GET 200 https://registry.npmjs.org/@typescript%2ftypescript-linux-ppc64 889ms (cache miss)
351 silly packumentCache full:https://registry.npmjs.org/@typescript%2ftypescript-linux-ppc64 set size:undefined disposed:false
352 silly fetch manifest @typescript/typescript-linux-loong64@7.0.2
353 silly packumentCache full:https://registry.npmjs.org/@typescript%2ftypescript-linux-loong64 cache-miss
354 http fetch GET 200 https://registry.npmjs.org/scheduler 2958ms (cache miss)
355 silly packumentCache full:https://registry.npmjs.org/scheduler set size:undefined disposed:false
356 silly fetch manifest @typescript/typescript-linux-riscv64@7.0.2
357 silly packumentCache full:https://registry.npmjs.org/@typescript%2ftypescript-linux-riscv64 cache-miss
358 http fetch GET 200 https://registry.npmjs.org/@typescript%2ftypescript-netbsd-arm64 256ms (cache miss)
359 silly packumentCache full:https://registry.npmjs.org/@typescript%2ftypescript-netbsd-arm64 set size:undefined disposed:false
360 silly fetch manifest @typescript/typescript-openbsd-arm64@7.0.2
361 silly packumentCache full:https://registry.npmjs.org/@typescript%2ftypescript-openbsd-arm64 cache-miss
362 http fetch GET 200 https://registry.npmjs.org/@typescript%2ftypescript-openbsd-x64 777ms (cache miss)
363 silly packumentCache full:https://registry.npmjs.org/@typescript%2ftypescript-openbsd-x64 set size:undefined disposed:false
364 silly fetch manifest @typescript/typescript-linux-mips64el@7.0.2
365 silly packumentCache full:https://registry.npmjs.org/@typescript%2ftypescript-linux-mips64el cache-miss
366 http fetch GET 200 https://registry.npmjs.org/@typescript%2ftypescript-win32-arm64 651ms (cache miss)
367 silly packumentCache full:https://registry.npmjs.org/@typescript%2ftypescript-win32-arm64 set size:undefined disposed:false
368 http fetch GET 200 https://registry.npmjs.org/@typescript%2ftypescript-darwin-arm64 706ms (cache miss)
369 silly packumentCache full:https://registry.npmjs.org/@typescript%2ftypescript-darwin-arm64 set size:undefined disposed:false
370 http fetch GET 200 https://registry.npmjs.org/@typescript%2ftypescript-linux-loong64 482ms (cache miss)
371 silly packumentCache full:https://registry.npmjs.org/@typescript%2ftypescript-linux-loong64 set size:undefined disposed:false
372 http fetch GET 200 https://registry.npmjs.org/@typescript%2ftypescript-linux-mips64el 490ms (cache miss)
373 silly packumentCache full:https://registry.npmjs.org/@typescript%2ftypescript-linux-mips64el set size:undefined disposed:false
374 http fetch GET 200 https://registry.npmjs.org/@typescript%2ftypescript-linux-riscv64 582ms (cache miss)
375 silly packumentCache full:https://registry.npmjs.org/@typescript%2ftypescript-linux-riscv64 set size:undefined disposed:false
376 http fetch GET 200 https://registry.npmjs.org/@typescript%2ftypescript-openbsd-arm64 702ms (cache miss)
377 silly packumentCache full:https://registry.npmjs.org/@typescript%2ftypescript-openbsd-arm64 set size:undefined disposed:false
378 http fetch GET 200 https://registry.npmjs.org/@typescript%2ftypescript-freebsd-arm64 860ms (cache miss)
379 silly packumentCache full:https://registry.npmjs.org/@typescript%2ftypescript-freebsd-arm64 set size:undefined disposed:false
380 http fetch GET 200 https://registry.npmjs.org/@next%2fswc-darwin-x64 8198ms (cache miss)
381 silly packumentCache full:https://registry.npmjs.org/@next%2fswc-darwin-x64 set size:undefined disposed:false
382 http fetch GET 200 https://registry.npmjs.org/@next%2fswc-win32-arm64-msvc 4622ms (cache miss)
383 silly packumentCache full:https://registry.npmjs.org/@next%2fswc-win32-arm64-msvc set size:undefined disposed:false
384 http fetch GET 200 https://registry.npmjs.org/typescript-eslint 9632ms (cache miss)
385 silly packumentCache full:https://registry.npmjs.org/typescript-eslint set size:undefined disposed:false
386 http fetch GET 200 https://registry.npmjs.org/eslint-plugin-react-hooks 9980ms (cache miss)
387 silly packumentCache full:https://registry.npmjs.org/eslint-plugin-react-hooks set size:undefined disposed:false
388 silly placeDep ROOT undici-types@8.3.0 OK for: @types/node@26.1.1 want: ~8.3.0
389 silly placeDep ROOT csstype@3.2.3 OK for: @types/react@19.2.17 want: ^3.2.2
390 silly fetch manifest eslint@^6.0.0 || ^7.0.0 || >=8.0.0
391 silly packumentCache full:https://registry.npmjs.org/eslint cache-miss
392 http cache https://registry.npmjs.org/eslint 23ms (cache hit)
393 silly packumentCache full:https://registry.npmjs.org/eslint set size:2033084 disposed:false
394 silly placeDep ROOT @eslint-community/eslint-utils@4.9.1 OK for: eslint@10.7.0 want: ^4.8.0
395 silly placeDep ROOT @eslint-community/regexpp@4.12.2 OK for: eslint@10.7.0 want: ^4.12.2
396 silly placeDep ROOT @eslint/config-array@0.23.5 OK for: eslint@10.7.0 want: ^0.23.5
397 silly placeDep ROOT @eslint/config-helpers@0.6.0 OK for: eslint@10.7.0 want: ^0.6.0
398 silly placeDep ROOT @eslint/core@1.2.1 OK for: eslint@10.7.0 want: ^1.2.1
399 silly placeDep ROOT @eslint/plugin-kit@0.7.2 OK for: eslint@10.7.0 want: ^0.7.2
400 silly placeDep ROOT @humanfs/node@0.16.8 OK for: eslint@10.7.0 want: ^0.16.6
401 silly placeDep ROOT @humanwhocodes/module-importer@1.0.1 OK for: eslint@10.7.0 want: ^1.0.1
402 silly placeDep ROOT @humanwhocodes/retry@0.4.3 OK for: eslint@10.7.0 want: ^0.4.2
403 silly placeDep ROOT @types/estree@1.0.9 OK for: eslint@10.7.0 want: ^1.0.6
404 silly placeDep ROOT ajv@6.15.0 OK for: eslint@10.7.0 want: ^6.14.0
405 silly placeDep ROOT cross-spawn@7.0.6 OK for: eslint@10.7.0 want: ^7.0.6
406 silly placeDep ROOT debug@4.4.3 OK for: eslint@10.7.0 want: ^4.3.2
407 silly placeDep ROOT escape-string-regexp@4.0.0 OK for: eslint@10.7.0 want: ^4.0.0
408 silly placeDep ROOT eslint-scope@9.1.2 OK for: eslint@10.7.0 want: ^9.1.2
409 silly placeDep ROOT eslint-visitor-keys@5.0.1 OK for: eslint@10.7.0 want: ^5.0.1
410 silly placeDep ROOT espree@11.2.0 OK for: eslint@10.7.0 want: ^11.2.0
411 silly placeDep ROOT esquery@1.7.0 OK for: eslint@10.7.0 want: ^1.7.0
412 silly placeDep ROOT esutils@2.0.3 OK for: eslint@10.7.0 want: ^2.0.2
413 silly placeDep ROOT fast-deep-equal@3.1.3 OK for: eslint@10.7.0 want: ^3.1.3
414 silly placeDep ROOT file-entry-cache@8.0.0 OK for: eslint@10.7.0 want: ^8.0.0
415 silly placeDep ROOT find-up@5.0.0 OK for: eslint@10.7.0 want: ^5.0.0
416 silly placeDep ROOT glob-parent@6.0.2 OK for: eslint@10.7.0 want: ^6.0.2
417 silly placeDep ROOT ignore@5.3.2 OK for: eslint@10.7.0 want: ^5.2.0
418 silly placeDep ROOT imurmurhash@0.1.4 OK for: eslint@10.7.0 want: ^0.1.4
419 silly placeDep ROOT is-glob@4.0.3 OK for: eslint@10.7.0 want: ^4.0.0
420 silly placeDep ROOT json-stable-stringify-without-jsonify@1.0.1 OK for: eslint@10.7.0 want: ^1.0.1
421 silly placeDep ROOT minimatch@10.2.5 OK for: eslint@10.7.0 want: ^10.2.4
422 silly placeDep ROOT natural-compare@1.4.0 OK for: eslint@10.7.0 want: ^1.4.0
423 silly placeDep ROOT optionator@0.9.4 OK for: eslint@10.7.0 want: ^0.9.3
424 silly fetch manifest eslint-visitor-keys@^3.4.3
425 silly packumentCache full:https://registry.npmjs.org/eslint-visitor-keys cache-miss
426 silly fetch manifest @eslint/object-schema@^3.0.5
427 silly packumentCache full:https://registry.npmjs.org/@eslint%2fobject-schema cache-miss
428 silly fetch manifest debug@^4.3.1
429 silly packumentCache full:https://registry.npmjs.org/debug cache-miss
430 silly fetch manifest @types/json-schema@^7.0.15
431 silly packumentCache full:https://registry.npmjs.org/@types%2fjson-schema cache-miss
432 silly fetch manifest levn@^0.4.1
433 silly packumentCache full:https://registry.npmjs.org/levn cache-miss
434 silly fetch manifest @humanwhocodes/retry@^0.4.0
435 silly packumentCache full:https://registry.npmjs.org/@humanwhocodes%2fretry cache-miss
436 silly fetch manifest @humanfs/core@^0.19.2
437 silly packumentCache full:https://registry.npmjs.org/@humanfs%2fcore cache-miss
438 silly fetch manifest @humanfs/types@^0.15.0
439 silly packumentCache full:https://registry.npmjs.org/@humanfs%2ftypes cache-miss
440 silly fetch manifest uri-js@^4.2.2
441 silly packumentCache full:https://registry.npmjs.org/uri-js cache-miss
442 silly fetch manifest fast-deep-equal@^3.1.1
443 silly packumentCache full:https://registry.npmjs.org/fast-deep-equal cache-miss
444 silly fetch manifest json-schema-traverse@^0.4.1
445 silly packumentCache full:https://registry.npmjs.org/json-schema-traverse cache-miss
446 http cache https://registry.npmjs.org/eslint-visitor-keys 24ms (cache hit)
447 silly packumentCache full:https://registry.npmjs.org/eslint-visitor-keys set size:69949 disposed:false
448 silly fetch manifest fast-json-stable-stringify@^2.0.0
449 silly packumentCache full:https://registry.npmjs.org/fast-json-stable-stringify cache-miss
450 http cache https://registry.npmjs.org/debug 26ms (cache hit)
451 silly packumentCache full:https://registry.npmjs.org/debug set size:195840 disposed:false
452 silly fetch manifest which@^2.0.1
453 silly packumentCache full:https://registry.npmjs.org/which cache-miss
454 http cache https://registry.npmjs.org/@humanwhocodes%2fretry 29ms (cache hit)
455 silly packumentCache full:https://registry.npmjs.org/@humanwhocodes%2fretry set size:42348 disposed:false
456 silly fetch manifest path-key@^3.1.0
457 silly packumentCache full:https://registry.npmjs.org/path-key cache-miss
458 http cache https://registry.npmjs.org/fast-deep-equal 31ms (cache hit)
459 silly packumentCache full:https://registry.npmjs.org/fast-deep-equal set size:48634 disposed:false
460 silly fetch manifest shebang-command@^2.0.0
461 silly packumentCache full:https://registry.npmjs.org/shebang-command cache-miss
462 http fetch GET 200 https://registry.npmjs.org/uri-js 57ms (cache miss)
463 silly packumentCache full:https://registry.npmjs.org/uri-js set size:undefined disposed:false
464 silly fetch manifest ms@^2.1.3
465 silly packumentCache full:https://registry.npmjs.org/ms cache-miss
466 http fetch GET 200 https://registry.npmjs.org/@humanfs%2fcore 77ms (cache miss)
467 silly packumentCache full:https://registry.npmjs.org/@humanfs%2fcore set size:undefined disposed:false
468 silly fetch manifest @types/esrecurse@^4.3.1
469 silly packumentCache full:https://registry.npmjs.org/@types%2fesrecurse cache-miss
470 http fetch GET 200 https://registry.npmjs.org/json-schema-traverse 77ms (cache miss)
471 silly packumentCache full:https://registry.npmjs.org/json-schema-traverse set size:undefined disposed:false
472 silly fetch manifest esrecurse@^4.3.0
473 silly packumentCache full:https://registry.npmjs.org/esrecurse cache-miss
474 http fetch GET 200 https://registry.npmjs.org/which 83ms (cache miss)
475 silly packumentCache full:https://registry.npmjs.org/which set size:undefined disposed:false
476 silly fetch manifest estraverse@^5.2.0
477 silly packumentCache full:https://registry.npmjs.org/estraverse cache-miss
478 http fetch GET 200 https://registry.npmjs.org/@eslint%2fobject-schema 140ms (cache miss)
479 silly packumentCache full:https://registry.npmjs.org/@eslint%2fobject-schema set size:undefined disposed:false
480 silly fetch manifest acorn@^8.16.0
481 silly packumentCache full:https://registry.npmjs.org/acorn cache-miss
482 http fetch GET 200 https://registry.npmjs.org/esrecurse 60ms (cache miss)
483 silly packumentCache full:https://registry.npmjs.org/esrecurse set size:undefined disposed:false
484 silly fetch manifest acorn-jsx@^5.3.2
485 silly packumentCache full:https://registry.npmjs.org/acorn-jsx cache-miss
486 http fetch GET 200 https://registry.npmjs.org/shebang-command 113ms (cache miss)
487 silly packumentCache full:https://registry.npmjs.org/shebang-command set size:undefined disposed:false
488 silly fetch manifest estraverse@^5.1.0
489 silly packumentCache full:https://registry.npmjs.org/estraverse cache-miss
490 http fetch GET 200 https://registry.npmjs.org/levn 159ms (cache miss)
491 silly packumentCache full:https://registry.npmjs.org/levn set size:undefined disposed:false
492 silly fetch manifest flat-cache@^4.0.0
493 silly packumentCache full:https://registry.npmjs.org/flat-cache cache-miss
494 http fetch GET 200 https://registry.npmjs.org/estraverse 77ms (cache miss)
495 silly packumentCache full:https://registry.npmjs.org/estraverse set size:undefined disposed:false
496 silly fetch manifest locate-path@^6.0.0
497 silly packumentCache full:https://registry.npmjs.org/locate-path cache-miss
498 http fetch GET 200 https://registry.npmjs.org/@types%2fesrecurse 171ms (cache miss)
499 silly packumentCache full:https://registry.npmjs.org/@types%2fesrecurse set size:undefined disposed:false
500 silly fetch manifest path-exists@^4.0.0
501 silly packumentCache full:https://registry.npmjs.org/path-exists cache-miss
502 http fetch GET 200 https://registry.npmjs.org/acorn 138ms (cache miss)
503 silly packumentCache full:https://registry.npmjs.org/acorn set size:undefined disposed:false
504 silly fetch manifest is-glob@^4.0.3
505 silly packumentCache full:https://registry.npmjs.org/is-glob cache-miss
506 http cache https://registry.npmjs.org/is-glob 17ms (cache hit)
507 silly packumentCache full:https://registry.npmjs.org/is-glob set size:40530 disposed:false
508 silly fetch manifest is-extglob@^2.1.1
509 silly packumentCache full:https://registry.npmjs.org/is-extglob cache-miss
510 http fetch GET 200 https://registry.npmjs.org/path-exists 54ms (cache miss)
511 silly packumentCache full:https://registry.npmjs.org/path-exists set size:undefined disposed:false
512 silly fetch manifest brace-expansion@^5.0.5
513 silly packumentCache full:https://registry.npmjs.org/brace-expansion cache-miss
514 http fetch GET 200 https://registry.npmjs.org/locate-path 78ms (cache miss)
515 silly packumentCache full:https://registry.npmjs.org/locate-path set size:undefined disposed:false
516 silly fetch manifest prelude-ls@^1.2.1
517 silly packumentCache full:https://registry.npmjs.org/prelude-ls cache-miss
518 http fetch GET 200 https://registry.npmjs.org/path-key 290ms (cache miss)
519 silly packumentCache full:https://registry.npmjs.org/path-key set size:undefined disposed:false
520 silly fetch manifest deep-is@^0.1.3
521 silly packumentCache full:https://registry.npmjs.org/deep-is cache-miss
522 http fetch GET 200 https://registry.npmjs.org/acorn-jsx 188ms (cache miss)
523 silly packumentCache full:https://registry.npmjs.org/acorn-jsx set size:undefined disposed:false
524 silly fetch manifest word-wrap@^1.2.5
525 silly packumentCache full:https://registry.npmjs.org/word-wrap cache-miss
526 http fetch GET 200 https://registry.npmjs.org/@types%2fjson-schema 338ms (cache miss)
527 silly packumentCache full:https://registry.npmjs.org/@types%2fjson-schema set size:undefined disposed:false
528 silly fetch manifest type-check@^0.4.0
529 silly packumentCache full:https://registry.npmjs.org/type-check cache-miss
530 http fetch GET 200 https://registry.npmjs.org/deep-is 51ms (cache miss)
531 silly packumentCache full:https://registry.npmjs.org/deep-is set size:undefined disposed:false
532 silly fetch manifest fast-levenshtein@^2.0.6
533 silly packumentCache full:https://registry.npmjs.org/fast-levenshtein cache-miss
534 http fetch GET 200 https://registry.npmjs.org/brace-expansion 75ms (cache miss)
535 silly packumentCache full:https://registry.npmjs.org/brace-expansion set size:undefined disposed:false
536 http fetch GET 200 https://registry.npmjs.org/prelude-ls 72ms (cache miss)
537 silly packumentCache full:https://registry.npmjs.org/prelude-ls set size:undefined disposed:false
538 http fetch GET 200 https://registry.npmjs.org/fast-json-stable-stringify 363ms (cache miss)
539 silly packumentCache full:https://registry.npmjs.org/fast-json-stable-stringify set size:undefined disposed:false
540 http fetch GET 200 https://registry.npmjs.org/ms 327ms (cache miss)
541 silly packumentCache full:https://registry.npmjs.org/ms set size:undefined disposed:false
542 http fetch GET 200 https://registry.npmjs.org/flat-cache 251ms (cache miss)
543 silly packumentCache full:https://registry.npmjs.org/flat-cache set size:undefined disposed:false
544 http fetch GET 200 https://registry.npmjs.org/type-check 75ms (cache miss)
545 silly packumentCache full:https://registry.npmjs.org/type-check set size:undefined disposed:false
546 http fetch GET 200 https://registry.npmjs.org/estraverse 313ms (cache miss)
547 silly packumentCache full:https://registry.npmjs.org/estraverse set size:undefined disposed:false
548 http fetch GET 200 https://registry.npmjs.org/fast-levenshtein 54ms (cache miss)
549 silly packumentCache full:https://registry.npmjs.org/fast-levenshtein set size:undefined disposed:false
550 http fetch GET 200 https://registry.npmjs.org/word-wrap 145ms (cache miss)
551 silly packumentCache full:https://registry.npmjs.org/word-wrap set size:undefined disposed:false
552 http fetch GET 200 https://registry.npmjs.org/@humanfs%2ftypes 525ms (cache miss)
553 silly packumentCache full:https://registry.npmjs.org/@humanfs%2ftypes set size:undefined disposed:false
554 http fetch GET 200 https://registry.npmjs.org/is-extglob 288ms (cache miss)
555 silly packumentCache full:https://registry.npmjs.org/is-extglob set size:undefined disposed:false
556 silly placeDep node_modules/@eslint-community/eslint-utils eslint-visitor-keys@3.4.3 OK for: @eslint-community/eslint-utils@4.9.1 want: ^3.4.3
557 silly placeDep ROOT @eslint/object-schema@3.0.5 OK for: @eslint/config-array@0.23.5 want: ^3.0.5
558 silly placeDep ROOT @types/json-schema@7.0.15 OK for: @eslint/core@1.2.1 want: ^7.0.15
559 silly placeDep ROOT levn@0.4.1 OK for: @eslint/plugin-kit@0.7.2 want: ^0.4.1
560 silly fetch manifest type-check@~0.4.0
561 silly packumentCache full:https://registry.npmjs.org/type-check cache-miss
562 http cache https://registry.npmjs.org/type-check 8ms (cache hit)
563 silly packumentCache full:https://registry.npmjs.org/type-check set size:21221 disposed:false
564 silly placeDep ROOT @humanfs/core@0.19.2 OK for: @humanfs/node@0.16.8 want: ^0.19.2
565 silly placeDep ROOT @humanfs/types@0.15.0 OK for: @humanfs/node@0.16.8 want: ^0.15.0
566 silly placeDep ROOT fast-json-stable-stringify@2.1.0 OK for: ajv@6.15.0 want: ^2.0.0
567 silly placeDep ROOT json-schema-traverse@0.4.1 OK for: ajv@6.15.0 want: ^0.4.1
568 silly placeDep ROOT uri-js@4.4.1 OK for: ajv@6.15.0 want: ^4.2.2
569 silly fetch manifest punycode@^2.1.0
570 silly packumentCache full:https://registry.npmjs.org/punycode cache-miss
571 http fetch GET 200 https://registry.npmjs.org/punycode 328ms (cache miss)
572 silly packumentCache full:https://registry.npmjs.org/punycode set size:undefined disposed:false
573 silly placeDep ROOT path-key@3.1.1 OK for: cross-spawn@7.0.6 want: ^3.1.0
574 silly placeDep ROOT shebang-command@2.0.0 OK for: cross-spawn@7.0.6 want: ^2.0.0
575 silly placeDep ROOT which@2.0.2 OK for: cross-spawn@7.0.6 want: ^2.0.1
576 silly fetch manifest shebang-regex@^3.0.0
577 silly packumentCache full:https://registry.npmjs.org/shebang-regex cache-miss
578 silly fetch manifest isexe@^2.0.0
579 silly packumentCache full:https://registry.npmjs.org/isexe cache-miss
580 http fetch GET 200 https://registry.npmjs.org/isexe 55ms (cache miss)
581 silly packumentCache full:https://registry.npmjs.org/isexe set size:undefined disposed:false
582 http fetch GET 200 https://registry.npmjs.org/shebang-regex 64ms (cache miss)
583 silly packumentCache full:https://registry.npmjs.org/shebang-regex set size:undefined disposed:false
584 silly placeDep ROOT ms@2.1.3 OK for: debug@4.4.3 want: ^2.1.3
585 silly fetch manifest eslint@>=9.0.0
586 silly packumentCache full:https://registry.npmjs.org/eslint cache-miss
587 http cache https://registry.npmjs.org/eslint 18ms (cache hit)
588 silly packumentCache full:https://registry.npmjs.org/eslint set size:2033084 disposed:false
589 silly fetch manifest typescript@>=3.3.1
590 silly packumentCache full:https://registry.npmjs.org/typescript cache-miss
591 http cache https://registry.npmjs.org/typescript 58ms (cache hit)
592 silly packumentCache full:https://registry.npmjs.org/typescript set size:15443961 disposed:false
593 silly fetch manifest typescript@>=4.8.4 <6.1.0
594 silly packumentCache full:https://registry.npmjs.org/typescript cache-miss
595 http cache https://registry.npmjs.org/typescript 45ms (cache hit)
596 silly packumentCache full:https://registry.npmjs.org/typescript set size:15443961 disposed:false
597 silly fetch manifest eslint@^3 || ^4 || ^5 || ^6 || ^7 || ^8 || ^9.7
598 silly packumentCache full:https://registry.npmjs.org/eslint cache-miss
599 http cache https://registry.npmjs.org/eslint 18ms (cache hit)
600 silly packumentCache full:https://registry.npmjs.org/eslint set size:2033084 disposed:false
601 silly fetch manifest eslint@^2 || ^3 || ^4 || ^5 || ^6 || ^7.2.0 || ^8 || ^9
602 silly packumentCache full:https://registry.npmjs.org/eslint cache-miss
603 http cache https://registry.npmjs.org/eslint 11ms (cache hit)
604 silly packumentCache full:https://registry.npmjs.org/eslint set size:2033084 disposed:false
605 silly fetch manifest eslint@^3 || ^4 || ^5 || ^6 || ^7 || ^8 || ^9
606 silly packumentCache full:https://registry.npmjs.org/eslint cache-miss
607 http cache https://registry.npmjs.org/eslint 16ms (cache hit)
608 silly packumentCache full:https://registry.npmjs.org/eslint set size:2033084 disposed:false
609 silly fetch manifest eslint-plugin-import-x@*
610 silly packumentCache full:https://registry.npmjs.org/eslint-plugin-import-x cache-miss
611 http fetch GET 200 https://registry.npmjs.org/eslint-plugin-import-x 149ms (cache miss)
612 silly packumentCache full:https://registry.npmjs.org/eslint-plugin-import-x set size:undefined disposed:false
613 silly fetch manifest @typescript-eslint/utils@^8.56.0
614 silly packumentCache full:https://registry.npmjs.org/@typescript-eslint%2futils cache-miss
615 http fetch GET 200 https://registry.npmjs.org/@typescript-eslint%2futils 1386ms (cache miss)
616 silly packumentCache full:https://registry.npmjs.org/@typescript-eslint%2futils set size:undefined disposed:false
617 silly placeDep ROOT @next/eslint-plugin-next@16.2.10 OK for: eslint-config-next@16.2.10 want: 16.2.10
618 silly placeDep ROOT eslint-import-resolver-node@0.3.10 OK for: eslint-config-next@16.2.10 want: ^0.3.6
619 silly placeDep ROOT eslint-import-resolver-typescript@3.10.1 OK for: eslint-config-next@16.2.10 want: ^3.5.2
620 silly placeDep ROOT eslint-plugin-import@2.32.0 OK for: eslint-config-next@16.2.10 want: ^2.32.0
621 silly placeDep ROOT eslint@9.39.5 REPLACE for: eslint-plugin-import@2.32.0 want: ^2 || ^3 || ^4 || ^5 || ^6 || ^7.2.0 || ^8 || ^9
622 silly placeDep ROOT eslint-plugin-jsx-a11y@6.10.2 OK for: eslint-config-next@16.2.10 want: ^6.10.0
623 silly placeDep ROOT eslint-plugin-react@7.37.5 OK for: eslint-config-next@16.2.10 want: ^7.37.0
624 silly placeDep ROOT eslint-plugin-react-hooks@7.1.1 OK for: eslint-config-next@16.2.10 want: ^7.0.0
625 silly placeDep ROOT globals@16.4.0 OK for: eslint-config-next@16.2.10 want: 16.4.0
626 silly placeDep ROOT typescript-eslint@8.64.0 OK for: eslint-config-next@16.2.10 want: ^8.46.0
627 silly placeDep ROOT typescript@6.0.3 REPLACE for: typescript-eslint@8.64.0 want: >=4.8.4 <6.1.0
628 silly fetch manifest fast-glob@3.3.1
629 silly packumentCache full:https://registry.npmjs.org/fast-glob cache-miss
630 silly fetch manifest debug@^3.2.7
631 silly packumentCache full:https://registry.npmjs.org/debug cache-hit
632 silly fetch manifest resolve@^2.0.0-next.6
633 silly packumentCache full:https://registry.npmjs.org/resolve cache-miss
634 silly fetch manifest is-core-module@^2.16.1
635 silly packumentCache full:https://registry.npmjs.org/is-core-module cache-miss
636 silly fetch manifest tinyglobby@^0.2.13
637 silly packumentCache full:https://registry.npmjs.org/tinyglobby cache-miss
638 silly fetch manifest stable-hash@^0.0.5
639 silly packumentCache full:https://registry.npmjs.org/stable-hash cache-miss
640 silly fetch manifest get-tsconfig@^4.10.0
641 silly packumentCache full:https://registry.npmjs.org/get-tsconfig cache-miss
642 silly fetch manifest is-bun-module@^2.0.0
643 silly packumentCache full:https://registry.npmjs.org/is-bun-module cache-miss
644 silly fetch manifest unrs-resolver@^1.6.2
645 silly packumentCache full:https://registry.npmjs.org/unrs-resolver cache-miss
646 silly fetch manifest @nolyfill/is-core-module@1.0.39
647 silly packumentCache full:https://registry.npmjs.org/@nolyfill%2fis-core-module cache-miss
648 silly fetch manifest @rtsao/scc@^1.1.0
649 silly packumentCache full:https://registry.npmjs.org/@rtsao%2fscc cache-miss
650 silly fetch manifest array-includes@^3.1.9
651 silly packumentCache full:https://registry.npmjs.org/array-includes cache-miss
652 http fetch GET 200 https://registry.npmjs.org/stable-hash 48ms (cache miss)
653 silly packumentCache full:https://registry.npmjs.org/stable-hash set size:undefined disposed:false
654 silly fetch manifest array.prototype.findlastindex@^1.2.6
655 silly packumentCache full:https://registry.npmjs.org/array.prototype.findlastindex cache-miss
656 http fetch GET 200 https://registry.npmjs.org/is-bun-module 95ms (cache miss)
657 silly packumentCache full:https://registry.npmjs.org/is-bun-module set size:undefined disposed:false
658 silly fetch manifest array.prototype.flat@^1.3.3
659 silly packumentCache full:https://registry.npmjs.org/array.prototype.flat cache-miss
660 http fetch GET 200 https://registry.npmjs.org/array-includes 133ms (cache miss)
661 silly packumentCache full:https://registry.npmjs.org/array-includes set size:undefined disposed:false
662 silly fetch manifest array.prototype.flatmap@^1.3.3
663 silly packumentCache full:https://registry.npmjs.org/array.prototype.flatmap cache-miss
664 http fetch GET 200 https://registry.npmjs.org/resolve 139ms (cache miss)
665 silly packumentCache full:https://registry.npmjs.org/resolve set size:undefined disposed:false
666 silly fetch manifest doctrine@^2.1.0
667 silly packumentCache full:https://registry.npmjs.org/doctrine cache-miss
668 http fetch GET 200 https://registry.npmjs.org/doctrine 48ms (cache miss)
669 silly packumentCache full:https://registry.npmjs.org/doctrine set size:undefined disposed:false
670 silly fetch manifest eslint-module-utils@^2.12.1
671 silly packumentCache full:https://registry.npmjs.org/eslint-module-utils cache-miss
672 http fetch GET 200 https://registry.npmjs.org/fast-glob 203ms (cache miss)
673 silly packumentCache full:https://registry.npmjs.org/fast-glob set size:undefined disposed:false
674 silly fetch manifest hasown@^2.0.2
675 silly packumentCache full:https://registry.npmjs.org/hasown cache-miss
676 http fetch GET 200 https://registry.npmjs.org/tinyglobby 214ms (cache miss)
677 silly packumentCache full:https://registry.npmjs.org/tinyglobby set size:undefined disposed:false
678 silly fetch manifest is-core-module@^2.16.1
679 silly packumentCache full:https://registry.npmjs.org/is-core-module cache-miss
680 http fetch GET 200 https://registry.npmjs.org/eslint-module-utils 53ms (cache miss)
681 silly packumentCache full:https://registry.npmjs.org/eslint-module-utils set size:undefined disposed:false
682 silly fetch manifest minimatch@^3.1.2
683 silly packumentCache full:https://registry.npmjs.org/minimatch cache-miss
684 http cache https://registry.npmjs.org/minimatch 9ms (cache hit)
685 silly packumentCache full:https://registry.npmjs.org/minimatch set size:375282 disposed:false
686 silly fetch manifest object.fromentries@^2.0.8
687 silly packumentCache full:https://registry.npmjs.org/object.fromentries cache-miss
688 http fetch GET 200 https://registry.npmjs.org/hasown 66ms (cache miss)
689 silly packumentCache full:https://registry.npmjs.org/hasown set size:undefined disposed:false
690 silly fetch manifest object.groupby@^1.0.3
691 silly packumentCache full:https://registry.npmjs.org/object.groupby cache-miss
692 http fetch GET 200 https://registry.npmjs.org/is-core-module 73ms (cache miss)
693 silly packumentCache full:https://registry.npmjs.org/is-core-module set size:undefined disposed:false
694 silly fetch manifest object.values@^1.2.1
695 silly packumentCache full:https://registry.npmjs.org/object.values cache-miss
696 http fetch GET 200 https://registry.npmjs.org/unrs-resolver 337ms (cache miss)
697 silly packumentCache full:https://registry.npmjs.org/unrs-resolver set size:undefined disposed:false
698 silly fetch manifest semver@^6.3.1
699 silly packumentCache full:https://registry.npmjs.org/semver cache-miss
700 http fetch GET 200 https://registry.npmjs.org/get-tsconfig 346ms (cache miss)
701 silly packumentCache full:https://registry.npmjs.org/get-tsconfig set size:undefined disposed:false
702 silly fetch manifest string.prototype.trimend@^1.0.9
703 silly packumentCache full:https://registry.npmjs.org/string.prototype.trimend cache-miss
704 http fetch GET 200 https://registry.npmjs.org/object.groupby 80ms (cache miss)
705 silly packumentCache full:https://registry.npmjs.org/object.groupby set size:undefined disposed:false
706 silly fetch manifest tsconfig-paths@^3.15.0
707 silly packumentCache full:https://registry.npmjs.org/tsconfig-paths cache-miss
708 http fetch GET 200 https://registry.npmjs.org/array.prototype.findlastindex 308ms (cache miss)
709 silly packumentCache full:https://registry.npmjs.org/array.prototype.findlastindex set size:undefined disposed:false
710 silly fetch manifest chalk@^4.0.0
711 silly packumentCache full:https://registry.npmjs.org/chalk cache-miss
712 http fetch GET 200 https://registry.npmjs.org/is-core-module 366ms (cache miss)
713 silly packumentCache full:https://registry.npmjs.org/is-core-module set size:undefined disposed:false
714 silly fetch manifest espree@^10.4.0
715 silly packumentCache full:https://registry.npmjs.org/espree cache-miss
716 http cache https://registry.npmjs.org/espree 9ms (cache hit)
717 silly packumentCache full:https://registry.npmjs.org/espree set size:326080 disposed:false
718 silly fetch manifest minimatch@^3.1.5
719 silly packumentCache full:https://registry.npmjs.org/minimatch cache-hit
720 silly fetch manifest @eslint/js@9.39.5
721 silly packumentCache full:https://registry.npmjs.org/@eslint%2fjs cache-miss
722 http fetch GET 200 https://registry.npmjs.org/@nolyfill%2fis-core-module 431ms (cache miss)
723 silly packumentCache full:https://registry.npmjs.org/@nolyfill%2fis-core-module set size:undefined disposed:false
724 silly fetch manifest @eslint/core@^0.17.0
725 silly packumentCache full:https://registry.npmjs.org/@eslint%2fcore cache-miss
726 http cache https://registry.npmjs.org/@eslint%2fcore 5ms (cache hit)
727 silly packumentCache full:https://registry.npmjs.org/@eslint%2fcore set size:58023 disposed:false
728 silly fetch manifest eslint-scope@^8.4.0
729 silly packumentCache full:https://registry.npmjs.org/eslint-scope cache-miss
730 http cache https://registry.npmjs.org/eslint-scope 7ms (cache hit)
731 silly packumentCache full:https://registry.npmjs.org/eslint-scope set size:98867 disposed:false
732 silly fetch manifest lodash.merge@^4.6.2
733 silly packumentCache full:https://registry.npmjs.org/lodash.merge cache-miss
734 http fetch GET 200 https://registry.npmjs.org/array.prototype.flat 387ms (cache miss)
735 silly packumentCache full:https://registry.npmjs.org/array.prototype.flat set size:undefined disposed:false
736 silly fetch manifest @eslint/eslintrc@^3.3.6
737 silly packumentCache full:https://registry.npmjs.org/@eslint%2feslintrc cache-miss
738 http fetch GET 200 https://registry.npmjs.org/string.prototype.trimend 136ms (cache miss)
739 silly packumentCache full:https://registry.npmjs.org/string.prototype.trimend set size:undefined disposed:false
740 silly fetch manifest @eslint/plugin-kit@^0.4.1
741 silly packumentCache full:https://registry.npmjs.org/@eslint%2fplugin-kit cache-miss
742 http fetch GET 200 https://registry.npmjs.org/tsconfig-paths 138ms (cache miss)
743 silly packumentCache full:https://registry.npmjs.org/tsconfig-paths set size:undefined disposed:false
744 silly fetch manifest eslint-visitor-keys@^4.2.1
745 silly packumentCache full:https://registry.npmjs.org/eslint-visitor-keys cache-hit
746 silly fetch manifest @eslint/config-array@^0.21.2
747 silly packumentCache full:https://registry.npmjs.org/@eslint%2fconfig-array cache-miss
748 http cache https://registry.npmjs.org/@eslint%2fplugin-kit 16ms (cache hit)
749 silly packumentCache full:https://registry.npmjs.org/@eslint%2fplugin-kit set size:76057 disposed:false
750 silly fetch manifest @eslint/config-helpers@^0.4.2
751 silly packumentCache full:https://registry.npmjs.org/@eslint%2fconfig-helpers cache-miss
752 http cache https://registry.npmjs.org/@eslint%2fconfig-array 17ms (cache hit)
753 silly packumentCache full:https://registry.npmjs.org/@eslint%2fconfig-array set size:74140 disposed:false
754 silly fetch manifest aria-query@^5.3.2
755 silly packumentCache full:https://registry.npmjs.org/aria-query cache-miss
756 http cache https://registry.npmjs.org/@eslint%2fconfig-helpers 14ms (cache hit)
757 silly packumentCache full:https://registry.npmjs.org/@eslint%2fconfig-helpers set size:52610 disposed:false
758 silly fetch manifest array-includes@^3.1.8
759 silly packumentCache full:https://registry.npmjs.org/array-includes cache-miss
760 http fetch GET 200 https://registry.npmjs.org/@eslint%2fjs 143ms (cache miss)
761 silly packumentCache full:https://registry.npmjs.org/@eslint%2fjs set size:undefined disposed:false
762 silly fetch manifest array.prototype.flatmap@^1.3.2
763 silly packumentCache full:https://registry.npmjs.org/array.prototype.flatmap cache-miss
764 http cache https://registry.npmjs.org/array-includes 12ms (cache hit)
765 silly packumentCache full:https://registry.npmjs.org/array-includes set size:77143 disposed:false
766 silly fetch manifest ast-types-flow@^0.0.8
767 silly packumentCache full:https://registry.npmjs.org/ast-types-flow cache-miss
768 http fetch GET 200 https://registry.npmjs.org/object.fromentries 277ms (cache miss)
769 silly packumentCache full:https://registry.npmjs.org/object.fromentries set size:undefined disposed:false
770 silly fetch manifest axe-core@^4.10.0
771 silly packumentCache full:https://registry.npmjs.org/axe-core cache-miss
772 http fetch GET 200 https://registry.npmjs.org/semver 208ms (cache miss)
773 silly packumentCache full:https://registry.npmjs.org/semver set size:undefined disposed:false
774 silly fetch manifest axobject-query@^4.1.0
775 silly packumentCache full:https://registry.npmjs.org/axobject-query cache-miss
776 http fetch GET 200 https://registry.npmjs.org/object.values 274ms (cache miss)
777 silly packumentCache full:https://registry.npmjs.org/object.values set size:undefined disposed:false
778 silly fetch manifest damerau-levenshtein@^1.0.8
779 silly packumentCache full:https://registry.npmjs.org/damerau-levenshtein cache-miss
780 http fetch GET 200 https://registry.npmjs.org/array.prototype.flatmap 61ms (cache miss)
781 silly packumentCache full:https://registry.npmjs.org/array.prototype.flatmap set size:undefined disposed:false
782 silly fetch manifest emoji-regex@^9.2.2
783 silly packumentCache full:https://registry.npmjs.org/emoji-regex cache-miss
784 http fetch GET 200 https://registry.npmjs.org/@eslint%2feslintrc 117ms (cache miss)
785 silly packumentCache full:https://registry.npmjs.org/@eslint%2feslintrc set size:undefined disposed:false
786 silly fetch manifest jsx-ast-utils@^3.3.5
787 silly packumentCache full:https://registry.npmjs.org/jsx-ast-utils cache-miss
788 http fetch GET 200 https://registry.npmjs.org/aria-query 135ms (cache miss)
789 silly packumentCache full:https://registry.npmjs.org/aria-query set size:undefined disposed:false
790 silly fetch manifest language-tags@^1.0.9
791 silly packumentCache full:https://registry.npmjs.org/language-tags cache-miss
792 http fetch GET 200 https://registry.npmjs.org/jsx-ast-utils 77ms (cache miss)
793 silly packumentCache full:https://registry.npmjs.org/jsx-ast-utils set size:undefined disposed:false
794 silly fetch manifest safe-regex-test@^1.0.3
795 silly packumentCache full:https://registry.npmjs.org/safe-regex-test cache-miss
796 http fetch GET 200 https://registry.npmjs.org/chalk 351ms (cache miss)
797 silly packumentCache full:https://registry.npmjs.org/chalk set size:undefined disposed:false
798 silly fetch manifest string.prototype.includes@^2.0.1
799 silly packumentCache full:https://registry.npmjs.org/string.prototype.includes cache-miss
800 http fetch GET 200 https://registry.npmjs.org/array.prototype.flatmap 602ms (cache miss)
801 silly packumentCache full:https://registry.npmjs.org/array.prototype.flatmap set size:undefined disposed:false
802 silly fetch manifest array.prototype.findlast@^1.2.5
803 silly packumentCache full:https://registry.npmjs.org/array.prototype.findlast cache-miss
804 http fetch GET 200 https://registry.npmjs.org/language-tags 101ms (cache miss)
805 silly packumentCache full:https://registry.npmjs.org/language-tags set size:undefined disposed:false
806 silly fetch manifest array.prototype.tosorted@^1.1.4
807 silly packumentCache full:https://registry.npmjs.org/array.prototype.tosorted cache-miss
808 http fetch GET 200 https://registry.npmjs.org/array.prototype.findlast 59ms (cache miss)
809 silly packumentCache full:https://registry.npmjs.org/array.prototype.findlast set size:undefined disposed:false
810 silly fetch manifest es-iterator-helpers@^1.2.1
811 silly packumentCache full:https://registry.npmjs.org/es-iterator-helpers cache-miss
812 http fetch GET 200 https://registry.npmjs.org/lodash.merge 357ms (cache miss)
813 silly packumentCache full:https://registry.npmjs.org/lodash.merge set size:undefined disposed:false
814 silly fetch manifest estraverse@^5.3.0
815 silly packumentCache full:https://registry.npmjs.org/estraverse cache-miss
816 http cache https://registry.npmjs.org/estraverse 8ms (cache hit)
817 silly packumentCache full:https://registry.npmjs.org/estraverse set size:62412 disposed:false
818 silly fetch manifest jsx-ast-utils@^2.4.1 || ^3.0.0
819 silly packumentCache full:https://registry.npmjs.org/jsx-ast-utils cache-miss
820 http cache https://registry.npmjs.org/jsx-ast-utils 7ms (cache hit)
821 silly packumentCache full:https://registry.npmjs.org/jsx-ast-utils set size:115998 disposed:false
822 silly fetch manifest object.entries@^1.1.9
823 silly packumentCache full:https://registry.npmjs.org/object.entries cache-miss
824 http fetch GET 200 https://registry.npmjs.org/es-iterator-helpers 52ms (cache miss)
825 silly packumentCache full:https://registry.npmjs.org/es-iterator-helpers set size:undefined disposed:false
826 silly fetch manifest prop-types@^15.8.1
827 silly packumentCache full:https://registry.npmjs.org/prop-types cache-miss
828 http fetch GET 200 https://registry.npmjs.org/@rtsao%2fscc 866ms (cache miss)
829 silly packumentCache full:https://registry.npmjs.org/@rtsao%2fscc set size:undefined disposed:false
830 silly fetch manifest resolve@^2.0.0-next.5
831 silly packumentCache full:https://registry.npmjs.org/resolve cache-miss
832 http fetch GET 200 https://registry.npmjs.org/ast-types-flow 337ms (cache miss)
833 silly packumentCache full:https://registry.npmjs.org/ast-types-flow set size:undefined disposed:false
834 silly fetch manifest string.prototype.matchall@^4.0.12
835 silly packumentCache full:https://registry.npmjs.org/string.prototype.matchall cache-miss
836 http fetch GET 200 https://registry.npmjs.org/damerau-levenshtein 308ms (cache miss)
837 silly packumentCache full:https://registry.npmjs.org/damerau-levenshtein set size:undefined disposed:false
838 silly fetch manifest string.prototype.repeat@^1.0.0
839 silly packumentCache full:https://registry.npmjs.org/string.prototype.repeat cache-miss
840 http cache https://registry.npmjs.org/resolve 14ms (cache hit)
841 silly packumentCache full:https://registry.npmjs.org/resolve set size:244568 disposed:false
842 silly fetch manifest zod@^3.25.0 || ^4.0.0
843 silly packumentCache full:https://registry.npmjs.org/zod cache-miss
844 http fetch GET 200 https://registry.npmjs.org/axobject-query 337ms (cache miss)
845 silly packumentCache full:https://registry.npmjs.org/axobject-query set size:undefined disposed:false
846 silly fetch manifest @babel/core@^7.24.4
847 silly packumentCache full:https://registry.npmjs.org/@babel%2fcore cache-miss
848 http fetch GET 200 https://registry.npmjs.org/emoji-regex 330ms (cache miss)
849 silly packumentCache full:https://registry.npmjs.org/emoji-regex set size:undefined disposed:false
850 silly fetch manifest @babel/parser@^7.24.4
851 silly packumentCache full:https://registry.npmjs.org/@babel%2fparser cache-miss
852 http fetch GET 200 https://registry.npmjs.org/prop-types 78ms (cache miss)
853 silly packumentCache full:https://registry.npmjs.org/prop-types set size:undefined disposed:false
854 silly fetch manifest hermes-parser@^0.25.1
855 silly packumentCache full:https://registry.npmjs.org/hermes-parser cache-miss
856 http fetch GET 200 https://registry.npmjs.org/safe-regex-test 320ms (cache miss)
857 silly packumentCache full:https://registry.npmjs.org/safe-regex-test set size:undefined disposed:false
858 silly fetch manifest zod-validation-error@^3.5.0 || ^4.0.0
859 silly packumentCache full:https://registry.npmjs.org/zod-validation-error cache-miss
860 http fetch GET 200 https://registry.npmjs.org/array.prototype.tosorted 325ms (cache miss)
861 silly packumentCache full:https://registry.npmjs.org/array.prototype.tosorted set size:undefined disposed:false
862 silly fetch manifest @typescript-eslint/utils@8.64.0
863 silly packumentCache full:https://registry.npmjs.org/@typescript-eslint%2futils cache-miss
864 http cache https://registry.npmjs.org/@typescript-eslint%2futils 34ms (cache hit)
865 silly packumentCache full:https://registry.npmjs.org/@typescript-eslint%2futils set size:10479447 disposed:false
866 silly fetch manifest @typescript-eslint/parser@8.64.0
867 silly packumentCache full:https://registry.npmjs.org/@typescript-eslint%2fparser cache-miss
868 http fetch GET 200 https://registry.npmjs.org/string.prototype.repeat 359ms (cache miss)
869 silly packumentCache full:https://registry.npmjs.org/string.prototype.repeat set size:undefined disposed:false
870 silly fetch manifest @typescript-eslint/eslint-plugin@8.64.0
871 silly packumentCache full:https://registry.npmjs.org/@typescript-eslint%2feslint-plugin cache-miss
872 http fetch GET 200 https://registry.npmjs.org/zod-validation-error 442ms (cache miss)
873 silly packumentCache full:https://registry.npmjs.org/zod-validation-error set size:undefined disposed:false
874 silly fetch manifest @typescript-eslint/typescript-estree@8.64.0
875 silly packumentCache full:https://registry.npmjs.org/@typescript-eslint%2ftypescript-estree cache-miss
876 http fetch GET 200 https://registry.npmjs.org/@babel%2fcore 561ms (cache miss)
877 silly packumentCache full:https://registry.npmjs.org/@babel%2fcore set size:undefined disposed:false
878 http fetch GET 200 https://registry.npmjs.org/object.entries 788ms (cache miss)
879 silly packumentCache full:https://registry.npmjs.org/object.entries set size:undefined disposed:false
880 http fetch GET 200 https://registry.npmjs.org/string.prototype.matchall 813ms (cache miss)
881 silly packumentCache full:https://registry.npmjs.org/string.prototype.matchall set size:undefined disposed:false
882 http fetch GET 200 https://registry.npmjs.org/zod 877ms (cache miss)
883 silly packumentCache full:https://registry.npmjs.org/zod set size:undefined disposed:false
884 http fetch GET 200 https://registry.npmjs.org/axe-core 1716ms (cache miss)
885 silly packumentCache full:https://registry.npmjs.org/axe-core set size:undefined disposed:false
886 http fetch GET 200 https://registry.npmjs.org/@babel%2fparser 1581ms (cache miss)
887 silly packumentCache full:https://registry.npmjs.org/@babel%2fparser set size:undefined disposed:false
888 http fetch GET 200 https://registry.npmjs.org/hermes-parser 1911ms (cache miss)
889 silly packumentCache full:https://registry.npmjs.org/hermes-parser set size:undefined disposed:false
890 http fetch GET 200 https://registry.npmjs.org/string.prototype.includes 2202ms (cache miss)
891 silly packumentCache full:https://registry.npmjs.org/string.prototype.includes set size:undefined disposed:false
892 http fetch GET 200 https://registry.npmjs.org/@typescript-eslint%2feslint-plugin 3856ms (cache miss)
893 silly packumentCache full:https://registry.npmjs.org/@typescript-eslint%2feslint-plugin set size:undefined disposed:false
894 http fetch GET 200 https://registry.npmjs.org/@typescript-eslint%2fparser 6769ms (cache miss)
895 silly packumentCache full:https://registry.npmjs.org/@typescript-eslint%2fparser set size:undefined disposed:false
896 http fetch GET 200 https://registry.npmjs.org/@typescript-eslint%2ftypescript-estree 9602ms (cache miss)
897 silly packumentCache full:https://registry.npmjs.org/@typescript-eslint%2ftypescript-estree set size:undefined disposed:false
898 silly placeDep ROOT fast-glob@3.3.1 OK for: @next/eslint-plugin-next@16.2.10 want: 3.3.1
899 silly fetch manifest merge2@^1.3.0
900 silly packumentCache full:https://registry.npmjs.org/merge2 cache-miss
901 silly fetch manifest micromatch@^4.0.4
902 silly packumentCache full:https://registry.npmjs.org/micromatch cache-miss
903 silly fetch manifest glob-parent@^5.1.2
904 silly packumentCache full:https://registry.npmjs.org/glob-parent cache-miss
905 silly fetch manifest @nodelib/fs.stat@^2.0.2
906 silly packumentCache full:https://registry.npmjs.org/@nodelib%2ffs.stat cache-miss
907 silly fetch manifest @nodelib/fs.walk@^1.2.3
908 silly packumentCache full:https://registry.npmjs.org/@nodelib%2ffs.walk cache-miss
909 http cache https://registry.npmjs.org/glob-parent 15ms (cache hit)
910 silly packumentCache full:https://registry.npmjs.org/glob-parent set size:42445 disposed:false
911 http fetch GET 200 https://registry.npmjs.org/merge2 65ms (cache miss)
912 silly packumentCache full:https://registry.npmjs.org/merge2 set size:undefined disposed:false
913 http fetch GET 200 https://registry.npmjs.org/@nodelib%2ffs.stat 114ms (cache miss)
914 silly packumentCache full:https://registry.npmjs.org/@nodelib%2ffs.stat set size:undefined disposed:false
915 http fetch GET 200 https://registry.npmjs.org/micromatch 266ms (cache miss)
916 silly packumentCache full:https://registry.npmjs.org/micromatch set size:undefined disposed:false
917 http fetch GET 200 https://registry.npmjs.org/@nodelib%2ffs.walk 508ms (cache miss)
918 silly packumentCache full:https://registry.npmjs.org/@nodelib%2ffs.walk set size:undefined disposed:false
919 silly placeDep ROOT @eslint/config-array@0.21.2 OK for: eslint@9.39.5 want: ^0.21.2
920 silly placeDep ROOT @eslint/config-helpers@0.4.2 OK for: eslint@9.39.5 want: ^0.4.2
921 silly placeDep ROOT @eslint/core@0.17.0 OK for: eslint@9.39.5 want: ^0.17.0
922 silly placeDep ROOT @eslint/eslintrc@3.3.6 OK for: eslint@9.39.5 want: ^3.3.6
923 silly placeDep ROOT @eslint/js@9.39.5 OK for: eslint@9.39.5 want: 9.39.5
924 silly placeDep ROOT @eslint/plugin-kit@0.4.1 OK for: eslint@9.39.5 want: ^0.4.1
925 silly placeDep ROOT @types/estree@1.0.9 OK for: eslint@9.39.5 want: ^1.0.6
926 silly placeDep ROOT chalk@4.1.2 OK for: eslint@9.39.5 want: ^4.0.0
927 silly placeDep ROOT eslint-scope@8.4.0 OK for: eslint@9.39.5 want: ^8.4.0
928 silly placeDep ROOT eslint-visitor-keys@4.2.1 OK for: eslint@9.39.5 want: ^4.2.1
929 silly placeDep ROOT espree@10.4.0 OK for: eslint@9.39.5 want: ^10.4.0
930 silly placeDep ROOT lodash.merge@4.6.2 OK for: eslint@9.39.5 want: ^4.6.2
931 silly placeDep ROOT minimatch@3.1.5 OK for: eslint@9.39.5 want: ^3.1.5
932 silly fetch manifest @eslint/object-schema@^2.1.7
933 silly packumentCache full:https://registry.npmjs.org/@eslint%2fobject-schema cache-miss
934 silly fetch manifest espree@^10.0.1
935 silly packumentCache full:https://registry.npmjs.org/espree cache-hit
936 silly fetch manifest globals@^14.0.0
937 silly packumentCache full:https://registry.npmjs.org/globals cache-miss
938 silly fetch manifest import-fresh@^3.2.1
939 silly packumentCache full:https://registry.npmjs.org/import-fresh cache-miss
940 silly fetch manifest js-yaml@^4.3.0
941 silly packumentCache full:https://registry.npmjs.org/js-yaml cache-miss
942 silly fetch manifest strip-json-comments@^3.1.1
943 silly packumentCache full:https://registry.npmjs.org/strip-json-comments cache-miss
944 silly fetch manifest ansi-styles@^4.1.0
945 silly packumentCache full:https://registry.npmjs.org/ansi-styles cache-miss
946 silly fetch manifest supports-color@^7.1.0
947 silly packumentCache full:https://registry.npmjs.org/supports-color cache-miss
948 silly fetch manifest acorn@^8.15.0
949 silly packumentCache full:https://registry.npmjs.org/acorn cache-miss
950 silly fetch manifest brace-expansion@^1.1.7
951 silly packumentCache full:https://registry.npmjs.org/brace-expansion cache-miss
952 http cache https://registry.npmjs.org/@eslint%2fobject-schema 18ms (cache hit)
953 silly packumentCache full:https://registry.npmjs.org/@eslint%2fobject-schema set size:38535 disposed:false
954 http cache https://registry.npmjs.org/acorn 14ms (cache hit)
955 silly packumentCache full:https://registry.npmjs.org/acorn set size:381366 disposed:false
956 http cache https://registry.npmjs.org/brace-expansion 19ms (cache hit)
957 silly packumentCache full:https://registry.npmjs.org/brace-expansion set size:78539 disposed:false
958 http cache https://registry.npmjs.org/globals 28ms (cache hit)
959 silly packumentCache full:https://registry.npmjs.org/globals set size:319673 disposed:false
960 http fetch GET 200 https://registry.npmjs.org/import-fresh 100ms (cache miss)
961 silly packumentCache full:https://registry.npmjs.org/import-fresh set size:undefined disposed:false
962 http fetch GET 200 https://registry.npmjs.org/supports-color 117ms (cache miss)
963 silly packumentCache full:https://registry.npmjs.org/supports-color set size:undefined disposed:false
964 http fetch GET 200 https://registry.npmjs.org/js-yaml 161ms (cache miss)
965 silly packumentCache full:https://registry.npmjs.org/js-yaml set size:undefined disposed:false
966 http fetch GET 200 https://registry.npmjs.org/ansi-styles 168ms (cache miss)
967 silly packumentCache full:https://registry.npmjs.org/ansi-styles set size:undefined disposed:false
968 http fetch GET 200 https://registry.npmjs.org/strip-json-comments 181ms (cache miss)
969 silly packumentCache full:https://registry.npmjs.org/strip-json-comments set size:undefined disposed:false
970 silly placeDep ROOT @eslint/object-schema@2.1.7 OK for: @eslint/config-array@0.21.2 want: ^2.1.7
971 silly placeDep ROOT @types/json-schema@7.0.15 OK for: @eslint/core@0.17.0 want: ^7.0.15
972 silly placeDep node_modules/@eslint/eslintrc globals@14.0.0 OK for: @eslint/eslintrc@3.3.6 want: ^14.0.0
973 silly placeDep ROOT import-fresh@3.3.1 OK for: @eslint/eslintrc@3.3.6 want: ^3.2.1
974 silly placeDep ROOT js-yaml@4.3.0 OK for: @eslint/eslintrc@3.3.6 want: ^4.3.0
975 silly placeDep ROOT strip-json-comments@3.1.1 OK for: @eslint/eslintrc@3.3.6 want: ^3.1.1
976 silly fetch manifest resolve-from@^4.0.0
977 silly packumentCache full:https://registry.npmjs.org/resolve-from cache-miss
978 silly fetch manifest parent-module@^1.0.0
979 silly packumentCache full:https://registry.npmjs.org/parent-module cache-miss
980 silly fetch manifest argparse@^2.0.1
981 silly packumentCache full:https://registry.npmjs.org/argparse cache-miss
982 http fetch GET 200 https://registry.npmjs.org/resolve-from 35ms (cache miss)
983 silly packumentCache full:https://registry.npmjs.org/resolve-from set size:undefined disposed:false
984 http fetch GET 200 https://registry.npmjs.org/parent-module 38ms (cache miss)
985 silly packumentCache full:https://registry.npmjs.org/parent-module set size:undefined disposed:false
986 http fetch GET 200 https://registry.npmjs.org/argparse 60ms (cache miss)
987 silly packumentCache full:https://registry.npmjs.org/argparse set size:undefined disposed:false
988 silly placeDep ROOT ansi-styles@4.3.0 OK for: chalk@4.1.2 want: ^4.1.0
989 silly placeDep ROOT supports-color@7.2.0 OK for: chalk@4.1.2 want: ^7.1.0
990 silly fetch manifest color-convert@^2.0.1
991 silly packumentCache full:https://registry.npmjs.org/color-convert cache-miss
992 silly fetch manifest has-flag@^4.0.0
993 silly packumentCache full:https://registry.npmjs.org/has-flag cache-miss
994 http fetch GET 200 https://registry.npmjs.org/has-flag 56ms (cache miss)
995 silly packumentCache full:https://registry.npmjs.org/has-flag set size:undefined disposed:false
996 http fetch GET 200 https://registry.npmjs.org/color-convert 77ms (cache miss)
997 silly packumentCache full:https://registry.npmjs.org/color-convert set size:undefined disposed:false
998 silly placeDep ROOT color-convert@2.0.1 OK for: ansi-styles@4.3.0 want: ^2.0.1
999 silly fetch manifest color-name@~1.1.4
1000 silly packumentCache full:https://registry.npmjs.org/color-name cache-miss
1001 http fetch GET 200 https://registry.npmjs.org/color-name 175ms (cache miss)
1002 silly packumentCache full:https://registry.npmjs.org/color-name set size:undefined disposed:false
1003 silly placeDep ROOT color-name@1.1.4 OK for: color-convert@2.0.1 want: ~1.1.4
1004 silly placeDep node_modules/eslint-import-resolver-node debug@3.2.7 OK for: eslint-import-resolver-node@0.3.10 want: ^3.2.7
1005 silly placeDep ROOT is-core-module@2.16.2 OK for: eslint-import-resolver-node@0.3.10 want: ^2.16.1
1006 silly placeDep ROOT resolve@2.0.0-next.7 OK for: eslint-import-resolver-node@0.3.10 want: ^2.0.0-next.6
1007 silly fetch manifest hasown@^2.0.3
1008 silly packumentCache full:https://registry.npmjs.org/hasown cache-miss
1009 silly fetch manifest es-errors@^1.3.0
1010 silly packumentCache full:https://registry.npmjs.org/es-errors cache-miss
1011 silly fetch manifest node-exports-info@^1.6.0
1012 silly packumentCache full:https://registry.npmjs.org/node-exports-info cache-miss
1013 silly fetch manifest object-keys@^1.1.1
1014 silly packumentCache full:https://registry.npmjs.org/object-keys cache-miss
1015 silly fetch manifest path-parse@^1.0.7
1016 silly packumentCache full:https://registry.npmjs.org/path-parse cache-miss
1017 silly fetch manifest supports-preserve-symlinks-flag@^1.0.0
1018 silly packumentCache full:https://registry.npmjs.org/supports-preserve-symlinks-flag cache-miss
1019 http cache https://registry.npmjs.org/hasown 12ms (cache hit)
1020 silly packumentCache full:https://registry.npmjs.org/hasown set size:18361 disposed:false
1021 http fetch GET 200 https://registry.npmjs.org/es-errors 42ms (cache miss)
1022 silly packumentCache full:https://registry.npmjs.org/es-errors set size:undefined disposed:false
1023 http fetch GET 200 https://registry.npmjs.org/node-exports-info 70ms (cache miss)
1024 silly packumentCache full:https://registry.npmjs.org/node-exports-info set size:undefined disposed:false
1025 http fetch GET 200 https://registry.npmjs.org/object-keys 71ms (cache miss)
1026 silly packumentCache full:https://registry.npmjs.org/object-keys set size:undefined disposed:false
1027 http fetch GET 200 https://registry.npmjs.org/path-parse 100ms (cache miss)
1028 silly packumentCache full:https://registry.npmjs.org/path-parse set size:undefined disposed:false
1029 http fetch GET 200 https://registry.npmjs.org/supports-preserve-symlinks-flag 112ms (cache miss)
1030 silly packumentCache full:https://registry.npmjs.org/supports-preserve-symlinks-flag set size:undefined disposed:false
1031 silly placeDep ROOT @nolyfill/is-core-module@1.0.39 OK for: eslint-import-resolver-typescript@3.10.1 want: 1.0.39
1032 silly placeDep ROOT get-tsconfig@4.14.0 OK for: eslint-import-resolver-typescript@3.10.1 want: ^4.10.0
1033 silly placeDep ROOT is-bun-module@2.0.0 OK for: eslint-import-resolver-typescript@3.10.1 want: ^2.0.0
1034 silly placeDep ROOT stable-hash@0.0.5 OK for: eslint-import-resolver-typescript@3.10.1 want: ^0.0.5
1035 silly placeDep ROOT tinyglobby@0.2.17 OK for: eslint-import-resolver-typescript@3.10.1 want: ^0.2.13
1036 silly placeDep ROOT unrs-resolver@1.12.2 OK for: eslint-import-resolver-typescript@3.10.1 want: ^1.6.2
1037 silly fetch manifest resolve-pkg-maps@^1.0.0
1038 silly packumentCache full:https://registry.npmjs.org/resolve-pkg-maps cache-miss
1039 silly fetch manifest semver@^7.7.1
1040 silly packumentCache full:https://registry.npmjs.org/semver cache-miss
1041 silly fetch manifest fdir@^6.5.0
1042 silly packumentCache full:https://registry.npmjs.org/fdir cache-miss
1043 silly fetch manifest picomatch@^4.0.4
1044 silly packumentCache full:https://registry.npmjs.org/picomatch cache-miss
1045 silly fetch manifest napi-postinstall@^0.3.4
1046 silly packumentCache full:https://registry.npmjs.org/napi-postinstall cache-miss
1047 silly fetch manifest @unrs/resolver-binding-darwin-arm64@1.12.2
1048 silly packumentCache full:https://registry.npmjs.org/@unrs%2fresolver-binding-darwin-arm64 cache-miss
1049 silly fetch manifest @unrs/resolver-binding-android-arm64@1.12.2
1050 silly packumentCache full:https://registry.npmjs.org/@unrs%2fresolver-binding-android-arm64 cache-miss
1051 silly fetch manifest @unrs/resolver-binding-win32-arm64-msvc@1.12.2
1052 silly packumentCache full:https://registry.npmjs.org/@unrs%2fresolver-binding-win32-arm64-msvc cache-miss
1053 silly fetch manifest @unrs/resolver-binding-linux-arm64-gnu@1.12.2
1054 silly packumentCache full:https://registry.npmjs.org/@unrs%2fresolver-binding-linux-arm64-gnu cache-miss
1055 silly fetch manifest @unrs/resolver-binding-linux-arm64-musl@1.12.2
1056 silly packumentCache full:https://registry.npmjs.org/@unrs%2fresolver-binding-linux-arm64-musl cache-miss
1057 silly fetch manifest @unrs/resolver-binding-openharmony-arm64@1.12.2
1058 silly packumentCache full:https://registry.npmjs.org/@unrs%2fresolver-binding-openharmony-arm64 cache-miss
1059 http cache https://registry.npmjs.org/semver 19ms (cache hit)
1060 silly packumentCache full:https://registry.npmjs.org/semver set size:246069 disposed:false
1061 silly fetch manifest @unrs/resolver-binding-android-arm-eabi@1.12.2
1062 silly packumentCache full:https://registry.npmjs.org/@unrs%2fresolver-binding-android-arm-eabi cache-miss
1063 http fetch GET 200 https://registry.npmjs.org/@unrs%2fresolver-binding-linux-arm64-gnu 98ms (cache miss)
1064 silly packumentCache full:https://registry.npmjs.org/@unrs%2fresolver-binding-linux-arm64-gnu set size:undefined disposed:false
1065 silly fetch manifest @unrs/resolver-binding-linux-arm-gnueabihf@1.12.2
1066 silly packumentCache full:https://registry.npmjs.org/@unrs%2fresolver-binding-linux-arm-gnueabihf cache-miss
1067 http fetch GET 200 https://registry.npmjs.org/@unrs%2fresolver-binding-linux-arm64-musl 129ms (cache miss)
1068 silly packumentCache full:https://registry.npmjs.org/@unrs%2fresolver-binding-linux-arm64-musl set size:undefined disposed:false
1069 silly fetch manifest @unrs/resolver-binding-linux-arm-musleabihf@1.12.2
1070 silly packumentCache full:https://registry.npmjs.org/@unrs%2fresolver-binding-linux-arm-musleabihf cache-miss
1071 http fetch GET 200 https://registry.npmjs.org/@unrs%2fresolver-binding-darwin-arm64 166ms (cache miss)
1072 silly packumentCache full:https://registry.npmjs.org/@unrs%2fresolver-binding-darwin-arm64 set size:undefined disposed:false
1073 silly fetch manifest @unrs/resolver-binding-win32-ia32-msvc@1.12.2
1074 silly packumentCache full:https://registry.npmjs.org/@unrs%2fresolver-binding-win32-ia32-msvc cache-miss
1075 http fetch GET 200 https://registry.npmjs.org/@unrs%2fresolver-binding-android-arm64 217ms (cache miss)
1076 silly packumentCache full:https://registry.npmjs.org/@unrs%2fresolver-binding-android-arm64 set size:undefined disposed:false
1077 silly fetch manifest @unrs/resolver-binding-linux-loong64-gnu@1.12.2
1078 silly packumentCache full:https://registry.npmjs.org/@unrs%2fresolver-binding-linux-loong64-gnu cache-miss
1079 http fetch GET 200 https://registry.npmjs.org/@unrs%2fresolver-binding-openharmony-arm64 243ms (cache miss)
1080 silly packumentCache full:https://registry.npmjs.org/@unrs%2fresolver-binding-openharmony-arm64 set size:undefined disposed:false
1081 silly fetch manifest @unrs/resolver-binding-linux-loong64-musl@1.12.2
1082 silly packumentCache full:https://registry.npmjs.org/@unrs%2fresolver-binding-linux-loong64-musl cache-miss
1083 http fetch GET 200 https://registry.npmjs.org/@unrs%2fresolver-binding-android-arm-eabi 230ms (cache miss)
1084 silly packumentCache full:https://registry.npmjs.org/@unrs%2fresolver-binding-android-arm-eabi set size:undefined disposed:false
1085 silly fetch manifest @unrs/resolver-binding-linux-ppc64-gnu@1.12.2
1086 silly packumentCache full:https://registry.npmjs.org/@unrs%2fresolver-binding-linux-ppc64-gnu cache-miss
1087 http fetch GET 200 https://registry.npmjs.org/@unrs%2fresolver-binding-linux-arm-musleabihf 126ms (cache miss)
1088 silly packumentCache full:https://registry.npmjs.org/@unrs%2fresolver-binding-linux-arm-musleabihf set size:undefined disposed:false
1089 silly fetch manifest @unrs/resolver-binding-linux-riscv64-gnu@1.12.2
1090 silly packumentCache full:https://registry.npmjs.org/@unrs%2fresolver-binding-linux-riscv64-gnu cache-miss
1091 http fetch GET 200 https://registry.npmjs.org/@unrs%2fresolver-binding-linux-arm-gnueabihf 160ms (cache miss)
1092 silly packumentCache full:https://registry.npmjs.org/@unrs%2fresolver-binding-linux-arm-gnueabihf set size:undefined disposed:false
1093 silly fetch manifest @unrs/resolver-binding-linux-riscv64-musl@1.12.2
1094 silly packumentCache full:https://registry.npmjs.org/@unrs%2fresolver-binding-linux-riscv64-musl cache-miss
1095 http fetch GET 200 https://registry.npmjs.org/@unrs%2fresolver-binding-win32-ia32-msvc 121ms (cache miss)
1096 silly packumentCache full:https://registry.npmjs.org/@unrs%2fresolver-binding-win32-ia32-msvc set size:undefined disposed:false
1097 silly fetch manifest @unrs/resolver-binding-linux-s390x-gnu@1.12.2
1098 silly packumentCache full:https://registry.npmjs.org/@unrs%2fresolver-binding-linux-s390x-gnu cache-miss
1099 http fetch GET 200 https://registry.npmjs.org/resolve-pkg-maps 322ms (cache miss)
1100 silly packumentCache full:https://registry.npmjs.org/resolve-pkg-maps set size:undefined disposed:false
1101 silly fetch manifest @unrs/resolver-binding-wasm32-wasi@1.12.2
1102 silly packumentCache full:https://registry.npmjs.org/@unrs%2fresolver-binding-wasm32-wasi cache-miss
1103 http fetch GET 200 https://registry.npmjs.org/picomatch 329ms (cache miss)
1104 silly packumentCache full:https://registry.npmjs.org/picomatch set size:undefined disposed:false
1105 silly fetch manifest @unrs/resolver-binding-darwin-x64@1.12.2
1106 silly packumentCache full:https://registry.npmjs.org/@unrs%2fresolver-binding-darwin-x64 cache-miss
1107 http fetch GET 200 https://registry.npmjs.org/napi-postinstall 345ms (cache miss)
1108 silly packumentCache full:https://registry.npmjs.org/napi-postinstall set size:undefined disposed:false
1109 silly fetch manifest @unrs/resolver-binding-win32-x64-msvc@1.12.2
1110 silly packumentCache full:https://registry.npmjs.org/@unrs%2fresolver-binding-win32-x64-msvc cache-miss
1111 http fetch GET 200 https://registry.npmjs.org/fdir 357ms (cache miss)
1112 silly packumentCache full:https://registry.npmjs.org/fdir set size:undefined disposed:false
1113 silly fetch manifest @unrs/resolver-binding-freebsd-x64@1.12.2
1114 silly packumentCache full:https://registry.npmjs.org/@unrs%2fresolver-binding-freebsd-x64 cache-miss
1115 http fetch GET 200 https://registry.npmjs.org/@unrs%2fresolver-binding-linux-riscv64-musl 109ms (cache miss)
1116 silly packumentCache full:https://registry.npmjs.org/@unrs%2fresolver-binding-linux-riscv64-musl set size:undefined disposed:false
1117 silly fetch manifest @unrs/resolver-binding-linux-x64-gnu@1.12.2
1118 silly packumentCache full:https://registry.npmjs.org/@unrs%2fresolver-binding-linux-x64-gnu cache-miss
1119 http fetch GET 200 https://registry.npmjs.org/@unrs%2fresolver-binding-win32-arm64-msvc 382ms (cache miss)
1120 silly packumentCache full:https://registry.npmjs.org/@unrs%2fresolver-binding-win32-arm64-msvc set size:undefined disposed:false
1121 silly fetch manifest @unrs/resolver-binding-linux-x64-musl@1.12.2
1122 silly packumentCache full:https://registry.npmjs.org/@unrs%2fresolver-binding-linux-x64-musl cache-miss
1123 http fetch GET 200 https://registry.npmjs.org/@unrs%2fresolver-binding-linux-riscv64-gnu 131ms (cache miss)
1124 silly packumentCache full:https://registry.npmjs.org/@unrs%2fresolver-binding-linux-riscv64-gnu set size:undefined disposed:false
1125 http fetch GET 200 https://registry.npmjs.org/@unrs%2fresolver-binding-wasm32-wasi 97ms (cache miss)
1126 silly packumentCache full:https://registry.npmjs.org/@unrs%2fresolver-binding-wasm32-wasi set size:undefined disposed:false
1127 http fetch GET 200 https://registry.npmjs.org/@unrs%2fresolver-binding-linux-s390x-gnu 141ms (cache miss)
1128 silly packumentCache full:https://registry.npmjs.org/@unrs%2fresolver-binding-linux-s390x-gnu set size:undefined disposed:false
1129 http fetch GET 200 https://registry.npmjs.org/@unrs%2fresolver-binding-darwin-x64 104ms (cache miss)
1130 silly packumentCache full:https://registry.npmjs.org/@unrs%2fresolver-binding-darwin-x64 set size:undefined disposed:false
1131 http fetch GET 200 https://registry.npmjs.org/@unrs%2fresolver-binding-linux-ppc64-gnu 228ms (cache miss)
1132 silly packumentCache full:https://registry.npmjs.org/@unrs%2fresolver-binding-linux-ppc64-gnu set size:undefined disposed:false
1133 http fetch GET 200 https://registry.npmjs.org/@unrs%2fresolver-binding-linux-loong64-musl 239ms (cache miss)
1134 silly packumentCache full:https://registry.npmjs.org/@unrs%2fresolver-binding-linux-loong64-musl set size:undefined disposed:false
1135 http fetch GET 200 https://registry.npmjs.org/@unrs%2fresolver-binding-linux-x64-gnu 115ms (cache miss)
1136 silly packumentCache full:https://registry.npmjs.org/@unrs%2fresolver-binding-linux-x64-gnu set size:undefined disposed:false
1137 http fetch GET 200 https://registry.npmjs.org/@unrs%2fresolver-binding-win32-x64-msvc 152ms (cache miss)
1138 silly packumentCache full:https://registry.npmjs.org/@unrs%2fresolver-binding-win32-x64-msvc set size:undefined disposed:false
1139 http fetch GET 200 https://registry.npmjs.org/@unrs%2fresolver-binding-freebsd-x64 241ms (cache miss)
1140 silly packumentCache full:https://registry.npmjs.org/@unrs%2fresolver-binding-freebsd-x64 set size:undefined disposed:false
1141 http fetch GET 200 https://registry.npmjs.org/@unrs%2fresolver-binding-linux-x64-musl 273ms (cache miss)
1142 silly packumentCache full:https://registry.npmjs.org/@unrs%2fresolver-binding-linux-x64-musl set size:undefined disposed:false
1143 http fetch GET 200 https://registry.npmjs.org/@unrs%2fresolver-binding-linux-loong64-gnu 582ms (cache miss)
1144 silly packumentCache full:https://registry.npmjs.org/@unrs%2fresolver-binding-linux-loong64-gnu set size:undefined disposed:false
1145 silly placeDep ROOT @rtsao/scc@1.1.0 OK for: eslint-plugin-import@2.32.0 want: ^1.1.0
1146 silly placeDep ROOT array-includes@3.1.9 OK for: eslint-plugin-import@2.32.0 want: ^3.1.9
1147 silly placeDep ROOT array.prototype.findlastindex@1.2.6 OK for: eslint-plugin-import@2.32.0 want: ^1.2.6
1148 silly placeDep ROOT array.prototype.flat@1.3.3 OK for: eslint-plugin-import@2.32.0 want: ^1.3.3
1149 silly placeDep ROOT array.prototype.flatmap@1.3.3 OK for: eslint-plugin-import@2.32.0 want: ^1.3.3
1150 silly placeDep node_modules/eslint-plugin-import debug@3.2.7 OK for: eslint-plugin-import@2.32.0 want: ^3.2.7
1151 silly placeDep ROOT doctrine@2.1.0 OK for: eslint-plugin-import@2.32.0 want: ^2.1.0
1152 silly placeDep ROOT eslint-module-utils@2.14.0 OK for: eslint-plugin-import@2.32.0 want: ^2.12.1
1153 silly placeDep ROOT hasown@2.0.4 OK for: eslint-plugin-import@2.32.0 want: ^2.0.2
1154 silly placeDep ROOT object.fromentries@2.0.8 OK for: eslint-plugin-import@2.32.0 want: ^2.0.8
1155 silly placeDep ROOT object.groupby@1.0.3 OK for: eslint-plugin-import@2.32.0 want: ^1.0.3
1156 silly placeDep ROOT object.values@1.2.1 OK for: eslint-plugin-import@2.32.0 want: ^1.2.1
1157 silly placeDep ROOT semver@6.3.1 OK for: eslint-plugin-import@2.32.0 want: ^6.3.1
1158 silly placeDep ROOT string.prototype.trimend@1.0.10 OK for: eslint-plugin-import@2.32.0 want: ^1.0.9
1159 silly placeDep ROOT tsconfig-paths@3.15.0 OK for: eslint-plugin-import@2.32.0 want: ^3.15.0
1160 silly fetch manifest call-bind@^1.0.8
1161 silly packumentCache full:https://registry.npmjs.org/call-bind cache-miss
1162 silly fetch manifest call-bound@^1.0.4
1163 silly packumentCache full:https://registry.npmjs.org/call-bound cache-miss
1164 silly fetch manifest define-properties@^1.2.1
1165 silly packumentCache full:https://registry.npmjs.org/define-properties cache-miss
1166 silly fetch manifest es-abstract@^1.24.0
1167 silly packumentCache full:https://registry.npmjs.org/es-abstract cache-miss
1168 silly fetch manifest es-object-atoms@^1.1.1
1169 silly packumentCache full:https://registry.npmjs.org/es-object-atoms cache-miss
1170 silly fetch manifest get-intrinsic@^1.3.0
1171 silly packumentCache full:https://registry.npmjs.org/get-intrinsic cache-miss
1172 silly fetch manifest is-string@^1.1.1
1173 silly packumentCache full:https://registry.npmjs.org/is-string cache-miss
1174 silly fetch manifest math-intrinsics@^1.1.0
1175 silly packumentCache full:https://registry.npmjs.org/math-intrinsics cache-miss
1176 silly fetch manifest call-bind@^1.0.8
1177 silly packumentCache full:https://registry.npmjs.org/call-bind cache-miss
1178 silly fetch manifest call-bound@^1.0.4
1179 silly packumentCache full:https://registry.npmjs.org/call-bound cache-miss
1180 silly fetch manifest define-properties@^1.2.1
1181 silly packumentCache full:https://registry.npmjs.org/define-properties cache-miss
1182 http fetch GET 200 https://registry.npmjs.org/call-bind 77ms (cache miss)
1183 silly packumentCache full:https://registry.npmjs.org/call-bind set size:undefined disposed:false
1184 silly fetch manifest es-abstract@^1.23.9
1185 silly packumentCache full:https://registry.npmjs.org/es-abstract cache-miss
1186 http fetch GET 200 https://registry.npmjs.org/call-bind 80ms (cache miss)
1187 silly packumentCache full:https://registry.npmjs.org/call-bind set size:undefined disposed:false
1188 silly fetch manifest es-object-atoms@^1.1.1
1189 silly packumentCache full:https://registry.npmjs.org/es-object-atoms cache-miss
1190 http fetch GET 200 https://registry.npmjs.org/define-properties 87ms (cache miss)
1191 silly packumentCache full:https://registry.npmjs.org/define-properties set size:undefined disposed:false
1192 silly fetch manifest es-shim-unscopables@^1.1.0
1193 silly packumentCache full:https://registry.npmjs.org/es-shim-unscopables cache-miss
1194 http fetch GET 200 https://registry.npmjs.org/is-string 90ms (cache miss)
1195 silly packumentCache full:https://registry.npmjs.org/is-string set size:undefined disposed:false
1196 silly fetch manifest es-abstract@^1.23.5
1197 silly packumentCache full:https://registry.npmjs.org/es-abstract cache-miss
1198 http fetch GET 200 https://registry.npmjs.org/call-bound 98ms (cache miss)
1199 silly packumentCache full:https://registry.npmjs.org/call-bound set size:undefined disposed:false
1200 silly fetch manifest es-shim-unscopables@^1.0.2
1201 silly packumentCache full:https://registry.npmjs.org/es-shim-unscopables cache-miss
1202 http fetch GET 200 https://registry.npmjs.org/math-intrinsics 113ms (cache miss)
1203 silly packumentCache full:https://registry.npmjs.org/math-intrinsics set size:undefined disposed:false
1204 silly fetch manifest es-abstract@^1.23.5
1205 silly packumentCache full:https://registry.npmjs.org/es-abstract cache-miss
1206 http fetch GET 200 https://registry.npmjs.org/es-object-atoms 120ms (cache miss)
1207 silly packumentCache full:https://registry.npmjs.org/es-object-atoms set size:undefined disposed:false
1208 silly fetch manifest es-shim-unscopables@^1.0.2
1209 silly packumentCache full:https://registry.npmjs.org/es-shim-unscopables cache-miss
1210 http fetch GET 200 https://registry.npmjs.org/es-object-atoms 53ms (cache miss)
1211 silly packumentCache full:https://registry.npmjs.org/es-object-atoms set size:undefined disposed:false
1212 silly fetch manifest function-bind@^1.1.2
1213 silly packumentCache full:https://registry.npmjs.org/function-bind cache-miss
1214 http fetch GET 200 https://registry.npmjs.org/es-shim-unscopables 53ms (cache miss)
1215 silly packumentCache full:https://registry.npmjs.org/es-shim-unscopables set size:undefined disposed:false
1216 silly fetch manifest call-bind@^1.0.7
1217 silly packumentCache full:https://registry.npmjs.org/call-bind cache-miss
1218 http fetch GET 200 https://registry.npmjs.org/es-shim-unscopables 70ms (cache miss)
1219 silly packumentCache full:https://registry.npmjs.org/es-shim-unscopables set size:undefined disposed:false
1220 silly fetch manifest es-abstract@^1.23.2
1221 silly packumentCache full:https://registry.npmjs.org/es-abstract cache-miss
1222 http cache https://registry.npmjs.org/call-bind 15ms (cache hit)
1223 silly packumentCache full:https://registry.npmjs.org/call-bind set size:32985 disposed:false
1224 silly fetch manifest es-object-atoms@^1.0.0
1225 silly packumentCache full:https://registry.npmjs.org/es-object-atoms cache-miss
1226 http fetch GET 200 https://registry.npmjs.org/get-intrinsic 173ms (cache miss)
1227 silly packumentCache full:https://registry.npmjs.org/get-intrinsic set size:undefined disposed:false
1228 silly fetch manifest es-abstract@^1.23.2
1229 silly packumentCache full:https://registry.npmjs.org/es-abstract cache-miss
1230 http cache https://registry.npmjs.org/es-object-atoms 14ms (cache hit)
1231 silly packumentCache full:https://registry.npmjs.org/es-object-atoms set size:18278 disposed:false
1232 silly fetch manifest call-bound@^1.0.3
1233 silly packumentCache full:https://registry.npmjs.org/call-bound cache-miss
1234 http fetch GET 200 https://registry.npmjs.org/function-bind 49ms (cache miss)
1235 silly packumentCache full:https://registry.npmjs.org/function-bind set size:undefined disposed:false
1236 silly fetch manifest call-bind@^1.0.9
1237 silly packumentCache full:https://registry.npmjs.org/call-bind cache-hit
1238 silly fetch manifest es-object-atoms@^1.1.2
1239 silly packumentCache full:https://registry.npmjs.org/es-object-atoms cache-hit
1240 silly fetch manifest json5@^1.0.2
1241 silly packumentCache full:https://registry.npmjs.org/json5 cache-miss
1242 http cache https://registry.npmjs.org/call-bound 10ms (cache hit)
1243 silly packumentCache full:https://registry.npmjs.org/call-bound set size:15317 disposed:false
1244 silly fetch manifest minimist@^1.2.6
1245 silly packumentCache full:https://registry.npmjs.org/minimist cache-miss
1246 http fetch GET 200 https://registry.npmjs.org/es-shim-unscopables 91ms (cache miss)
1247 silly packumentCache full:https://registry.npmjs.org/es-shim-unscopables set size:undefined disposed:false
1248 silly fetch manifest strip-bom@^3.0.0
1249 silly packumentCache full:https://registry.npmjs.org/strip-bom cache-miss
1250 http fetch GET 200 https://registry.npmjs.org/define-properties 232ms (cache miss)
1251 silly packumentCache full:https://registry.npmjs.org/define-properties set size:undefined disposed:false
1252 silly fetch manifest @types/json5@^0.0.29
1253 silly packumentCache full:https://registry.npmjs.org/@types%2fjson5 cache-miss
1254 http fetch GET 200 https://registry.npmjs.org/minimist 58ms (cache miss)
1255 silly packumentCache full:https://registry.npmjs.org/minimist set size:undefined disposed:false
1256 http fetch GET 200 https://registry.npmjs.org/strip-bom 69ms (cache miss)
1257 silly packumentCache full:https://registry.npmjs.org/strip-bom set size:undefined disposed:false
1258 http fetch GET 200 https://registry.npmjs.org/json5 124ms (cache miss)
1259 silly packumentCache full:https://registry.npmjs.org/json5 set size:undefined disposed:false
1260 http fetch GET 200 https://registry.npmjs.org/es-abstract 336ms (cache miss)
1261 silly packumentCache full:https://registry.npmjs.org/es-abstract set size:undefined disposed:false
1262 http fetch GET 200 https://registry.npmjs.org/es-abstract 283ms (cache miss)
1263 silly packumentCache full:https://registry.npmjs.org/es-abstract set size:undefined disposed:false
1264 http fetch GET 200 https://registry.npmjs.org/es-abstract 458ms (cache miss)
1265 silly packumentCache full:https://registry.npmjs.org/es-abstract set size:undefined disposed:false
1266 http fetch GET 200 https://registry.npmjs.org/es-abstract 290ms (cache miss)
1267 silly packumentCache full:https://registry.npmjs.org/es-abstract set size:undefined disposed:false
1268 http fetch GET 200 https://registry.npmjs.org/es-abstract 441ms (cache miss)
1269 silly packumentCache full:https://registry.npmjs.org/es-abstract set size:undefined disposed:false
1270 http fetch GET 200 https://registry.npmjs.org/es-abstract 412ms (cache miss)
1271 silly packumentCache full:https://registry.npmjs.org/es-abstract set size:undefined disposed:false
1272 http fetch GET 200 https://registry.npmjs.org/@types%2fjson5 330ms (cache miss)
1273 silly packumentCache full:https://registry.npmjs.org/@types%2fjson5 set size:undefined disposed:false
1274 http fetch GET 200 https://registry.npmjs.org/call-bound 580ms (cache miss)
1275 silly packumentCache full:https://registry.npmjs.org/call-bound set size:undefined disposed:false
1276 silly packumentCache full:https://registry.npmjs.org/call-bound dispose
1277 silly placeDep ROOT call-bind@1.0.9 OK for: array-includes@3.1.9 want: ^1.0.8
1278 silly placeDep ROOT call-bound@1.0.4 OK for: array-includes@3.1.9 want: ^1.0.4
1279 silly placeDep ROOT define-properties@1.2.1 OK for: array-includes@3.1.9 want: ^1.2.1
1280 silly placeDep ROOT es-abstract@1.24.2 OK for: array-includes@3.1.9 want: ^1.24.0
1281 silly placeDep ROOT es-object-atoms@1.1.2 OK for: array-includes@3.1.9 want: ^1.1.1
1282 silly placeDep ROOT get-intrinsic@1.3.0 OK for: array-includes@3.1.9 want: ^1.3.0
1283 silly placeDep ROOT is-string@1.1.1 OK for: array-includes@3.1.9 want: ^1.1.1
1284 silly placeDep ROOT math-intrinsics@1.1.0 OK for: array-includes@3.1.9 want: ^1.1.0
1285 silly fetch manifest call-bind-apply-helpers@^1.0.2
1286 silly packumentCache full:https://registry.npmjs.org/call-bind-apply-helpers cache-miss
1287 silly fetch manifest es-define-property@^1.0.1
1288 silly packumentCache full:https://registry.npmjs.org/es-define-property cache-miss
1289 silly fetch manifest set-function-length@^1.2.2
1290 silly packumentCache full:https://registry.npmjs.org/set-function-length cache-miss
1291 silly fetch manifest call-bind-apply-helpers@^1.0.2
1292 silly packumentCache full:https://registry.npmjs.org/call-bind-apply-helpers cache-miss
1293 silly fetch manifest define-data-property@^1.0.1
1294 silly packumentCache full:https://registry.npmjs.org/define-data-property cache-miss
1295 silly fetch manifest has-property-descriptors@^1.0.0
1296 silly packumentCache full:https://registry.npmjs.org/has-property-descriptors cache-miss
1297 silly fetch manifest array-buffer-byte-length@^1.0.2
1298 silly packumentCache full:https://registry.npmjs.org/array-buffer-byte-length cache-miss
1299 silly fetch manifest arraybuffer.prototype.slice@^1.0.4
1300 silly packumentCache full:https://registry.npmjs.org/arraybuffer.prototype.slice cache-miss
1301 silly fetch manifest available-typed-arrays@^1.0.7
1302 silly packumentCache full:https://registry.npmjs.org/available-typed-arrays cache-miss
1303 silly fetch manifest data-view-buffer@^1.0.2
1304 silly packumentCache full:https://registry.npmjs.org/data-view-buffer cache-miss
1305 silly fetch manifest data-view-byte-length@^1.0.2
1306 silly packumentCache full:https://registry.npmjs.org/data-view-byte-length cache-miss
1307 http fetch GET 200 https://registry.npmjs.org/array-buffer-byte-length 57ms (cache miss)
1308 silly packumentCache full:https://registry.npmjs.org/array-buffer-byte-length set size:undefined disposed:false
1309 silly fetch manifest data-view-byte-offset@^1.0.1
1310 silly packumentCache full:https://registry.npmjs.org/data-view-byte-offset cache-miss
1311 http fetch GET 200 https://registry.npmjs.org/define-data-property 62ms (cache miss)
1312 silly packumentCache full:https://registry.npmjs.org/define-data-property set size:undefined disposed:false
1313 silly fetch manifest es-define-property@^1.0.1
1314 silly packumentCache full:https://registry.npmjs.org/es-define-property cache-miss
1315 http fetch GET 200 https://registry.npmjs.org/arraybuffer.prototype.slice 70ms (cache miss)
1316 silly packumentCache full:https://registry.npmjs.org/arraybuffer.prototype.slice set size:undefined disposed:false
1317 silly fetch manifest es-set-tostringtag@^2.1.0
1318 silly packumentCache full:https://registry.npmjs.org/es-set-tostringtag cache-miss
1319 http fetch GET 200 https://registry.npmjs.org/call-bind-apply-helpers 83ms (cache miss)
1320 silly packumentCache full:https://registry.npmjs.org/call-bind-apply-helpers set size:undefined disposed:false
1321 silly fetch manifest es-to-primitive@^1.3.0
1322 silly packumentCache full:https://registry.npmjs.org/es-to-primitive cache-miss
1323 http fetch GET 200 https://registry.npmjs.org/has-property-descriptors 84ms (cache miss)
1324 silly packumentCache full:https://registry.npmjs.org/has-property-descriptors set size:undefined disposed:false
1325 silly fetch manifest function.prototype.name@^1.1.8
1326 silly packumentCache full:https://registry.npmjs.org/function.prototype.name cache-miss
1327 http fetch GET 200 https://registry.npmjs.org/es-define-property 91ms (cache miss)
1328 silly packumentCache full:https://registry.npmjs.org/es-define-property set size:undefined disposed:false
1329 silly fetch manifest get-proto@^1.0.1
1330 silly packumentCache full:https://registry.npmjs.org/get-proto cache-miss
1331 http fetch GET 200 https://registry.npmjs.org/set-function-length 99ms (cache miss)
1332 silly packumentCache full:https://registry.npmjs.org/set-function-length set size:undefined disposed:false
1333 silly fetch manifest get-symbol-description@^1.1.0
1334 silly packumentCache full:https://registry.npmjs.org/get-symbol-description cache-miss
1335 http fetch GET 200 https://registry.npmjs.org/es-define-property 41ms (cache miss)
1336 silly packumentCache full:https://registry.npmjs.org/es-define-property set size:undefined disposed:false
1337 silly fetch manifest globalthis@^1.0.4
1338 silly packumentCache full:https://registry.npmjs.org/globalthis cache-miss
1339 http fetch GET 200 https://registry.npmjs.org/es-set-tostringtag 53ms (cache miss)
1340 silly packumentCache full:https://registry.npmjs.org/es-set-tostringtag set size:undefined disposed:false
1341 silly fetch manifest gopd@^1.2.0
1342 silly packumentCache full:https://registry.npmjs.org/gopd cache-miss
1343 http fetch GET 200 https://registry.npmjs.org/globalthis 59ms (cache miss)
1344 silly packumentCache full:https://registry.npmjs.org/globalthis set size:undefined disposed:false
1345 silly fetch manifest has-property-descriptors@^1.0.2
1346 silly packumentCache full:https://registry.npmjs.org/has-property-descriptors cache-miss
1347 http fetch GET 200 https://registry.npmjs.org/get-proto 77ms (cache miss)
1348 silly packumentCache full:https://registry.npmjs.org/get-proto set size:undefined disposed:false
1349 silly fetch manifest has-proto@^1.2.0
1350 silly packumentCache full:https://registry.npmjs.org/has-proto cache-miss
1351 http cache https://registry.npmjs.org/has-property-descriptors 8ms (cache hit)
1352 silly packumentCache full:https://registry.npmjs.org/has-property-descriptors set size:12452 disposed:false
1353 silly fetch manifest has-symbols@^1.1.0
1354 silly packumentCache full:https://registry.npmjs.org/has-symbols cache-miss
1355 http fetch GET 200 https://registry.npmjs.org/gopd 61ms (cache miss)
1356 silly packumentCache full:https://registry.npmjs.org/gopd set size:undefined disposed:false
1357 silly fetch manifest internal-slot@^1.1.0
1358 silly packumentCache full:https://registry.npmjs.org/internal-slot cache-miss
1359 http fetch GET 200 https://registry.npmjs.org/es-to-primitive 115ms (cache miss)
1360 silly packumentCache full:https://registry.npmjs.org/es-to-primitive set size:undefined disposed:false
1361 silly fetch manifest is-array-buffer@^3.0.5
1362 silly packumentCache full:https://registry.npmjs.org/is-array-buffer cache-miss
1363 http fetch GET 200 https://registry.npmjs.org/function.prototype.name 120ms (cache miss)
1364 silly packumentCache full:https://registry.npmjs.org/function.prototype.name set size:undefined disposed:false
1365 silly fetch manifest is-callable@^1.2.7
1366 silly packumentCache full:https://registry.npmjs.org/is-callable cache-miss
1367 http fetch GET 200 https://registry.npmjs.org/has-proto 43ms (cache miss)
1368 silly packumentCache full:https://registry.npmjs.org/has-proto set size:undefined disposed:false
1369 silly fetch manifest is-data-view@^1.0.2
1370 silly packumentCache full:https://registry.npmjs.org/is-data-view cache-miss
1371 http fetch GET 200 https://registry.npmjs.org/get-symbol-description 120ms (cache miss)
1372 silly packumentCache full:https://registry.npmjs.org/get-symbol-description set size:undefined disposed:false
1373 silly fetch manifest is-negative-zero@^2.0.3
1374 silly packumentCache full:https://registry.npmjs.org/is-negative-zero cache-miss
1375 http fetch GET 200 https://registry.npmjs.org/is-data-view 49ms (cache miss)
1376 silly packumentCache full:https://registry.npmjs.org/is-data-view set size:undefined disposed:false
1377 silly fetch manifest is-regex@^1.2.1
1378 silly packumentCache full:https://registry.npmjs.org/is-regex cache-miss
1379 http fetch GET 200 https://registry.npmjs.org/internal-slot 84ms (cache miss)
1380 silly packumentCache full:https://registry.npmjs.org/internal-slot set size:undefined disposed:false
1381 silly fetch manifest is-set@^2.0.3
1382 silly packumentCache full:https://registry.npmjs.org/is-set cache-miss
1383 http fetch GET 200 https://registry.npmjs.org/is-array-buffer 84ms (cache miss)
1384 silly packumentCache full:https://registry.npmjs.org/is-array-buffer set size:undefined disposed:false
1385 silly fetch manifest is-shared-array-buffer@^1.0.4
1386 silly packumentCache full:https://registry.npmjs.org/is-shared-array-buffer cache-miss
1387 http fetch GET 200 https://registry.npmjs.org/is-regex 56ms (cache miss)
1388 silly packumentCache full:https://registry.npmjs.org/is-regex set size:undefined disposed:false
1389 silly fetch manifest is-typed-array@^1.1.15
1390 silly packumentCache full:https://registry.npmjs.org/is-typed-array cache-miss
1391 http fetch GET 200 https://registry.npmjs.org/is-set 58ms (cache miss)
1392 silly packumentCache full:https://registry.npmjs.org/is-set set size:undefined disposed:false
1393 silly fetch manifest is-weakref@^1.1.1
1394 silly packumentCache full:https://registry.npmjs.org/is-weakref cache-miss
1395 http fetch GET 200 https://registry.npmjs.org/available-typed-arrays 345ms (cache miss)
1396 silly packumentCache full:https://registry.npmjs.org/available-typed-arrays set size:undefined disposed:false
1397 silly fetch manifest object-inspect@^1.13.4
1398 silly packumentCache full:https://registry.npmjs.org/object-inspect cache-miss
1399 http fetch GET 200 https://registry.npmjs.org/is-shared-array-buffer 64ms (cache miss)
1400 silly packumentCache full:https://registry.npmjs.org/is-shared-array-buffer set size:undefined disposed:false
1401 silly fetch manifest object.assign@^4.1.7
1402 silly packumentCache full:https://registry.npmjs.org/object.assign cache-miss
1403 http fetch GET 200 https://registry.npmjs.org/data-view-byte-offset 318ms (cache miss)
1404 silly packumentCache full:https://registry.npmjs.org/data-view-byte-offset set size:undefined disposed:false
1405 silly fetch manifest own-keys@^1.0.1
1406 silly packumentCache full:https://registry.npmjs.org/own-keys cache-miss
1407 http fetch GET 200 https://registry.npmjs.org/object.assign 58ms (cache miss)
1408 silly packumentCache full:https://registry.npmjs.org/object.assign set size:undefined disposed:false
1409 silly fetch manifest regexp.prototype.flags@^1.5.4
1410 silly packumentCache full:https://registry.npmjs.org/regexp.prototype.flags cache-miss
1411 http fetch GET 200 https://registry.npmjs.org/is-typed-array 103ms (cache miss)
1412 silly packumentCache full:https://registry.npmjs.org/is-typed-array set size:undefined disposed:false
1413 silly fetch manifest safe-array-concat@^1.1.3
1414 silly packumentCache full:https://registry.npmjs.org/safe-array-concat cache-miss
1415 http fetch GET 200 https://registry.npmjs.org/regexp.prototype.flags 52ms (cache miss)
1416 silly packumentCache full:https://registry.npmjs.org/regexp.prototype.flags set size:undefined disposed:false
1417 silly fetch manifest safe-push-apply@^1.0.0
1418 silly packumentCache full:https://registry.npmjs.org/safe-push-apply cache-miss
1419 http fetch GET 200 https://registry.npmjs.org/object-inspect 121ms (cache miss)
1420 silly packumentCache full:https://registry.npmjs.org/object-inspect set size:undefined disposed:false
1421 silly fetch manifest safe-regex-test@^1.1.0
1422 silly packumentCache full:https://registry.npmjs.org/safe-regex-test cache-miss
1423 http cache https://registry.npmjs.org/safe-regex-test 9ms (cache hit)
1424 silly packumentCache full:https://registry.npmjs.org/safe-regex-test set size:17412 disposed:false
1425 silly fetch manifest set-proto@^1.0.0
1426 silly packumentCache full:https://registry.npmjs.org/set-proto cache-miss
1427 http fetch GET 200 https://registry.npmjs.org/call-bind-apply-helpers 487ms (cache miss)
1428 silly packumentCache full:https://registry.npmjs.org/call-bind-apply-helpers set size:undefined disposed:false
1429 silly fetch manifest stop-iteration-iterator@^1.1.0
1430 silly packumentCache full:https://registry.npmjs.org/stop-iteration-iterator cache-miss
1431 http fetch GET 200 https://registry.npmjs.org/safe-push-apply 39ms (cache miss)
1432 silly packumentCache full:https://registry.npmjs.org/safe-push-apply set size:undefined disposed:false
1433 silly fetch manifest string.prototype.trim@^1.2.10
1434 silly packumentCache full:https://registry.npmjs.org/string.prototype.trim cache-miss
1435 http fetch GET 200 https://registry.npmjs.org/string.prototype.trim 56ms (cache miss)
1436 silly packumentCache full:https://registry.npmjs.org/string.prototype.trim set size:undefined disposed:false
1437 silly fetch manifest string.prototype.trimstart@^1.0.8
1438 silly packumentCache full:https://registry.npmjs.org/string.prototype.trimstart cache-miss
1439 http fetch GET 200 https://registry.npmjs.org/set-proto 92ms (cache miss)
1440 silly packumentCache full:https://registry.npmjs.org/set-proto set size:undefined disposed:false
1441 silly fetch manifest typed-array-buffer@^1.0.3
1442 silly packumentCache full:https://registry.npmjs.org/typed-array-buffer cache-miss
1443 http fetch GET 200 https://registry.npmjs.org/is-negative-zero 364ms (cache miss)
1444 silly packumentCache full:https://registry.npmjs.org/is-negative-zero set size:undefined disposed:false
1445 silly fetch manifest typed-array-byte-length@^1.0.3
1446 silly packumentCache full:https://registry.npmjs.org/typed-array-byte-length cache-miss
1447 http fetch GET 200 https://registry.npmjs.org/is-callable 390ms (cache miss)
1448 silly packumentCache full:https://registry.npmjs.org/is-callable set size:undefined disposed:false
1449 silly fetch manifest typed-array-byte-offset@^1.0.4
1450 silly packumentCache full:https://registry.npmjs.org/typed-array-byte-offset cache-miss
1451 http fetch GET 200 https://registry.npmjs.org/data-view-buffer 618ms (cache miss)
1452 silly packumentCache full:https://registry.npmjs.org/data-view-buffer set size:undefined disposed:false
1453 silly fetch manifest typed-array-length@^1.0.7
1454 silly packumentCache full:https://registry.npmjs.org/typed-array-length cache-miss
1455 http fetch GET 200 https://registry.npmjs.org/string.prototype.trimstart 64ms (cache miss)
1456 silly packumentCache full:https://registry.npmjs.org/string.prototype.trimstart set size:undefined disposed:false
1457 silly fetch manifest unbox-primitive@^1.1.0
1458 silly packumentCache full:https://registry.npmjs.org/unbox-primitive cache-miss
1459 http fetch GET 200 https://registry.npmjs.org/is-weakref 299ms (cache miss)
1460 silly packumentCache full:https://registry.npmjs.org/is-weakref set size:undefined disposed:false
1461 silly fetch manifest which-typed-array@^1.1.19
1462 silly packumentCache full:https://registry.npmjs.org/which-typed-array cache-miss
1463 http fetch GET 200 https://registry.npmjs.org/data-view-byte-length 662ms (cache miss)
1464 silly packumentCache full:https://registry.npmjs.org/data-view-byte-length set size:undefined disposed:false
1465 silly fetch manifest has-symbols@^1.1.0
1466 silly packumentCache full:https://registry.npmjs.org/has-symbols cache-miss
1467 http fetch GET 200 https://registry.npmjs.org/typed-array-buffer 100ms (cache miss)
1468 silly packumentCache full:https://registry.npmjs.org/typed-array-buffer set size:undefined disposed:false
1469 silly fetch manifest has-tostringtag@^1.0.2
1470 silly packumentCache full:https://registry.npmjs.org/has-tostringtag cache-miss
1471 http fetch GET 200 https://registry.npmjs.org/typed-array-length 56ms (cache miss)
1472 silly packumentCache full:https://registry.npmjs.org/typed-array-length set size:undefined disposed:false
1473 http fetch GET 200 https://registry.npmjs.org/stop-iteration-iterator 194ms (cache miss)
1474 silly packumentCache full:https://registry.npmjs.org/stop-iteration-iterator set size:undefined disposed:false
1475 http fetch GET 200 https://registry.npmjs.org/typed-array-byte-length 127ms (cache miss)
1476 silly packumentCache full:https://registry.npmjs.org/typed-array-byte-length set size:undefined disposed:false
1477 http fetch GET 200 https://registry.npmjs.org/has-symbols 560ms (cache miss)
1478 silly packumentCache full:https://registry.npmjs.org/has-symbols set size:undefined disposed:false
1479 http fetch GET 200 https://registry.npmjs.org/own-keys 370ms (cache miss)
1480 silly packumentCache full:https://registry.npmjs.org/own-keys set size:undefined disposed:false
1481 http fetch GET 200 https://registry.npmjs.org/safe-array-concat 332ms (cache miss)
1482 silly packumentCache full:https://registry.npmjs.org/safe-array-concat set size:undefined disposed:false
1483 http fetch GET 200 https://registry.npmjs.org/has-tostringtag 87ms (cache miss)
1484 silly packumentCache full:https://registry.npmjs.org/has-tostringtag set size:undefined disposed:false
1485 http fetch GET 200 https://registry.npmjs.org/unbox-primitive 272ms (cache miss)
1486 silly packumentCache full:https://registry.npmjs.org/unbox-primitive set size:undefined disposed:false
1487 http fetch GET 200 https://registry.npmjs.org/typed-array-byte-offset 379ms (cache miss)
1488 silly packumentCache full:https://registry.npmjs.org/typed-array-byte-offset set size:undefined disposed:false
1489 http fetch GET 200 https://registry.npmjs.org/which-typed-array 345ms (cache miss)
1490 silly packumentCache full:https://registry.npmjs.org/which-typed-array set size:undefined disposed:false
1491 http fetch GET 200 https://registry.npmjs.org/has-symbols 462ms (cache miss)
1492 silly packumentCache full:https://registry.npmjs.org/has-symbols set size:undefined disposed:false
1493 silly placeDep ROOT es-errors@1.3.0 OK for: array.prototype.findlastindex@1.2.6 want: ^1.3.0
1494 silly placeDep ROOT es-shim-unscopables@1.1.0 OK for: array.prototype.findlastindex@1.2.6 want: ^1.1.0
1495 silly placeDep ROOT call-bind-apply-helpers@1.0.2 OK for: call-bind@1.0.9 want: ^1.0.2
1496 silly placeDep ROOT es-define-property@1.0.1 OK for: call-bind@1.0.9 want: ^1.0.1
1497 silly placeDep ROOT set-function-length@1.2.2 OK for: call-bind@1.0.9 want: ^1.2.2
1498 silly fetch manifest define-data-property@^1.1.4
1499 silly packumentCache full:https://registry.npmjs.org/define-data-property cache-miss
1500 silly fetch manifest gopd@^1.0.1
1501 silly packumentCache full:https://registry.npmjs.org/gopd cache-miss
1502 http cache https://registry.npmjs.org/define-data-property 19ms (cache hit)
1503 silly packumentCache full:https://registry.npmjs.org/define-data-property set size:28048 disposed:false
1504 http cache https://registry.npmjs.org/gopd 20ms (cache hit)
1505 silly packumentCache full:https://registry.npmjs.org/gopd set size:11483 disposed:false
1506 silly placeDep ROOT function-bind@1.1.2 OK for: call-bind-apply-helpers@1.0.2 want: ^1.1.2
1507 silly placeDep ROOT define-data-property@1.1.4 OK for: define-properties@1.2.1 want: ^1.0.1
1508 silly placeDep ROOT has-property-descriptors@1.0.2 OK for: define-properties@1.2.1 want: ^1.0.0
1509 silly placeDep ROOT object-keys@1.1.1 OK for: define-properties@1.2.1 want: ^1.1.1
1510 silly placeDep ROOT gopd@1.2.0 OK for: define-data-property@1.1.4 want: ^1.0.1
1511 silly placeDep ROOT array-buffer-byte-length@1.0.2 OK for: es-abstract@1.24.2 want: ^1.0.2
1512 silly placeDep ROOT arraybuffer.prototype.slice@1.0.4 OK for: es-abstract@1.24.2 want: ^1.0.4
1513 silly placeDep ROOT available-typed-arrays@1.0.7 OK for: es-abstract@1.24.2 want: ^1.0.7
1514 silly placeDep ROOT data-view-buffer@1.0.2 OK for: es-abstract@1.24.2 want: ^1.0.2
1515 silly placeDep ROOT data-view-byte-length@1.0.2 OK for: es-abstract@1.24.2 want: ^1.0.2
1516 silly placeDep ROOT data-view-byte-offset@1.0.1 OK for: es-abstract@1.24.2 want: ^1.0.1
1517 silly placeDep ROOT es-set-tostringtag@2.1.0 OK for: es-abstract@1.24.2 want: ^2.1.0
1518 silly placeDep ROOT es-to-primitive@1.3.4 OK for: es-abstract@1.24.2 want: ^1.3.0
1519 silly placeDep ROOT function.prototype.name@1.2.0 OK for: es-abstract@1.24.2 want: ^1.1.8
1520 silly placeDep ROOT get-proto@1.0.1 OK for: es-abstract@1.24.2 want: ^1.0.1
1521 silly placeDep ROOT get-symbol-description@1.1.0 OK for: es-abstract@1.24.2 want: ^1.1.0
1522 silly placeDep ROOT globalthis@1.0.4 OK for: es-abstract@1.24.2 want: ^1.0.4
1523 silly placeDep ROOT has-proto@1.2.0 OK for: es-abstract@1.24.2 want: ^1.2.0
1524 silly placeDep ROOT has-symbols@1.1.0 OK for: es-abstract@1.24.2 want: ^1.1.0
1525 silly placeDep ROOT internal-slot@1.1.0 OK for: es-abstract@1.24.2 want: ^1.1.0
1526 silly placeDep ROOT is-array-buffer@3.0.5 OK for: es-abstract@1.24.2 want: ^3.0.5
1527 silly placeDep ROOT is-callable@1.2.7 OK for: es-abstract@1.24.2 want: ^1.2.7
1528 silly placeDep ROOT is-data-view@1.0.2 OK for: es-abstract@1.24.2 want: ^1.0.2
1529 silly placeDep ROOT is-negative-zero@2.0.3 OK for: es-abstract@1.24.2 want: ^2.0.3
1530 silly placeDep ROOT is-regex@1.2.1 OK for: es-abstract@1.24.2 want: ^1.2.1
1531 silly placeDep ROOT is-set@2.0.3 OK for: es-abstract@1.24.2 want: ^2.0.3
1532 silly placeDep ROOT is-shared-array-buffer@1.0.4 OK for: es-abstract@1.24.2 want: ^1.0.4
1533 silly placeDep ROOT is-typed-array@1.1.15 OK for: es-abstract@1.24.2 want: ^1.1.15
1534 silly placeDep ROOT is-weakref@1.1.1 OK for: es-abstract@1.24.2 want: ^1.1.1
1535 silly placeDep ROOT object-inspect@1.13.4 OK for: es-abstract@1.24.2 want: ^1.13.4
1536 silly placeDep ROOT object.assign@4.1.7 OK for: es-abstract@1.24.2 want: ^4.1.7
1537 silly placeDep ROOT own-keys@1.0.1 OK for: es-abstract@1.24.2 want: ^1.0.1
1538 silly placeDep ROOT regexp.prototype.flags@1.5.4 OK for: es-abstract@1.24.2 want: ^1.5.4
1539 silly placeDep ROOT safe-array-concat@1.1.4 OK for: es-abstract@1.24.2 want: ^1.1.3
1540 silly placeDep ROOT safe-push-apply@1.0.0 OK for: es-abstract@1.24.2 want: ^1.0.0
1541 silly placeDep ROOT safe-regex-test@1.1.0 OK for: es-abstract@1.24.2 want: ^1.1.0
1542 silly placeDep ROOT set-proto@1.0.0 OK for: es-abstract@1.24.2 want: ^1.0.0
1543 silly placeDep ROOT stop-iteration-iterator@1.1.0 OK for: es-abstract@1.24.2 want: ^1.1.0
1544 silly placeDep ROOT string.prototype.trim@1.2.11 OK for: es-abstract@1.24.2 want: ^1.2.10
1545 silly placeDep ROOT string.prototype.trimstart@1.0.8 OK for: es-abstract@1.24.2 want: ^1.0.8
1546 silly placeDep ROOT typed-array-buffer@1.0.3 OK for: es-abstract@1.24.2 want: ^1.0.3
1547 silly placeDep ROOT typed-array-byte-length@1.0.3 OK for: es-abstract@1.24.2 want: ^1.0.3
1548 silly placeDep ROOT typed-array-byte-offset@1.0.4 OK for: es-abstract@1.24.2 want: ^1.0.4
1549 silly placeDep ROOT typed-array-length@1.0.8 OK for: es-abstract@1.24.2 want: ^1.0.7
1550 silly placeDep ROOT unbox-primitive@1.1.0 OK for: es-abstract@1.24.2 want: ^1.1.0
1551 silly placeDep ROOT which-typed-array@1.1.22 OK for: es-abstract@1.24.2 want: ^1.1.19
1552 silly fetch manifest is-array-buffer@^3.0.4
1553 silly packumentCache full:https://registry.npmjs.org/is-array-buffer cache-miss
1554 silly fetch manifest possible-typed-array-names@^1.0.0
1555 silly packumentCache full:https://registry.npmjs.org/possible-typed-array-names cache-miss
1556 silly fetch manifest is-data-view@^1.0.1
1557 silly packumentCache full:https://registry.npmjs.org/is-data-view cache-miss
1558 silly fetch manifest is-symbol@^1.1.1
1559 silly packumentCache full:https://registry.npmjs.org/is-symbol cache-miss
1560 silly fetch manifest is-date-object@^1.1.0
1561 silly packumentCache full:https://registry.npmjs.org/is-date-object cache-miss
1562 silly fetch manifest es-abstract-get@^1.0.0
1563 silly packumentCache full:https://registry.npmjs.org/es-abstract-get cache-miss
1564 silly fetch manifest is-document.all@^1.0.0
1565 silly packumentCache full:https://registry.npmjs.org/is-document.all cache-miss
1566 silly fetch manifest functions-have-names@^1.2.3
1567 silly packumentCache full:https://registry.npmjs.org/functions-have-names cache-miss
1568 silly fetch manifest dunder-proto@^1.0.1
1569 silly packumentCache full:https://registry.npmjs.org/dunder-proto cache-miss
1570 silly fetch manifest dunder-proto@^1.0.0
1571 silly packumentCache full:https://registry.npmjs.org/dunder-proto cache-miss
1572 silly fetch manifest side-channel@^1.1.0
1573 silly packumentCache full:https://registry.npmjs.org/side-channel cache-miss
1574 http cache https://registry.npmjs.org/is-data-view 26ms (cache hit)
1575 silly packumentCache full:https://registry.npmjs.org/is-data-view set size:13756 disposed:false
1576 silly fetch manifest is-typed-array@^1.1.13
1577 silly packumentCache full:https://registry.npmjs.org/is-typed-array cache-miss
1578 http cache https://registry.npmjs.org/is-array-buffer 30ms (cache hit)
1579 silly packumentCache full:https://registry.npmjs.org/is-array-buffer set size:33562 disposed:false
1580 silly fetch manifest which-typed-array@^1.1.16
1581 silly packumentCache full:https://registry.npmjs.org/which-typed-array cache-miss
1582 http cache https://registry.npmjs.org/is-typed-array 13ms (cache hit)
1583 silly packumentCache full:https://registry.npmjs.org/is-typed-array set size:79965 disposed:false
1584 silly fetch manifest set-function-name@^2.0.2
1585 silly packumentCache full:https://registry.npmjs.org/set-function-name cache-miss
1586 http cache https://registry.npmjs.org/which-typed-array 16ms (cache hit)
1587 silly packumentCache full:https://registry.npmjs.org/which-typed-array set size:101551 disposed:false
1588 silly fetch manifest isarray@^2.0.5
1589 silly packumentCache full:https://registry.npmjs.org/isarray cache-miss
1590 http fetch GET 200 https://registry.npmjs.org/es-abstract-get 66ms (cache miss)
1591 silly packumentCache full:https://registry.npmjs.org/es-abstract-get set size:undefined disposed:false
1592 silly fetch manifest isarray@^2.0.5
1593 silly packumentCache full:https://registry.npmjs.org/isarray cache-miss
1594 http fetch GET 200 https://registry.npmjs.org/is-document.all 93ms (cache miss)
1595 silly packumentCache full:https://registry.npmjs.org/is-document.all set size:undefined disposed:false
1596 silly fetch manifest dunder-proto@^1.0.1
1597 silly packumentCache full:https://registry.npmjs.org/dunder-proto cache-miss
1598 http fetch GET 200 https://registry.npmjs.org/is-symbol 111ms (cache miss)
1599 silly packumentCache full:https://registry.npmjs.org/is-symbol set size:undefined disposed:false
1600 silly fetch manifest for-each@^0.3.3
1601 silly packumentCache full:https://registry.npmjs.org/for-each cache-miss
1602 http fetch GET 200 https://registry.npmjs.org/side-channel 122ms (cache miss)
1603 silly packumentCache full:https://registry.npmjs.org/side-channel set size:undefined disposed:false
1604 silly fetch manifest for-each@^0.3.3
1605 silly packumentCache full:https://registry.npmjs.org/for-each cache-miss
1606 http fetch GET 200 https://registry.npmjs.org/set-function-name 96ms (cache miss)
1607 silly packumentCache full:https://registry.npmjs.org/set-function-name set size:undefined disposed:false
1608 silly fetch manifest reflect.getprototypeof@^1.0.9
1609 silly packumentCache full:https://registry.npmjs.org/reflect.getprototypeof cache-miss
1610 http fetch GET 200 https://registry.npmjs.org/isarray 69ms (cache miss)
1611 silly packumentCache full:https://registry.npmjs.org/isarray set size:undefined disposed:false
1612 silly fetch manifest for-each@^0.3.5
1613 silly packumentCache full:https://registry.npmjs.org/for-each cache-miss
1614 http fetch GET 200 https://registry.npmjs.org/dunder-proto 137ms (cache miss)
1615 silly packumentCache full:https://registry.npmjs.org/dunder-proto set size:undefined disposed:false
1616 silly fetch manifest possible-typed-array-names@^1.1.0
1617 silly packumentCache full:https://registry.npmjs.org/possible-typed-array-names cache-miss
1618 http fetch GET 200 https://registry.npmjs.org/possible-typed-array-names 158ms (cache miss)
1619 silly packumentCache full:https://registry.npmjs.org/possible-typed-array-names set size:undefined disposed:false
1620 silly fetch manifest reflect.getprototypeof@^1.0.10
1621 silly packumentCache full:https://registry.npmjs.org/reflect.getprototypeof cache-miss
1622 http fetch GET 200 https://registry.npmjs.org/is-date-object 160ms (cache miss)
1623 silly packumentCache full:https://registry.npmjs.org/is-date-object set size:undefined disposed:false
1624 silly fetch manifest has-bigints@^1.0.2
1625 silly packumentCache full:https://registry.npmjs.org/has-bigints cache-miss
1626 http fetch GET 200 https://registry.npmjs.org/possible-typed-array-names 67ms (cache miss)
1627 silly packumentCache full:https://registry.npmjs.org/possible-typed-array-names set size:undefined disposed:false
1628 silly fetch manifest which-boxed-primitive@^1.1.1
1629 silly packumentCache full:https://registry.npmjs.org/which-boxed-primitive cache-miss
1630 http fetch GET 200 https://registry.npmjs.org/dunder-proto 113ms (cache miss)
1631 silly packumentCache full:https://registry.npmjs.org/dunder-proto set size:undefined disposed:false
1632 silly fetch manifest for-each@^0.3.5
1633 silly packumentCache full:https://registry.npmjs.org/for-each cache-miss
1634 http fetch GET 200 https://registry.npmjs.org/reflect.getprototypeof 80ms (cache miss)
1635 silly packumentCache full:https://registry.npmjs.org/reflect.getprototypeof set size:undefined disposed:false
1636 http fetch GET 200 https://registry.npmjs.org/reflect.getprototypeof 69ms (cache miss)
1637 silly packumentCache full:https://registry.npmjs.org/reflect.getprototypeof set size:undefined disposed:false
1638 http fetch GET 200 https://registry.npmjs.org/has-bigints 95ms (cache miss)
1639 silly packumentCache full:https://registry.npmjs.org/has-bigints set size:undefined disposed:false
1640 http fetch GET 200 https://registry.npmjs.org/functions-have-names 315ms (cache miss)
1641 silly packumentCache full:https://registry.npmjs.org/functions-have-names set size:undefined disposed:false
1642 http fetch GET 200 https://registry.npmjs.org/isarray 286ms (cache miss)
1643 silly packumentCache full:https://registry.npmjs.org/isarray set size:undefined disposed:false
1644 http fetch GET 200 https://registry.npmjs.org/for-each 244ms (cache miss)
1645 silly packumentCache full:https://registry.npmjs.org/for-each set size:undefined disposed:false
1646 http fetch GET 200 https://registry.npmjs.org/dunder-proto 457ms (cache miss)
1647 silly packumentCache full:https://registry.npmjs.org/dunder-proto set size:undefined disposed:false
1648 http fetch GET 200 https://registry.npmjs.org/for-each 336ms (cache miss)
1649 silly packumentCache full:https://registry.npmjs.org/for-each set size:undefined disposed:false
1650 http fetch GET 200 https://registry.npmjs.org/for-each 348ms (cache miss)
1651 silly packumentCache full:https://registry.npmjs.org/for-each set size:undefined disposed:false
1652 http fetch GET 200 https://registry.npmjs.org/which-boxed-primitive 277ms (cache miss)
1653 silly packumentCache full:https://registry.npmjs.org/which-boxed-primitive set size:undefined disposed:false
1654 http fetch GET 200 https://registry.npmjs.org/for-each 426ms (cache miss)
1655 silly packumentCache full:https://registry.npmjs.org/for-each set size:undefined disposed:false
1656 silly placeDep ROOT possible-typed-array-names@1.1.0 OK for: available-typed-arrays@1.0.7 want: ^1.0.0
1657 silly placeDep ROOT has-tostringtag@1.0.2 OK for: es-set-tostringtag@2.1.0 want: ^1.0.2
1658 silly placeDep ROOT es-abstract-get@1.0.0 OK for: es-to-primitive@1.3.4 want: ^1.0.0
1659 silly placeDep ROOT is-date-object@1.1.0 OK for: es-to-primitive@1.3.4 want: ^1.1.0
1660 silly placeDep ROOT is-symbol@1.1.1 OK for: es-to-primitive@1.3.4 want: ^1.1.1
1661 silly placeDep node_modules/eslint-module-utils debug@3.2.7 OK for: eslint-module-utils@2.14.0 want: ^3.2.7
1662 silly placeDep ROOT aria-query@5.3.2 OK for: eslint-plugin-jsx-a11y@6.10.2 want: ^5.3.2
1663 silly placeDep ROOT ast-types-flow@0.0.8 OK for: eslint-plugin-jsx-a11y@6.10.2 want: ^0.0.8
1664 silly placeDep ROOT axe-core@4.12.1 OK for: eslint-plugin-jsx-a11y@6.10.2 want: ^4.10.0
1665 silly placeDep ROOT axobject-query@4.1.0 OK for: eslint-plugin-jsx-a11y@6.10.2 want: ^4.1.0
1666 silly placeDep ROOT damerau-levenshtein@1.0.8 OK for: eslint-plugin-jsx-a11y@6.10.2 want: ^1.0.8
1667 silly placeDep ROOT emoji-regex@9.2.2 OK for: eslint-plugin-jsx-a11y@6.10.2 want: ^9.2.2
1668 silly placeDep ROOT jsx-ast-utils@3.3.5 OK for: eslint-plugin-jsx-a11y@6.10.2 want: ^3.3.5
1669 silly placeDep ROOT language-tags@1.0.9 OK for: eslint-plugin-jsx-a11y@6.10.2 want: ^1.0.9
1670 silly placeDep ROOT string.prototype.includes@2.0.1 OK for: eslint-plugin-jsx-a11y@6.10.2 want: ^2.0.1
1671 silly fetch manifest language-subtag-registry@^0.3.20
1672 silly packumentCache full:https://registry.npmjs.org/language-subtag-registry cache-miss
1673 http fetch GET 200 https://registry.npmjs.org/language-subtag-registry 410ms (cache miss)
1674 silly packumentCache full:https://registry.npmjs.org/language-subtag-registry set size:undefined disposed:false
1675 silly placeDep ROOT array.prototype.findlast@1.2.5 OK for: eslint-plugin-react@7.37.5 want: ^1.2.5
1676 silly placeDep ROOT array.prototype.tosorted@1.1.4 OK for: eslint-plugin-react@7.37.5 want: ^1.1.4
1677 silly placeDep ROOT es-iterator-helpers@1.4.0 OK for: eslint-plugin-react@7.37.5 want: ^1.2.1
1678 silly placeDep ROOT estraverse@5.3.0 OK for: eslint-plugin-react@7.37.5 want: ^5.3.0
1679 silly placeDep ROOT object.entries@1.1.9 OK for: eslint-plugin-react@7.37.5 want: ^1.1.9
1680 silly placeDep ROOT prop-types@15.8.1 OK for: eslint-plugin-react@7.37.5 want: ^15.8.1
1681 silly placeDep ROOT string.prototype.matchall@4.0.12 OK for: eslint-plugin-react@7.37.5 want: ^4.0.12
1682 silly placeDep ROOT string.prototype.repeat@1.0.0 OK for: eslint-plugin-react@7.37.5 want: ^1.0.0
1683 silly fetch manifest iterator.prototype@^1.1.5
1684 silly packumentCache full:https://registry.npmjs.org/iterator.prototype cache-miss
1685 silly fetch manifest loose-envify@^1.4.0
1686 silly packumentCache full:https://registry.npmjs.org/loose-envify cache-miss
1687 silly fetch manifest object-assign@^4.1.1
1688 silly packumentCache full:https://registry.npmjs.org/object-assign cache-miss
1689 silly fetch manifest react-is@^16.13.1
1690 silly packumentCache full:https://registry.npmjs.org/react-is cache-miss
1691 http fetch GET 200 https://registry.npmjs.org/object-assign 46ms (cache miss)
1692 silly packumentCache full:https://registry.npmjs.org/object-assign set size:undefined disposed:false
1693 http fetch GET 200 https://registry.npmjs.org/iterator.prototype 53ms (cache miss)
1694 silly packumentCache full:https://registry.npmjs.org/iterator.prototype set size:undefined disposed:false
1695 http fetch GET 200 https://registry.npmjs.org/loose-envify 66ms (cache miss)
1696 silly packumentCache full:https://registry.npmjs.org/loose-envify set size:undefined disposed:false
1697 http fetch GET 200 https://registry.npmjs.org/react-is 1702ms (cache miss)
1698 silly packumentCache full:https://registry.npmjs.org/react-is set size:undefined disposed:false
1699 silly placeDep ROOT iterator.prototype@1.1.5 OK for: es-iterator-helpers@1.4.0 want: ^1.1.5
1700 silly placeDep ROOT @babel/core@7.29.7 OK for: eslint-plugin-react-hooks@7.1.1 want: ^7.24.4
1701 silly placeDep ROOT @babel/parser@7.29.7 OK for: eslint-plugin-react-hooks@7.1.1 want: ^7.24.4
1702 silly placeDep ROOT hermes-parser@0.25.1 OK for: eslint-plugin-react-hooks@7.1.1 want: ^0.25.1
1703 silly placeDep ROOT zod@4.4.3 OK for: eslint-plugin-react-hooks@7.1.1 want: ^3.25.0 || ^4.0.0
1704 silly placeDep ROOT zod-validation-error@4.0.2 OK for: eslint-plugin-react-hooks@7.1.1 want: ^3.5.0 || ^4.0.0
1705 silly fetch manifest json5@^2.2.3
1706 silly packumentCache full:https://registry.npmjs.org/json5 cache-miss
1707 silly fetch manifest gensync@^1.0.0-beta.2
1708 silly packumentCache full:https://registry.npmjs.org/gensync cache-miss
1709 silly fetch manifest @babel/types@^7.29.7
1710 silly packumentCache full:https://registry.npmjs.org/@babel%2ftypes cache-miss
1711 silly fetch manifest @babel/parser@^7.29.7
1712 silly packumentCache full:https://registry.npmjs.org/@babel%2fparser cache-miss
1713 silly fetch manifest @babel/helpers@^7.29.7
1714 silly packumentCache full:https://registry.npmjs.org/@babel%2fhelpers cache-miss
1715 silly fetch manifest @babel/template@^7.29.7
1716 silly packumentCache full:https://registry.npmjs.org/@babel%2ftemplate cache-miss
1717 silly fetch manifest @babel/traverse@^7.29.7
1718 silly packumentCache full:https://registry.npmjs.org/@babel%2ftraverse cache-miss
1719 silly fetch manifest @babel/generator@^7.29.7
1720 silly packumentCache full:https://registry.npmjs.org/@babel%2fgenerator cache-miss
1721 silly fetch manifest @babel/code-frame@^7.29.7
1722 silly packumentCache full:https://registry.npmjs.org/@babel%2fcode-frame cache-miss
1723 silly fetch manifest convert-source-map@^2.0.0
1724 silly packumentCache full:https://registry.npmjs.org/convert-source-map cache-miss
1725 silly fetch manifest @jridgewell/remapping@^2.3.5
1726 silly packumentCache full:https://registry.npmjs.org/@jridgewell%2fremapping cache-miss
1727 http cache https://registry.npmjs.org/@babel%2fparser 25ms (cache hit)
1728 silly packumentCache full:https://registry.npmjs.org/@babel%2fparser set size:735431 disposed:false
1729 silly fetch manifest @babel/helper-module-transforms@^7.29.7
1730 silly packumentCache full:https://registry.npmjs.org/@babel%2fhelper-module-transforms cache-miss
1731 http cache https://registry.npmjs.org/json5 43ms (cache hit)
1732 silly packumentCache full:https://registry.npmjs.org/json5 set size:86136 disposed:false
1733 silly fetch manifest @babel/helper-compilation-targets@^7.29.7
1734 silly packumentCache full:https://registry.npmjs.org/@babel%2fhelper-compilation-targets cache-miss
1735 http fetch GET 200 https://registry.npmjs.org/gensync 73ms (cache miss)
1736 silly packumentCache full:https://registry.npmjs.org/gensync set size:undefined disposed:false
1737 silly fetch manifest @babel/types@^7.29.7
1738 silly packumentCache full:https://registry.npmjs.org/@babel%2ftypes cache-miss
1739 http fetch GET 200 https://registry.npmjs.org/convert-source-map 81ms (cache miss)
1740 silly packumentCache full:https://registry.npmjs.org/convert-source-map set size:undefined disposed:false
1741 silly fetch manifest hermes-estree@0.25.1
1742 silly packumentCache full:https://registry.npmjs.org/hermes-estree cache-miss
1743 http fetch GET 200 https://registry.npmjs.org/@jridgewell%2fremapping 105ms (cache miss)
1744 silly packumentCache full:https://registry.npmjs.org/@jridgewell%2fremapping set size:undefined disposed:false
1745 http fetch GET 200 https://registry.npmjs.org/@babel%2fcode-frame 218ms (cache miss)
1746 silly packumentCache full:https://registry.npmjs.org/@babel%2fcode-frame set size:undefined disposed:false
1747 http fetch GET 200 https://registry.npmjs.org/@babel%2fhelper-module-transforms 218ms (cache miss)
1748 silly packumentCache full:https://registry.npmjs.org/@babel%2fhelper-module-transforms set size:undefined disposed:false
1749 http fetch GET 200 https://registry.npmjs.org/@babel%2ftemplate 331ms (cache miss)
1750 silly packumentCache full:https://registry.npmjs.org/@babel%2ftemplate set size:undefined disposed:false
1751 http fetch GET 200 https://registry.npmjs.org/@babel%2ftypes 318ms (cache miss)
1752 silly packumentCache full:https://registry.npmjs.org/@babel%2ftypes set size:undefined disposed:false
1753 http fetch GET 200 https://registry.npmjs.org/@babel%2ftraverse 402ms (cache miss)
1754 silly packumentCache full:https://registry.npmjs.org/@babel%2ftraverse set size:undefined disposed:false
1755 http fetch GET 200 https://registry.npmjs.org/hermes-estree 328ms (cache miss)
1756 silly packumentCache full:https://registry.npmjs.org/hermes-estree set size:undefined disposed:false
1757 http fetch GET 200 https://registry.npmjs.org/@babel%2fgenerator 533ms (cache miss)
1758 silly packumentCache full:https://registry.npmjs.org/@babel%2fgenerator set size:undefined disposed:false
1759 http fetch GET 200 https://registry.npmjs.org/@babel%2fhelper-compilation-targets 581ms (cache miss)
1760 silly packumentCache full:https://registry.npmjs.org/@babel%2fhelper-compilation-targets set size:undefined disposed:false
1761 http fetch GET 200 https://registry.npmjs.org/@babel%2ftypes 747ms (cache miss)
1762 silly packumentCache full:https://registry.npmjs.org/@babel%2ftypes set size:undefined disposed:false
1763 http fetch GET 200 https://registry.npmjs.org/@babel%2fhelpers 859ms (cache miss)
1764 silly packumentCache full:https://registry.npmjs.org/@babel%2fhelpers set size:undefined disposed:false
1765 silly fetch manifest @babel/core@^7.0.0
1766 silly packumentCache full:https://registry.npmjs.org/@babel%2fcore cache-miss
1767 http cache https://registry.npmjs.org/@babel%2fcore 14ms (cache hit)
1768 silly packumentCache full:https://registry.npmjs.org/@babel%2fcore set size:788258 disposed:false
1769 silly placeDep ROOT @babel/code-frame@7.29.7 OK for: @babel/core@7.29.7 want: ^7.29.7
1770 silly placeDep ROOT @babel/generator@7.29.7 OK for: @babel/core@7.29.7 want: ^7.29.7
1771 silly placeDep ROOT @babel/helper-compilation-targets@7.29.7 OK for: @babel/core@7.29.7 want: ^7.29.7
1772 silly placeDep ROOT @babel/helper-module-transforms@7.29.7 OK for: @babel/core@7.29.7 want: ^7.29.7
1773 silly placeDep ROOT @babel/helpers@7.29.7 OK for: @babel/core@7.29.7 want: ^7.29.7
1774 silly placeDep ROOT @babel/template@7.29.7 OK for: @babel/core@7.29.7 want: ^7.29.7
1775 silly placeDep ROOT @babel/traverse@7.29.7 OK for: @babel/core@7.29.7 want: ^7.29.7
1776 silly placeDep ROOT @babel/types@7.29.7 OK for: @babel/core@7.29.7 want: ^7.29.7
1777 silly placeDep ROOT @jridgewell/remapping@2.3.5 OK for: @babel/core@7.29.7 want: ^2.3.5
1778 silly placeDep ROOT convert-source-map@2.0.0 OK for: @babel/core@7.29.7 want: ^2.0.0
1779 silly placeDep ROOT gensync@1.0.0-beta.2 OK for: @babel/core@7.29.7 want: ^1.0.0-beta.2
1780 silly placeDep ROOT json5@2.2.3 OK for: @babel/core@7.29.7 want: ^2.2.3
1781 silly fetch manifest js-tokens@^4.0.0
1782 silly packumentCache full:https://registry.npmjs.org/js-tokens cache-miss
1783 silly fetch manifest picocolors@^1.1.1
1784 silly packumentCache full:https://registry.npmjs.org/picocolors cache-miss
1785 silly fetch manifest @babel/helper-validator-identifier@^7.29.7
1786 silly packumentCache full:https://registry.npmjs.org/@babel%2fhelper-validator-identifier cache-miss
1787 silly fetch manifest jsesc@^3.0.2
1788 silly packumentCache full:https://registry.npmjs.org/jsesc cache-miss
1789 silly fetch manifest @jridgewell/gen-mapping@^0.3.12
1790 silly packumentCache full:https://registry.npmjs.org/@jridgewell%2fgen-mapping cache-miss
1791 silly fetch manifest @jridgewell/trace-mapping@^0.3.28
1792 silly packumentCache full:https://registry.npmjs.org/@jridgewell%2ftrace-mapping cache-miss
1793 silly fetch manifest lru-cache@^5.1.1
1794 silly packumentCache full:https://registry.npmjs.org/lru-cache cache-miss
1795 silly fetch manifest browserslist@^4.24.0
1796 silly packumentCache full:https://registry.npmjs.org/browserslist cache-miss
1797 silly fetch manifest @babel/compat-data@^7.29.7
1798 silly packumentCache full:https://registry.npmjs.org/@babel%2fcompat-data cache-miss
1799 silly fetch manifest @babel/helper-validator-option@^7.29.7
1800 silly packumentCache full:https://registry.npmjs.org/@babel%2fhelper-validator-option cache-miss
1801 silly fetch manifest @babel/helper-module-imports@^7.29.7
1802 silly packumentCache full:https://registry.npmjs.org/@babel%2fhelper-module-imports cache-miss
1803 http fetch GET 200 https://registry.npmjs.org/js-tokens 73ms (cache miss)
1804 silly packumentCache full:https://registry.npmjs.org/js-tokens set size:undefined disposed:false
1805 silly fetch manifest @babel/helper-validator-identifier@^7.29.7
1806 silly packumentCache full:https://registry.npmjs.org/@babel%2fhelper-validator-identifier cache-miss
1807 http fetch GET 200 https://registry.npmjs.org/jsesc 116ms (cache miss)
1808 silly packumentCache full:https://registry.npmjs.org/jsesc set size:undefined disposed:false
1809 silly fetch manifest @babel/helper-globals@^7.29.7
1810 silly packumentCache full:https://registry.npmjs.org/@babel%2fhelper-globals cache-miss
1811 http fetch GET 200 https://registry.npmjs.org/@jridgewell%2ftrace-mapping 129ms (cache miss)
1812 silly packumentCache full:https://registry.npmjs.org/@jridgewell%2ftrace-mapping set size:undefined disposed:false
1813 silly fetch manifest @babel/helper-string-parser@^7.29.7
1814 silly packumentCache full:https://registry.npmjs.org/@babel%2fhelper-string-parser cache-miss
1815 http fetch GET 200 https://registry.npmjs.org/@babel%2fhelper-validator-identifier 143ms (cache miss)
1816 silly packumentCache full:https://registry.npmjs.org/@babel%2fhelper-validator-identifier set size:undefined disposed:false
1817 silly fetch manifest @jridgewell/gen-mapping@^0.3.5
1818 silly packumentCache full:https://registry.npmjs.org/@jridgewell%2fgen-mapping cache-miss
1819 http fetch GET 200 https://registry.npmjs.org/@babel%2fhelper-validator-option 148ms (cache miss)
1820 silly packumentCache full:https://registry.npmjs.org/@babel%2fhelper-validator-option set size:undefined disposed:false
1821 silly fetch manifest @jridgewell/trace-mapping@^0.3.24
1822 silly packumentCache full:https://registry.npmjs.org/@jridgewell%2ftrace-mapping cache-miss
1823 http cache https://registry.npmjs.org/@jridgewell%2ftrace-mapping 19ms (cache hit)
1824 silly packumentCache full:https://registry.npmjs.org/@jridgewell%2ftrace-mapping set size:170909 disposed:false
1825 http fetch GET 200 https://registry.npmjs.org/@babel%2fhelper-module-imports 207ms (cache miss)
1826 silly packumentCache full:https://registry.npmjs.org/@babel%2fhelper-module-imports set size:undefined disposed:false
1827 http fetch GET 200 https://registry.npmjs.org/@babel%2fhelper-validator-identifier 154ms (cache miss)
1828 silly packumentCache full:https://registry.npmjs.org/@babel%2fhelper-validator-identifier set size:undefined disposed:false
1829 http fetch GET 200 https://registry.npmjs.org/browserslist 235ms (cache miss)
1830 silly packumentCache full:https://registry.npmjs.org/browserslist set size:undefined disposed:false
1831 http fetch GET 200 https://registry.npmjs.org/@jridgewell%2fgen-mapping 110ms (cache miss)
1832 silly packumentCache full:https://registry.npmjs.org/@jridgewell%2fgen-mapping set size:undefined disposed:false
1833 http fetch GET 200 https://registry.npmjs.org/@babel%2fhelper-string-parser 149ms (cache miss)
1834 silly packumentCache full:https://registry.npmjs.org/@babel%2fhelper-string-parser set size:undefined disposed:false
1835 http fetch GET 200 https://registry.npmjs.org/picocolors 311ms (cache miss)
1836 silly packumentCache full:https://registry.npmjs.org/picocolors set size:undefined disposed:false
1837 http fetch GET 200 https://registry.npmjs.org/@jridgewell%2fgen-mapping 324ms (cache miss)
1838 silly packumentCache full:https://registry.npmjs.org/@jridgewell%2fgen-mapping set size:undefined disposed:false
1839 http fetch GET 200 https://registry.npmjs.org/lru-cache 324ms (cache miss)
1840 silly packumentCache full:https://registry.npmjs.org/lru-cache set size:undefined disposed:false
1841 http fetch GET 200 https://registry.npmjs.org/@babel%2fhelper-globals 335ms (cache miss)
1842 silly packumentCache full:https://registry.npmjs.org/@babel%2fhelper-globals set size:undefined disposed:false
1843 http fetch GET 200 https://registry.npmjs.org/@babel%2fcompat-data 500ms (cache miss)
1844 silly packumentCache full:https://registry.npmjs.org/@babel%2fcompat-data set size:undefined disposed:false
1845 silly placeDep ROOT @babel/helper-validator-identifier@7.29.7 OK for: @babel/code-frame@7.29.7 want: ^7.29.7
1846 silly placeDep ROOT js-tokens@4.0.0 OK for: @babel/code-frame@7.29.7 want: ^4.0.0
1847 silly placeDep ROOT picocolors@1.1.1 OK for: @babel/code-frame@7.29.7 want: ^1.1.1
1848 silly placeDep ROOT @jridgewell/gen-mapping@0.3.13 OK for: @babel/generator@7.29.7 want: ^0.3.12
1849 silly placeDep ROOT @jridgewell/trace-mapping@0.3.31 OK for: @babel/generator@7.29.7 want: ^0.3.28
1850 silly placeDep ROOT jsesc@3.1.0 OK for: @babel/generator@7.29.7 want: ^3.0.2
1851 silly fetch manifest @jridgewell/sourcemap-codec@^1.5.0
1852 silly packumentCache full:https://registry.npmjs.org/@jridgewell%2fsourcemap-codec cache-miss
1853 silly fetch manifest @jridgewell/resolve-uri@^3.1.0
1854 silly packumentCache full:https://registry.npmjs.org/@jridgewell%2fresolve-uri cache-miss
1855 silly fetch manifest @jridgewell/sourcemap-codec@^1.4.14
1856 silly packumentCache full:https://registry.npmjs.org/@jridgewell%2fsourcemap-codec cache-miss
1857 http fetch GET 200 https://registry.npmjs.org/@jridgewell%2fsourcemap-codec 70ms (cache miss)
1858 silly packumentCache full:https://registry.npmjs.org/@jridgewell%2fsourcemap-codec set size:undefined disposed:false
1859 http fetch GET 200 https://registry.npmjs.org/@jridgewell%2fsourcemap-codec 84ms (cache miss)
1860 silly packumentCache full:https://registry.npmjs.org/@jridgewell%2fsourcemap-codec set size:undefined disposed:false
1861 http fetch GET 200 https://registry.npmjs.org/@jridgewell%2fresolve-uri 107ms (cache miss)
1862 silly packumentCache full:https://registry.npmjs.org/@jridgewell%2fresolve-uri set size:undefined disposed:false
1863 silly placeDep ROOT @babel/compat-data@7.29.7 OK for: @babel/helper-compilation-targets@7.29.7 want: ^7.29.7
1864 silly placeDep ROOT @babel/helper-validator-option@7.29.7 OK for: @babel/helper-compilation-targets@7.29.7 want: ^7.29.7
1865 silly placeDep ROOT browserslist@4.28.6 OK for: @babel/helper-compilation-targets@7.29.7 want: ^4.24.0
1866 silly placeDep ROOT lru-cache@5.1.1 OK for: @babel/helper-compilation-targets@7.29.7 want: ^5.1.1
1867 silly fetch manifest caniuse-lite@^1.0.30001803
1868 silly packumentCache full:https://registry.npmjs.org/caniuse-lite cache-miss
1869 silly fetch manifest node-releases@^2.0.51
1870 silly packumentCache full:https://registry.npmjs.org/node-releases cache-miss
1871 silly fetch manifest electron-to-chromium@^1.5.389
1872 silly packumentCache full:https://registry.npmjs.org/electron-to-chromium cache-miss
1873 silly fetch manifest update-browserslist-db@^1.2.3
1874 silly packumentCache full:https://registry.npmjs.org/update-browserslist-db cache-miss
1875 silly fetch manifest baseline-browser-mapping@^2.10.42
1876 silly packumentCache full:https://registry.npmjs.org/baseline-browser-mapping cache-miss
1877 silly fetch manifest yallist@^3.0.2
1878 silly packumentCache full:https://registry.npmjs.org/yallist cache-miss
1879 http cache https://registry.npmjs.org/baseline-browser-mapping 12ms (cache hit)
1880 silly packumentCache full:https://registry.npmjs.org/baseline-browser-mapping set size:533234 disposed:false
1881 http cache https://registry.npmjs.org/caniuse-lite 25ms (cache hit)
1882 silly packumentCache full:https://registry.npmjs.org/caniuse-lite set size:2306880 disposed:false
1883 http fetch GET 200 https://registry.npmjs.org/update-browserslist-db 75ms (cache miss)
1884 silly packumentCache full:https://registry.npmjs.org/update-browserslist-db set size:undefined disposed:false
1885 http fetch GET 200 https://registry.npmjs.org/node-releases 490ms (cache miss)
1886 silly packumentCache full:https://registry.npmjs.org/node-releases set size:undefined disposed:false
1887 http fetch GET 200 https://registry.npmjs.org/yallist 996ms (cache miss)
1888 silly packumentCache full:https://registry.npmjs.org/yallist set size:undefined disposed:false
1889 http fetch GET 200 https://registry.npmjs.org/electron-to-chromium 1099ms (cache miss)
1890 silly packumentCache full:https://registry.npmjs.org/electron-to-chromium set size:undefined disposed:false
1891 silly placeDep ROOT @babel/helper-module-imports@7.29.7 OK for: @babel/helper-module-transforms@7.29.7 want: ^7.29.7
1892 silly placeDep ROOT @babel/helper-globals@7.29.7 OK for: @babel/traverse@7.29.7 want: ^7.29.7
1893 silly placeDep ROOT @babel/helper-string-parser@7.29.7 OK for: @babel/types@7.29.7 want: ^7.29.7
1894 silly placeDep ROOT @jridgewell/sourcemap-codec@1.5.5 OK for: @jridgewell/gen-mapping@0.3.13 want: ^1.5.0
1895 silly placeDep ROOT @jridgewell/resolve-uri@3.1.2 OK for: @jridgewell/trace-mapping@0.3.31 want: ^3.1.0
1896 silly fetch manifest browserslist@>= 4.21.0
1897 silly packumentCache full:https://registry.npmjs.org/browserslist cache-miss
1898 http cache https://registry.npmjs.org/browserslist 12ms (cache hit)
1899 silly packumentCache full:https://registry.npmjs.org/browserslist set size:514014 disposed:false
1900 silly placeDep ROOT baseline-browser-mapping@2.10.43 OK for: browserslist@4.28.6 want: ^2.10.42
1901 silly placeDep ROOT caniuse-lite@1.0.30001806 OK for: browserslist@4.28.6 want: ^1.0.30001803
1902 silly placeDep ROOT electron-to-chromium@1.5.392 OK for: browserslist@4.28.6 want: ^1.5.389
1903 silly placeDep ROOT node-releases@2.0.51 OK for: browserslist@4.28.6 want: ^2.0.51
1904 silly placeDep ROOT update-browserslist-db@1.2.3 OK for: browserslist@4.28.6 want: ^1.2.3
1905 silly fetch manifest escalade@^3.2.0
1906 silly packumentCache full:https://registry.npmjs.org/escalade cache-miss
1907 http fetch GET 200 https://registry.npmjs.org/escalade 68ms (cache miss)
1908 silly packumentCache full:https://registry.npmjs.org/escalade set size:undefined disposed:false
1909 silly placeDep ROOT esrecurse@4.3.0 OK for: eslint-scope@8.4.0 want: ^4.3.0
1910 silly placeDep ROOT acorn@8.17.0 OK for: espree@10.4.0 want: ^8.15.0
1911 silly placeDep ROOT acorn-jsx@5.3.2 OK for: espree@10.4.0 want: ^5.3.2
1912 silly placeDep ROOT @nodelib/fs.stat@2.0.5 OK for: fast-glob@3.3.1 want: ^2.0.2
1913 silly placeDep ROOT @nodelib/fs.walk@1.2.8 OK for: fast-glob@3.3.1 want: ^1.2.3
1914 silly placeDep node_modules/fast-glob glob-parent@5.1.2 OK for: fast-glob@3.3.1 want: ^5.1.2
1915 silly placeDep ROOT merge2@1.4.1 OK for: fast-glob@3.3.1 want: ^1.3.0
1916 silly placeDep ROOT micromatch@4.0.8 OK for: fast-glob@3.3.1 want: ^4.0.4
1917 silly fetch manifest fastq@^1.6.0
1918 silly packumentCache full:https://registry.npmjs.org/fastq cache-miss
1919 silly fetch manifest @nodelib/fs.scandir@2.1.5
1920 silly packumentCache full:https://registry.npmjs.org/@nodelib%2ffs.scandir cache-miss
1921 silly fetch manifest braces@^3.0.3
1922 silly packumentCache full:https://registry.npmjs.org/braces cache-miss
1923 silly fetch manifest picomatch@^2.3.1
1924 silly packumentCache full:https://registry.npmjs.org/picomatch cache-miss
1925 http cache https://registry.npmjs.org/picomatch 14ms (cache hit)
1926 silly packumentCache full:https://registry.npmjs.org/picomatch set size:128942 disposed:false
1927 http fetch GET 200 https://registry.npmjs.org/braces 190ms (cache miss)
1928 silly packumentCache full:https://registry.npmjs.org/braces set size:undefined disposed:false
1929 http fetch GET 200 https://registry.npmjs.org/fastq 364ms (cache miss)
1930 silly packumentCache full:https://registry.npmjs.org/fastq set size:undefined disposed:false
1931 http fetch GET 200 https://registry.npmjs.org/@nodelib%2ffs.scandir 481ms (cache miss)
1932 silly packumentCache full:https://registry.npmjs.org/@nodelib%2ffs.scandir set size:undefined disposed:false
1933 silly placeDep ROOT @nodelib/fs.scandir@2.1.5 OK for: @nodelib/fs.walk@1.2.8 want: 2.1.5
1934 silly placeDep ROOT fastq@1.20.1 OK for: @nodelib/fs.walk@1.2.8 want: ^1.6.0
1935 silly fetch manifest run-parallel@^1.1.9
1936 silly packumentCache full:https://registry.npmjs.org/run-parallel cache-miss
1937 silly fetch manifest reusify@^1.0.4
1938 silly packumentCache full:https://registry.npmjs.org/reusify cache-miss
1939 http fetch GET 200 https://registry.npmjs.org/run-parallel 56ms (cache miss)
1940 silly packumentCache full:https://registry.npmjs.org/run-parallel set size:undefined disposed:false
1941 http fetch GET 200 https://registry.npmjs.org/reusify 87ms (cache miss)
1942 silly packumentCache full:https://registry.npmjs.org/reusify set size:undefined disposed:false
1943 silly placeDep ROOT run-parallel@1.2.0 OK for: @nodelib/fs.scandir@2.1.5 want: ^1.1.9
1944 silly fetch manifest queue-microtask@^1.2.2
1945 silly packumentCache full:https://registry.npmjs.org/queue-microtask cache-miss
1946 http fetch GET 200 https://registry.npmjs.org/queue-microtask 61ms (cache miss)
1947 silly packumentCache full:https://registry.npmjs.org/queue-microtask set size:undefined disposed:false
1948 silly placeDep ROOT reusify@1.1.0 OK for: fastq@1.20.1 want: ^1.0.4
1949 silly placeDep ROOT flat-cache@4.0.1 OK for: file-entry-cache@8.0.0 want: ^4.0.0
1950 silly fetch manifest keyv@^4.5.4
1951 silly packumentCache full:https://registry.npmjs.org/keyv cache-miss
1952 silly fetch manifest flatted@^3.2.9
1953 silly packumentCache full:https://registry.npmjs.org/flatted cache-miss
1954 http fetch GET 200 https://registry.npmjs.org/keyv 122ms (cache miss)
1955 silly packumentCache full:https://registry.npmjs.org/keyv set size:undefined disposed:false
1956 http fetch GET 200 https://registry.npmjs.org/flatted 192ms (cache miss)
1957 silly packumentCache full:https://registry.npmjs.org/flatted set size:undefined disposed:false
1958 silly placeDep ROOT locate-path@6.0.0 OK for: find-up@5.0.0 want: ^6.0.0
1959 silly placeDep ROOT path-exists@4.0.0 OK for: find-up@5.0.0 want: ^4.0.0
1960 silly fetch manifest p-locate@^5.0.0
1961 silly packumentCache full:https://registry.npmjs.org/p-locate cache-miss
1962 http fetch GET 200 https://registry.npmjs.org/p-locate 140ms (cache miss)
1963 silly packumentCache full:https://registry.npmjs.org/p-locate set size:undefined disposed:false
1964 silly placeDep ROOT flatted@3.4.2 OK for: flat-cache@4.0.1 want: ^3.2.9
1965 silly placeDep ROOT keyv@4.5.4 OK for: flat-cache@4.0.1 want: ^4.5.4
1966 silly fetch manifest json-buffer@3.0.1
1967 silly packumentCache full:https://registry.npmjs.org/json-buffer cache-miss
1968 http fetch GET 200 https://registry.npmjs.org/json-buffer 51ms (cache miss)
1969 silly packumentCache full:https://registry.npmjs.org/json-buffer set size:undefined disposed:false
1970 silly placeDep ROOT functions-have-names@1.2.3 OK for: function.prototype.name@1.2.0 want: ^1.2.3
1971 silly placeDep ROOT is-document.all@1.0.0 OK for: function.prototype.name@1.2.0 want: ^1.0.0
1972 silly placeDep ROOT dunder-proto@1.0.1 OK for: get-proto@1.0.1 want: ^1.0.1
1973 silly placeDep ROOT resolve-pkg-maps@1.0.0 OK for: get-tsconfig@4.14.0 want: ^1.0.0
1974 silly placeDep ROOT hermes-estree@0.25.1 OK for: hermes-parser@0.25.1 want: 0.25.1
1975 silly placeDep ROOT parent-module@1.0.1 OK for: import-fresh@3.3.1 want: ^1.0.0
1976 silly placeDep ROOT resolve-from@4.0.0 OK for: import-fresh@3.3.1 want: ^4.0.0
1977 silly fetch manifest callsites@^3.0.0
1978 silly packumentCache full:https://registry.npmjs.org/callsites cache-miss
1979 http fetch GET 200 https://registry.npmjs.org/callsites 109ms (cache miss)
1980 silly packumentCache full:https://registry.npmjs.org/callsites set size:undefined disposed:false
1981 silly placeDep ROOT side-channel@1.1.1 OK for: internal-slot@1.1.0 want: ^1.1.0
1982 silly fetch manifest side-channel-list@^1.0.1
1983 silly packumentCache full:https://registry.npmjs.org/side-channel-list cache-miss
1984 silly fetch manifest side-channel-map@^1.0.1
1985 silly packumentCache full:https://registry.npmjs.org/side-channel-map cache-miss
1986 silly fetch manifest side-channel-weakmap@^1.0.2
1987 silly packumentCache full:https://registry.npmjs.org/side-channel-weakmap cache-miss
1988 http fetch GET 200 https://registry.npmjs.org/side-channel-weakmap 65ms (cache miss)
1989 silly packumentCache full:https://registry.npmjs.org/side-channel-weakmap set size:undefined disposed:false
1990 http fetch GET 200 https://registry.npmjs.org/side-channel-map 75ms (cache miss)
1991 silly packumentCache full:https://registry.npmjs.org/side-channel-map set size:undefined disposed:false
1992 http fetch GET 200 https://registry.npmjs.org/side-channel-list 426ms (cache miss)
1993 silly packumentCache full:https://registry.npmjs.org/side-channel-list set size:undefined disposed:false
1994 silly placeDep node_modules/is-bun-module semver@7.8.5 OK for: is-bun-module@2.0.0 want: ^7.7.1
1995 silly placeDep ROOT is-extglob@2.1.1 OK for: is-glob@4.0.3 want: ^2.1.1
1996 silly placeDep ROOT set-function-name@2.0.2 OK for: iterator.prototype@1.1.5 want: ^2.0.2
1997 silly placeDep ROOT argparse@2.0.1 OK for: js-yaml@4.3.0 want: ^2.0.1
1998 silly placeDep ROOT json-buffer@3.0.1 OK for: keyv@4.5.4 want: 3.0.1
1999 silly placeDep ROOT language-subtag-registry@0.3.23 OK for: language-tags@1.0.9 want: ^0.3.20
2000 silly placeDep ROOT prelude-ls@1.2.1 OK for: levn@0.4.1 want: ^1.2.1
2001 silly placeDep ROOT type-check@0.4.0 OK for: levn@0.4.1 want: ~0.4.0
2002 silly placeDep ROOT p-locate@5.0.0 OK for: locate-path@6.0.0 want: ^5.0.0
2003 silly fetch manifest p-limit@^3.0.2
2004 silly packumentCache full:https://registry.npmjs.org/p-limit cache-miss
2005 http fetch GET 200 https://registry.npmjs.org/p-limit 328ms (cache miss)
2006 silly packumentCache full:https://registry.npmjs.org/p-limit set size:undefined disposed:false
2007 silly placeDep ROOT yallist@3.1.1 OK for: lru-cache@5.1.1 want: ^3.0.2
2008 silly placeDep ROOT braces@3.0.3 OK for: micromatch@4.0.8 want: ^3.0.3
2009 silly placeDep ROOT picomatch@2.3.2 OK for: micromatch@4.0.8 want: ^2.3.1
2010 silly fetch manifest fill-range@^7.1.1
2011 silly packumentCache full:https://registry.npmjs.org/fill-range cache-miss
2012 http fetch GET 200 https://registry.npmjs.org/fill-range 360ms (cache miss)
2013 silly packumentCache full:https://registry.npmjs.org/fill-range set size:undefined disposed:false
2014 silly placeDep ROOT fill-range@7.1.1 OK for: braces@3.0.3 want: ^7.1.1
2015 silly fetch manifest to-regex-range@^5.0.1
2016 silly packumentCache full:https://registry.npmjs.org/to-regex-range cache-miss
2017 http fetch GET 200 https://registry.npmjs.org/to-regex-range 359ms (cache miss)
2018 silly packumentCache full:https://registry.npmjs.org/to-regex-range set size:undefined disposed:false
2019 silly placeDep ROOT to-regex-range@5.0.1 OK for: fill-range@7.1.1 want: ^5.0.1
2020 silly fetch manifest is-number@^7.0.0
2021 silly packumentCache full:https://registry.npmjs.org/is-number cache-miss
2022 http fetch GET 200 https://registry.npmjs.org/is-number 73ms (cache miss)
2023 silly packumentCache full:https://registry.npmjs.org/is-number set size:undefined disposed:false
2024 silly placeDep ROOT brace-expansion@1.1.16 OK for: minimatch@3.1.5 want: ^1.1.7
2025 silly fetch manifest concat-map@0.0.1
2026 silly packumentCache full:https://registry.npmjs.org/concat-map cache-miss
2027 silly fetch manifest balanced-match@^1.0.0
2028 silly packumentCache full:https://registry.npmjs.org/balanced-match cache-miss
2029 http fetch GET 200 https://registry.npmjs.org/concat-map 33ms (cache miss)
2030 silly packumentCache full:https://registry.npmjs.org/concat-map set size:undefined disposed:false
2031 http fetch GET 200 https://registry.npmjs.org/balanced-match 230ms (cache miss)
2032 silly packumentCache full:https://registry.npmjs.org/balanced-match set size:undefined disposed:false
2033 silly placeDep ROOT balanced-match@1.0.2 OK for: brace-expansion@1.1.16 want: ^1.0.0
2034 silly placeDep ROOT concat-map@0.0.1 OK for: brace-expansion@1.1.16 want: 0.0.1
2035 silly fetch manifest react@^18.2.0 || 19.0.0-rc-de68d2f4-20241204 || ^19.0.0
2036 silly packumentCache full:https://registry.npmjs.org/react cache-miss
2037 http cache https://registry.npmjs.org/react 44ms (cache hit)
2038 silly packumentCache full:https://registry.npmjs.org/react set size:6796788 disposed:false
2039 silly placeDep ROOT @next/env@16.2.10 OK for: next@16.2.10 want: 16.2.10
2040 silly placeDep ROOT @next/swc-darwin-arm64@16.2.10 OK for: next@16.2.10 want: 16.2.10
2041 silly placeDep ROOT @next/swc-darwin-x64@16.2.10 OK for: next@16.2.10 want: 16.2.10
2042 silly placeDep ROOT @next/swc-linux-arm64-gnu@16.2.10 OK for: next@16.2.10 want: 16.2.10
2043 silly placeDep ROOT @next/swc-linux-arm64-musl@16.2.10 OK for: next@16.2.10 want: 16.2.10
2044 silly placeDep ROOT @next/swc-linux-x64-gnu@16.2.10 OK for: next@16.2.10 want: 16.2.10
2045 silly placeDep ROOT @next/swc-linux-x64-musl@16.2.10 OK for: next@16.2.10 want: 16.2.10
2046 silly placeDep ROOT @next/swc-win32-arm64-msvc@16.2.10 OK for: next@16.2.10 want: 16.2.10
2047 silly placeDep ROOT @next/swc-win32-x64-msvc@16.2.10 OK for: next@16.2.10 want: 16.2.10
2048 silly placeDep ROOT @swc/helpers@0.5.15 OK for: next@16.2.10 want: 0.5.15
2049 silly placeDep ROOT postcss@8.4.31 OK for: next@16.2.10 want: 8.4.31
2050 silly placeDep ROOT sharp@0.34.5 OK for: next@16.2.10 want: ^0.34.5
2051 silly placeDep ROOT styled-jsx@5.1.6 OK for: next@16.2.10 want: 5.1.6
2052 silly fetch manifest tslib@^2.8.0
2053 silly packumentCache full:https://registry.npmjs.org/tslib cache-miss
2054 silly fetch manifest nanoid@^3.3.6
2055 silly packumentCache full:https://registry.npmjs.org/nanoid cache-miss
2056 silly fetch manifest source-map-js@^1.0.2
2057 silly packumentCache full:https://registry.npmjs.org/source-map-js cache-miss
2058 silly fetch manifest semver@^7.7.3
2059 silly packumentCache full:https://registry.npmjs.org/semver cache-hit
2060 silly fetch manifest @img/colour@^1.0.0
2061 silly packumentCache full:https://registry.npmjs.org/@img%2fcolour cache-miss
2062 silly fetch manifest detect-libc@^2.1.2
2063 silly packumentCache full:https://registry.npmjs.org/detect-libc cache-miss
2064 silly fetch manifest @img/sharp-wasm32@0.34.5
2065 silly packumentCache full:https://registry.npmjs.org/@img%2fsharp-wasm32 cache-miss
2066 silly fetch manifest @img/sharp-linux-arm@0.34.5
2067 silly packumentCache full:https://registry.npmjs.org/@img%2fsharp-linux-arm cache-miss
2068 silly fetch manifest @img/sharp-linux-x64@0.34.5
2069 silly packumentCache full:https://registry.npmjs.org/@img%2fsharp-linux-x64 cache-miss
2070 silly fetch manifest @img/sharp-win32-x64@0.34.5
2071 silly packumentCache full:https://registry.npmjs.org/@img%2fsharp-win32-x64 cache-miss
2072 silly fetch manifest @img/sharp-darwin-x64@0.34.5
2073 silly packumentCache full:https://registry.npmjs.org/@img%2fsharp-darwin-x64 cache-miss
2074 silly fetch manifest @img/sharp-win32-ia32@0.34.5
2075 silly packumentCache full:https://registry.npmjs.org/@img%2fsharp-win32-ia32 cache-miss
2076 http fetch GET 200 https://registry.npmjs.org/@img%2fsharp-linux-x64 106ms (cache miss)
2077 silly packumentCache full:https://registry.npmjs.org/@img%2fsharp-linux-x64 set size:undefined disposed:false
2078 silly fetch manifest @img/sharp-linux-arm64@0.34.5
2079 silly packumentCache full:https://registry.npmjs.org/@img%2fsharp-linux-arm64 cache-miss
2080 http fetch GET 200 https://registry.npmjs.org/@img%2fcolour 142ms (cache miss)
2081 silly packumentCache full:https://registry.npmjs.org/@img%2fcolour set size:undefined disposed:false
2082 silly fetch manifest @img/sharp-linux-ppc64@0.34.5
2083 silly packumentCache full:https://registry.npmjs.org/@img%2fsharp-linux-ppc64 cache-miss
2084 http fetch GET 200 https://registry.npmjs.org/@img%2fsharp-win32-x64 153ms (cache miss)
2085 silly packumentCache full:https://registry.npmjs.org/@img%2fsharp-win32-x64 set size:undefined disposed:false
2086 silly fetch manifest @img/sharp-linux-s390x@0.34.5
2087 silly packumentCache full:https://registry.npmjs.org/@img%2fsharp-linux-s390x cache-miss
2088 http fetch GET 200 https://registry.npmjs.org/@img%2fsharp-darwin-x64 168ms (cache miss)
2089 silly packumentCache full:https://registry.npmjs.org/@img%2fsharp-darwin-x64 set size:undefined disposed:false
2090 silly fetch manifest @img/sharp-win32-arm64@0.34.5
2091 silly packumentCache full:https://registry.npmjs.org/@img%2fsharp-win32-arm64 cache-miss
2092 http fetch GET 200 https://registry.npmjs.org/@img%2fsharp-wasm32 179ms (cache miss)
2093 silly packumentCache full:https://registry.npmjs.org/@img%2fsharp-wasm32 set size:undefined disposed:false
2094 silly fetch manifest @img/sharp-darwin-arm64@0.34.5
2095 silly packumentCache full:https://registry.npmjs.org/@img%2fsharp-darwin-arm64 cache-miss
2096 http fetch GET 200 https://registry.npmjs.org/@img%2fsharp-linux-arm 196ms (cache miss)
2097 silly packumentCache full:https://registry.npmjs.org/@img%2fsharp-linux-arm set size:undefined disposed:false
2098 silly fetch manifest @img/sharp-linux-riscv64@0.34.5
2099 silly packumentCache full:https://registry.npmjs.org/@img%2fsharp-linux-riscv64 cache-miss
2100 http fetch GET 200 https://registry.npmjs.org/nanoid 212ms (cache miss)
2101 silly packumentCache full:https://registry.npmjs.org/nanoid set size:undefined disposed:false
2102 silly fetch manifest @img/sharp-linuxmusl-x64@0.34.5
2103 silly packumentCache full:https://registry.npmjs.org/@img%2fsharp-linuxmusl-x64 cache-miss
2104 http fetch GET 200 https://registry.npmjs.org/@img%2fsharp-linux-s390x 97ms (cache miss)
2105 silly packumentCache full:https://registry.npmjs.org/@img%2fsharp-linux-s390x set size:undefined disposed:false
2106 silly fetch manifest @img/sharp-linuxmusl-arm64@0.34.5
2107 silly packumentCache full:https://registry.npmjs.org/@img%2fsharp-linuxmusl-arm64 cache-miss
2108 http fetch GET 200 https://registry.npmjs.org/@img%2fsharp-linux-ppc64 140ms (cache miss)
2109 silly packumentCache full:https://registry.npmjs.org/@img%2fsharp-linux-ppc64 set size:undefined disposed:false
2110 silly fetch manifest @img/sharp-libvips-linux-arm@1.2.4
2111 silly packumentCache full:https://registry.npmjs.org/@img%2fsharp-libvips-linux-arm cache-miss
2112 http fetch GET 200 https://registry.npmjs.org/@img%2fsharp-darwin-arm64 117ms (cache miss)
2113 silly packumentCache full:https://registry.npmjs.org/@img%2fsharp-darwin-arm64 set size:undefined disposed:false
2114 silly fetch manifest @img/sharp-libvips-linux-x64@1.2.4
2115 silly packumentCache full:https://registry.npmjs.org/@img%2fsharp-libvips-linux-x64 cache-miss
2116 http fetch GET 200 https://registry.npmjs.org/@img%2fsharp-win32-ia32 315ms (cache miss)
2117 silly packumentCache full:https://registry.npmjs.org/@img%2fsharp-win32-ia32 set size:undefined disposed:false
2118 silly fetch manifest @img/sharp-libvips-darwin-x64@1.2.4
2119 silly packumentCache full:https://registry.npmjs.org/@img%2fsharp-libvips-darwin-x64 cache-miss
2120 http fetch GET 200 https://registry.npmjs.org/@img%2fsharp-win32-arm64 156ms (cache miss)
2121 silly packumentCache full:https://registry.npmjs.org/@img%2fsharp-win32-arm64 set size:undefined disposed:false
2122 silly fetch manifest @img/sharp-libvips-linux-arm64@1.2.4
2123 silly packumentCache full:https://registry.npmjs.org/@img%2fsharp-libvips-linux-arm64 cache-miss
2124 http fetch GET 200 https://registry.npmjs.org/@img%2fsharp-linuxmusl-arm64 128ms (cache miss)
2125 silly packumentCache full:https://registry.npmjs.org/@img%2fsharp-linuxmusl-arm64 set size:undefined disposed:false
2126 silly fetch manifest @img/sharp-libvips-linux-ppc64@1.2.4
2127 silly packumentCache full:https://registry.npmjs.org/@img%2fsharp-libvips-linux-ppc64 cache-miss
2128 http fetch GET 200 https://registry.npmjs.org/@img%2fsharp-linux-riscv64 195ms (cache miss)
2129 silly packumentCache full:https://registry.npmjs.org/@img%2fsharp-linux-riscv64 set size:undefined disposed:false
2130 silly fetch manifest @img/sharp-libvips-linux-s390x@1.2.4
2131 silly packumentCache full:https://registry.npmjs.org/@img%2fsharp-libvips-linux-s390x cache-miss
2132 http fetch GET 200 https://registry.npmjs.org/source-map-js 407ms (cache miss)
2133 silly packumentCache full:https://registry.npmjs.org/source-map-js set size:undefined disposed:false
2134 silly fetch manifest @img/sharp-libvips-darwin-arm64@1.2.4
2135 silly packumentCache full:https://registry.npmjs.org/@img%2fsharp-libvips-darwin-arm64 cache-miss
2136 http fetch GET 200 https://registry.npmjs.org/detect-libc 412ms (cache miss)
2137 silly packumentCache full:https://registry.npmjs.org/detect-libc set size:undefined disposed:false
2138 silly fetch manifest @img/sharp-libvips-linux-riscv64@1.2.4
2139 silly packumentCache full:https://registry.npmjs.org/@img%2fsharp-libvips-linux-riscv64 cache-miss
2140 http fetch GET 200 https://registry.npmjs.org/@img%2fsharp-libvips-linux-x64 111ms (cache miss)
2141 silly packumentCache full:https://registry.npmjs.org/@img%2fsharp-libvips-linux-x64 set size:undefined disposed:false
2142 silly fetch manifest @img/sharp-libvips-linuxmusl-x64@1.2.4
2143 silly packumentCache full:https://registry.npmjs.org/@img%2fsharp-libvips-linuxmusl-x64 cache-miss
2144 http fetch GET 200 https://registry.npmjs.org/@img%2fsharp-libvips-linux-arm 145ms (cache miss)
2145 silly packumentCache full:https://registry.npmjs.org/@img%2fsharp-libvips-linux-arm set size:undefined disposed:false
2146 silly fetch manifest @img/sharp-libvips-linuxmusl-arm64@1.2.4
2147 silly packumentCache full:https://registry.npmjs.org/@img%2fsharp-libvips-linuxmusl-arm64 cache-miss
2148 http fetch GET 200 https://registry.npmjs.org/@img%2fsharp-linux-arm64 319ms (cache miss)
2149 silly packumentCache full:https://registry.npmjs.org/@img%2fsharp-linux-arm64 set size:undefined disposed:false
2150 silly fetch manifest client-only@0.0.1
2151 silly packumentCache full:https://registry.npmjs.org/client-only cache-miss
2152 http fetch GET 200 https://registry.npmjs.org/@img%2fsharp-libvips-linux-ppc64 85ms (cache miss)
2153 silly packumentCache full:https://registry.npmjs.org/@img%2fsharp-libvips-linux-ppc64 set size:undefined disposed:false
2154 http fetch GET 200 https://registry.npmjs.org/@img%2fsharp-libvips-linux-riscv64 90ms (cache miss)
2155 silly packumentCache full:https://registry.npmjs.org/@img%2fsharp-libvips-linux-riscv64 set size:undefined disposed:false
2156 http fetch GET 200 https://registry.npmjs.org/client-only 78ms (cache miss)
2157 silly packumentCache full:https://registry.npmjs.org/client-only set size:undefined disposed:false
2158 http fetch GET 200 https://registry.npmjs.org/@img%2fsharp-linuxmusl-x64 344ms (cache miss)
2159 silly packumentCache full:https://registry.npmjs.org/@img%2fsharp-linuxmusl-x64 set size:undefined disposed:false
2160 http fetch GET 200 https://registry.npmjs.org/@img%2fsharp-libvips-linuxmusl-arm64 188ms (cache miss)
2161 silly packumentCache full:https://registry.npmjs.org/@img%2fsharp-libvips-linuxmusl-arm64 set size:undefined disposed:false
2162 http fetch GET 200 https://registry.npmjs.org/@img%2fsharp-libvips-linux-s390x 229ms (cache miss)
2163 silly packumentCache full:https://registry.npmjs.org/@img%2fsharp-libvips-linux-s390x set size:undefined disposed:false
2164 http fetch GET 200 https://registry.npmjs.org/@img%2fsharp-libvips-darwin-x64 419ms (cache miss)
2165 silly packumentCache full:https://registry.npmjs.org/@img%2fsharp-libvips-darwin-x64 set size:undefined disposed:false
2166 http fetch GET 200 https://registry.npmjs.org/@img%2fsharp-libvips-linuxmusl-x64 363ms (cache miss)
2167 silly packumentCache full:https://registry.npmjs.org/@img%2fsharp-libvips-linuxmusl-x64 set size:undefined disposed:false
2168 http fetch GET 200 https://registry.npmjs.org/tslib 791ms (cache miss)
2169 silly packumentCache full:https://registry.npmjs.org/tslib set size:undefined disposed:false
2170 http fetch GET 200 https://registry.npmjs.org/@img%2fsharp-libvips-darwin-arm64 383ms (cache miss)
2171 silly packumentCache full:https://registry.npmjs.org/@img%2fsharp-libvips-darwin-arm64 set size:undefined disposed:false
2172 http fetch GET 200 https://registry.npmjs.org/@img%2fsharp-libvips-linux-arm64 596ms (cache miss)
2173 silly packumentCache full:https://registry.npmjs.org/@img%2fsharp-libvips-linux-arm64 set size:undefined disposed:false
2174 silly placeDep ROOT tslib@2.8.1 OK for: @swc/helpers@0.5.15 want: ^2.8.0
2175 silly placeDep ROOT deep-is@0.1.4 OK for: optionator@0.9.4 want: ^0.1.3
2176 silly placeDep ROOT fast-levenshtein@2.0.6 OK for: optionator@0.9.4 want: ^2.0.6
2177 silly placeDep ROOT word-wrap@1.2.5 OK for: optionator@0.9.4 want: ^1.2.5
2178 silly placeDep ROOT p-limit@3.1.0 OK for: p-locate@5.0.0 want: ^3.0.2
2179 silly fetch manifest yocto-queue@^0.1.0
2180 silly packumentCache full:https://registry.npmjs.org/yocto-queue cache-miss
2181 http fetch GET 200 https://registry.npmjs.org/yocto-queue 53ms (cache miss)
2182 silly packumentCache full:https://registry.npmjs.org/yocto-queue set size:undefined disposed:false
2183 silly placeDep ROOT yocto-queue@0.1.0 OK for: p-limit@3.1.0 want: ^0.1.0
2184 silly placeDep ROOT callsites@3.1.0 OK for: parent-module@1.0.1 want: ^3.0.0
2185 silly placeDep ROOT nanoid@3.3.16 OK for: postcss@8.4.31 want: ^3.3.6
2186 silly placeDep ROOT source-map-js@1.2.1 OK for: postcss@8.4.31 want: ^1.0.2
2187 silly placeDep ROOT loose-envify@1.4.0 OK for: prop-types@15.8.1 want: ^1.4.0
2188 silly placeDep ROOT object-assign@4.1.1 OK for: prop-types@15.8.1 want: ^4.1.1
2189 silly placeDep ROOT react-is@16.13.1 OK for: prop-types@15.8.1 want: ^16.13.1
2190 silly placeDep ROOT scheduler@0.27.0 OK for: react-dom@19.2.7 want: ^0.27.0
2191 silly placeDep ROOT node-exports-info@1.6.2 OK for: resolve@2.0.0-next.7 want: ^1.6.0
2192 silly placeDep ROOT path-parse@1.0.7 OK for: resolve@2.0.0-next.7 want: ^1.0.7
2193 silly placeDep ROOT supports-preserve-symlinks-flag@1.0.0 OK for: resolve@2.0.0-next.7 want: ^1.0.0
2194 silly placeDep ROOT queue-microtask@1.2.3 OK for: run-parallel@1.2.0 want: ^1.2.2
2195 silly placeDep ROOT isarray@2.0.5 OK for: safe-array-concat@1.1.4 want: ^2.0.5
2196 silly placeDep ROOT @img/colour@1.1.0 OK for: sharp@0.34.5 want: ^1.0.0
2197 silly placeDep ROOT @img/sharp-darwin-arm64@0.34.5 OK for: sharp@0.34.5 want: 0.34.5
2198 silly placeDep ROOT @img/sharp-darwin-x64@0.34.5 OK for: sharp@0.34.5 want: 0.34.5
2199 silly placeDep ROOT @img/sharp-libvips-darwin-arm64@1.2.4 OK for: sharp@0.34.5 want: 1.2.4
2200 silly placeDep ROOT @img/sharp-libvips-darwin-x64@1.2.4 OK for: sharp@0.34.5 want: 1.2.4
2201 silly placeDep ROOT @img/sharp-libvips-linux-arm@1.2.4 OK for: sharp@0.34.5 want: 1.2.4
2202 silly placeDep ROOT @img/sharp-libvips-linux-arm64@1.2.4 OK for: sharp@0.34.5 want: 1.2.4
2203 silly placeDep ROOT @img/sharp-libvips-linux-ppc64@1.2.4 OK for: sharp@0.34.5 want: 1.2.4
2204 silly placeDep ROOT @img/sharp-libvips-linux-riscv64@1.2.4 OK for: sharp@0.34.5 want: 1.2.4
2205 silly placeDep ROOT @img/sharp-libvips-linux-s390x@1.2.4 OK for: sharp@0.34.5 want: 1.2.4
2206 silly placeDep ROOT @img/sharp-libvips-linux-x64@1.2.4 OK for: sharp@0.34.5 want: 1.2.4
2207 silly placeDep ROOT @img/sharp-libvips-linuxmusl-arm64@1.2.4 OK for: sharp@0.34.5 want: 1.2.4
2208 silly placeDep ROOT @img/sharp-libvips-linuxmusl-x64@1.2.4 OK for: sharp@0.34.5 want: 1.2.4
2209 silly placeDep ROOT @img/sharp-linux-arm@0.34.5 OK for: sharp@0.34.5 want: 0.34.5
2210 silly placeDep ROOT @img/sharp-linux-arm64@0.34.5 OK for: sharp@0.34.5 want: 0.34.5
2211 silly placeDep ROOT @img/sharp-linux-ppc64@0.34.5 OK for: sharp@0.34.5 want: 0.34.5
2212 silly placeDep ROOT @img/sharp-linux-riscv64@0.34.5 OK for: sharp@0.34.5 want: 0.34.5
2213 silly placeDep ROOT @img/sharp-linux-s390x@0.34.5 OK for: sharp@0.34.5 want: 0.34.5
2214 silly placeDep ROOT @img/sharp-linux-x64@0.34.5 OK for: sharp@0.34.5 want: 0.34.5
2215 silly placeDep ROOT @img/sharp-linuxmusl-arm64@0.34.5 OK for: sharp@0.34.5 want: 0.34.5
2216 silly placeDep ROOT @img/sharp-linuxmusl-x64@0.34.5 OK for: sharp@0.34.5 want: 0.34.5
2217 silly placeDep ROOT @img/sharp-wasm32@0.34.5 OK for: sharp@0.34.5 want: 0.34.5
2218 silly placeDep ROOT @img/sharp-win32-arm64@0.34.5 OK for: sharp@0.34.5 want: 0.34.5
2219 silly placeDep ROOT @img/sharp-win32-ia32@0.34.5 OK for: sharp@0.34.5 want: 0.34.5
2220 silly placeDep ROOT @img/sharp-win32-x64@0.34.5 OK for: sharp@0.34.5 want: 0.34.5
2221 silly placeDep ROOT detect-libc@2.1.2 OK for: sharp@0.34.5 want: ^2.1.2
2222 silly placeDep node_modules/sharp semver@7.8.5 OK for: sharp@0.34.5 want: ^7.7.3
2223 silly fetch manifest @emnapi/runtime@^1.7.0
2224 silly packumentCache full:https://registry.npmjs.org/@emnapi%2fruntime cache-miss
2225 http fetch GET 200 https://registry.npmjs.org/@emnapi%2fruntime 134ms (cache miss)
2226 silly packumentCache full:https://registry.npmjs.org/@emnapi%2fruntime set size:undefined disposed:false
2227 silly placeDep ROOT @emnapi/runtime@1.11.2 OK for: @img/sharp-wasm32@0.34.5 want: ^1.7.0
2228 silly placeDep ROOT shebang-regex@3.0.0 OK for: shebang-command@2.0.0 want: ^3.0.0
2229 silly placeDep ROOT side-channel-list@1.0.1 OK for: side-channel@1.1.1 want: ^1.0.1
2230 silly placeDep ROOT side-channel-map@1.0.1 OK for: side-channel@1.1.1 want: ^1.0.1
2231 silly placeDep ROOT side-channel-weakmap@1.0.2 OK for: side-channel@1.1.1 want: ^1.0.2
2232 silly placeDep ROOT client-only@0.0.1 OK for: styled-jsx@5.1.6 want: 0.0.1
2233 silly placeDep ROOT has-flag@4.0.0 OK for: supports-color@7.2.0 want: ^4.0.0
2234 silly placeDep node_modules/tinyglobby fdir@6.5.0 OK for: tinyglobby@0.2.17 want: ^6.5.0
2235 silly placeDep node_modules/tinyglobby picomatch@4.0.5 OK for: fdir@6.5.0 want: ^3 || ^4
2236 silly placeDep ROOT is-number@7.0.0 OK for: to-regex-range@5.0.1 want: ^7.0.0
2237 silly placeDep ROOT @types/json5@0.0.29 OK for: tsconfig-paths@3.15.0 want: ^0.0.29
2238 silly placeDep node_modules/tsconfig-paths json5@1.0.2 OK for: tsconfig-paths@3.15.0 want: ^1.0.2
2239 silly placeDep ROOT minimist@1.2.8 OK for: tsconfig-paths@3.15.0 want: ^1.2.6
2240 silly placeDep ROOT strip-bom@3.0.0 OK for: tsconfig-paths@3.15.0 want: ^3.0.0
2241 silly fetch manifest minimist@^1.2.0
2242 silly packumentCache full:https://registry.npmjs.org/minimist cache-miss
2243 http cache https://registry.npmjs.org/minimist 13ms (cache hit)
2244 silly packumentCache full:https://registry.npmjs.org/minimist set size:77063 disposed:false
2245 silly placeDep ROOT for-each@0.3.5 OK for: typed-array-byte-length@1.0.3 want: ^0.3.3
2246 silly placeDep ROOT reflect.getprototypeof@1.0.10 OK for: typed-array-byte-offset@1.0.4 want: ^1.0.9
2247 silly fetch manifest which-builtin-type@^1.2.1
2248 silly packumentCache full:https://registry.npmjs.org/which-builtin-type cache-miss
2249 http fetch GET 200 https://registry.npmjs.org/which-builtin-type 64ms (cache miss)
2250 silly packumentCache full:https://registry.npmjs.org/which-builtin-type set size:undefined disposed:false
2251 silly placeDep ROOT which-builtin-type@1.2.1 OK for: reflect.getprototypeof@1.0.10 want: ^1.2.1
2252 silly fetch manifest is-async-function@^2.0.0
2253 silly packumentCache full:https://registry.npmjs.org/is-async-function cache-miss
2254 silly fetch manifest is-finalizationregistry@^1.1.0
2255 silly packumentCache full:https://registry.npmjs.org/is-finalizationregistry cache-miss
2256 silly fetch manifest is-generator-function@^1.0.10
2257 silly packumentCache full:https://registry.npmjs.org/is-generator-function cache-miss
2258 silly fetch manifest which-boxed-primitive@^1.1.0
2259 silly packumentCache full:https://registry.npmjs.org/which-boxed-primitive cache-miss
2260 silly fetch manifest which-collection@^1.0.2
2261 silly packumentCache full:https://registry.npmjs.org/which-collection cache-miss
2262 http cache https://registry.npmjs.org/which-boxed-primitive 14ms (cache hit)
2263 silly packumentCache full:https://registry.npmjs.org/which-boxed-primitive set size:19407 disposed:false
2264 http fetch GET 200 https://registry.npmjs.org/is-async-function 71ms (cache miss)
2265 silly packumentCache full:https://registry.npmjs.org/is-async-function set size:undefined disposed:false
2266 http fetch GET 200 https://registry.npmjs.org/is-generator-function 82ms (cache miss)
2267 silly packumentCache full:https://registry.npmjs.org/is-generator-function set size:undefined disposed:false
2268 http fetch GET 200 https://registry.npmjs.org/which-collection 113ms (cache miss)
2269 silly packumentCache full:https://registry.npmjs.org/which-collection set size:undefined disposed:false
2270 http fetch GET 200 https://registry.npmjs.org/is-finalizationregistry 243ms (cache miss)
2271 silly packumentCache full:https://registry.npmjs.org/is-finalizationregistry set size:undefined disposed:false
2272 silly fetch manifest eslint@^8.57.0 || ^9.0.0 || ^10.0.0
2273 silly packumentCache full:https://registry.npmjs.org/eslint cache-miss
2274 http cache https://registry.npmjs.org/eslint 16ms (cache hit)
2275 silly packumentCache full:https://registry.npmjs.org/eslint set size:2033084 disposed:false
2276 silly placeDep ROOT @typescript-eslint/eslint-plugin@8.64.0 OK for: typescript-eslint@8.64.0 want: 8.64.0
2277 silly placeDep ROOT @typescript-eslint/parser@8.64.0 OK for: @typescript-eslint/eslint-plugin@8.64.0 want: ^8.64.0
2278 silly placeDep ROOT @typescript-eslint/typescript-estree@8.64.0 OK for: typescript-eslint@8.64.0 want: 8.64.0
2279 silly placeDep ROOT @typescript-eslint/utils@8.64.0 OK for: typescript-eslint@8.64.0 want: 8.64.0
2280 silly fetch manifest ignore@^7.0.5
2281 silly packumentCache full:https://registry.npmjs.org/ignore cache-miss
2282 silly fetch manifest ts-api-utils@^2.5.0
2283 silly packumentCache full:https://registry.npmjs.org/ts-api-utils cache-miss
2284 silly fetch manifest @typescript-eslint/type-utils@8.64.0
2285 silly packumentCache full:https://registry.npmjs.org/@typescript-eslint%2ftype-utils cache-miss
2286 silly fetch manifest @typescript-eslint/visitor-keys@8.64.0
2287 silly packumentCache full:https://registry.npmjs.org/@typescript-eslint%2fvisitor-keys cache-miss
2288 silly fetch manifest @typescript-eslint/scope-manager@8.64.0
2289 silly packumentCache full:https://registry.npmjs.org/@typescript-eslint%2fscope-manager cache-miss
2290 silly fetch manifest @typescript-eslint/types@8.64.0
2291 silly packumentCache full:https://registry.npmjs.org/@typescript-eslint%2ftypes cache-miss
2292 silly fetch manifest @typescript-eslint/visitor-keys@8.64.0
2293 silly packumentCache full:https://registry.npmjs.org/@typescript-eslint%2fvisitor-keys cache-miss
2294 silly fetch manifest @typescript-eslint/scope-manager@8.64.0
2295 silly packumentCache full:https://registry.npmjs.org/@typescript-eslint%2fscope-manager cache-miss
2296 silly fetch manifest minimatch@^10.2.2
2297 silly packumentCache full:https://registry.npmjs.org/minimatch cache-hit
2298 silly fetch manifest ts-api-utils@^2.5.0
2299 silly packumentCache full:https://registry.npmjs.org/ts-api-utils cache-miss
2300 silly fetch manifest @typescript-eslint/types@8.64.0
2301 silly packumentCache full:https://registry.npmjs.org/@typescript-eslint%2ftypes cache-miss
2302 silly fetch manifest @typescript-eslint/visitor-keys@8.64.0
2303 silly packumentCache full:https://registry.npmjs.org/@typescript-eslint%2fvisitor-keys cache-miss
2304 http cache https://registry.npmjs.org/ignore 26ms (cache hit)
2305 silly packumentCache full:https://registry.npmjs.org/ignore set size:240910 disposed:false
2306 silly fetch manifest @typescript-eslint/tsconfig-utils@8.64.0
2307 silly packumentCache full:https://registry.npmjs.org/@typescript-eslint%2ftsconfig-utils cache-miss
2308 http fetch GET 200 https://registry.npmjs.org/ts-api-utils 124ms (cache miss)
2309 silly packumentCache full:https://registry.npmjs.org/ts-api-utils set size:undefined disposed:false
2310 silly fetch manifest @typescript-eslint/project-service@8.64.0
2311 silly packumentCache full:https://registry.npmjs.org/@typescript-eslint%2fproject-service cache-miss
2312 http fetch GET 200 https://registry.npmjs.org/@typescript-eslint%2ftsconfig-utils 826ms (cache miss)
2313 silly packumentCache full:https://registry.npmjs.org/@typescript-eslint%2ftsconfig-utils set size:undefined disposed:false
2314 silly fetch manifest @typescript-eslint/types@8.64.0
2315 silly packumentCache full:https://registry.npmjs.org/@typescript-eslint%2ftypes cache-miss
2316 http fetch GET 200 https://registry.npmjs.org/ts-api-utils 1273ms (cache miss)
2317 silly packumentCache full:https://registry.npmjs.org/ts-api-utils set size:undefined disposed:false
2318 silly fetch manifest @typescript-eslint/scope-manager@8.64.0
2319 silly packumentCache full:https://registry.npmjs.org/@typescript-eslint%2fscope-manager cache-miss
2320 http fetch GET 200 https://registry.npmjs.org/@typescript-eslint%2fproject-service 1220ms (cache miss)
2321 silly packumentCache full:https://registry.npmjs.org/@typescript-eslint%2fproject-service set size:undefined disposed:false
2322 http fetch GET 200 https://registry.npmjs.org/@typescript-eslint%2ftype-utils 2869ms (cache miss)
2323 silly packumentCache full:https://registry.npmjs.org/@typescript-eslint%2ftype-utils set size:undefined disposed:false
2324 http fetch GET 200 https://registry.npmjs.org/@typescript-eslint%2ftypes 8285ms (cache miss)
2325 silly packumentCache full:https://registry.npmjs.org/@typescript-eslint%2ftypes set size:undefined disposed:false
2326 http fetch GET 200 https://registry.npmjs.org/@typescript-eslint%2fvisitor-keys 9241ms (cache miss)
2327 silly packumentCache full:https://registry.npmjs.org/@typescript-eslint%2fvisitor-keys set size:undefined disposed:false
2328 http fetch GET 200 https://registry.npmjs.org/@typescript-eslint%2fscope-manager 8029ms (cache miss)
2329 silly packumentCache full:https://registry.npmjs.org/@typescript-eslint%2fscope-manager set size:undefined disposed:false
2330 http fetch GET 200 https://registry.npmjs.org/@typescript-eslint%2fscope-manager 10328ms (cache miss)
2331 silly packumentCache full:https://registry.npmjs.org/@typescript-eslint%2fscope-manager set size:undefined disposed:false
2332 http fetch GET 200 https://registry.npmjs.org/@typescript-eslint%2ftypes 11330ms (cache miss)
2333 silly packumentCache full:https://registry.npmjs.org/@typescript-eslint%2ftypes set size:undefined disposed:false
2334 http fetch GET 200 https://registry.npmjs.org/@typescript-eslint%2fvisitor-keys 11395ms (cache miss)
2335 silly packumentCache full:https://registry.npmjs.org/@typescript-eslint%2fvisitor-keys set size:undefined disposed:false
2336 http fetch GET 200 https://registry.npmjs.org/@typescript-eslint%2ftypes 12256ms (cache miss)
2337 silly packumentCache full:https://registry.npmjs.org/@typescript-eslint%2ftypes set size:undefined disposed:false
2338 http fetch GET 200 https://registry.npmjs.org/@typescript-eslint%2fvisitor-keys 12629ms (cache miss)
2339 silly packumentCache full:https://registry.npmjs.org/@typescript-eslint%2fvisitor-keys set size:undefined disposed:false
2340 http fetch GET 200 https://registry.npmjs.org/@typescript-eslint%2fscope-manager 12768ms (cache miss)
2341 silly packumentCache full:https://registry.npmjs.org/@typescript-eslint%2fscope-manager set size:undefined disposed:false
2342 silly placeDep ROOT @typescript-eslint/scope-manager@8.64.0 OK for: @typescript-eslint/eslint-plugin@8.64.0 want: 8.64.0
2343 silly placeDep ROOT @typescript-eslint/type-utils@8.64.0 OK for: @typescript-eslint/eslint-plugin@8.64.0 want: 8.64.0
2344 silly placeDep ROOT @typescript-eslint/visitor-keys@8.64.0 OK for: @typescript-eslint/eslint-plugin@8.64.0 want: 8.64.0
2345 silly placeDep node_modules/@typescript-eslint/eslint-plugin ignore@7.0.6 OK for: @typescript-eslint/eslint-plugin@8.64.0 want: ^7.0.5
2346 silly placeDep ROOT ts-api-utils@2.5.0 OK for: @typescript-eslint/eslint-plugin@8.64.0 want: ^2.5.0
2347 silly fetch manifest eslint-visitor-keys@^5.0.0
2348 silly packumentCache full:https://registry.npmjs.org/eslint-visitor-keys cache-hit
2349 silly placeDep ROOT @typescript-eslint/types@8.64.0 OK for: @typescript-eslint/parser@8.64.0 want: 8.64.0
2350 silly placeDep ROOT @typescript-eslint/project-service@8.64.0 OK for: @typescript-eslint/typescript-estree@8.64.0 want: 8.64.0
2351 silly placeDep ROOT @typescript-eslint/tsconfig-utils@8.64.0 OK for: @typescript-eslint/typescript-estree@8.64.0 want: 8.64.0
2352 silly placeDep node_modules/@typescript-eslint/typescript-estree minimatch@10.2.5 OK for: @typescript-eslint/typescript-estree@8.64.0 want: ^10.2.2
2353 silly placeDep node_modules/@typescript-eslint/typescript-estree semver@7.8.5 OK for: @typescript-eslint/typescript-estree@8.64.0 want: ^7.7.3
2354 silly fetch manifest @typescript-eslint/tsconfig-utils@^8.64.0
2355 silly packumentCache full:https://registry.npmjs.org/@typescript-eslint%2ftsconfig-utils cache-miss
2356 http cache https://registry.npmjs.org/@typescript-eslint%2ftsconfig-utils 14ms (cache hit)
2357 silly packumentCache full:https://registry.npmjs.org/@typescript-eslint%2ftsconfig-utils set size:1524445 disposed:false
2358 silly placeDep node_modules/@typescript-eslint/visitor-keys eslint-visitor-keys@5.0.1 OK for: @typescript-eslint/visitor-keys@8.64.0 want: ^5.0.0
2359 silly placeDep ROOT has-bigints@1.1.0 OK for: unbox-primitive@1.1.0 want: ^1.0.2
2360 silly placeDep ROOT which-boxed-primitive@1.1.1 OK for: unbox-primitive@1.1.0 want: ^1.1.1
2361 silly fetch manifest is-bigint@^1.1.0
2362 silly packumentCache full:https://registry.npmjs.org/is-bigint cache-miss
2363 silly fetch manifest is-boolean-object@^1.2.1
2364 silly packumentCache full:https://registry.npmjs.org/is-boolean-object cache-miss
2365 silly fetch manifest is-number-object@^1.1.1
2366 silly packumentCache full:https://registry.npmjs.org/is-number-object cache-miss
2367 http fetch GET 200 https://registry.npmjs.org/is-number-object 60ms (cache miss)
2368 silly packumentCache full:https://registry.npmjs.org/is-number-object set size:undefined disposed:false
2369 http fetch GET 200 https://registry.npmjs.org/is-boolean-object 69ms (cache miss)
2370 silly packumentCache full:https://registry.npmjs.org/is-boolean-object set size:undefined disposed:false
2371 http fetch GET 200 https://registry.npmjs.org/is-bigint 296ms (cache miss)
2372 silly packumentCache full:https://registry.npmjs.org/is-bigint set size:undefined disposed:false
2373 silly placeDep ROOT @unrs/resolver-binding-android-arm-eabi@1.12.2 OK for: unrs-resolver@1.12.2 want: 1.12.2
2374 silly placeDep ROOT @unrs/resolver-binding-android-arm64@1.12.2 OK for: unrs-resolver@1.12.2 want: 1.12.2
2375 silly placeDep ROOT @unrs/resolver-binding-darwin-arm64@1.12.2 OK for: unrs-resolver@1.12.2 want: 1.12.2
2376 silly placeDep ROOT @unrs/resolver-binding-darwin-x64@1.12.2 OK for: unrs-resolver@1.12.2 want: 1.12.2
2377 silly placeDep ROOT @unrs/resolver-binding-freebsd-x64@1.12.2 OK for: unrs-resolver@1.12.2 want: 1.12.2
2378 silly placeDep ROOT @unrs/resolver-binding-linux-arm-gnueabihf@1.12.2 OK for: unrs-resolver@1.12.2 want: 1.12.2
2379 silly placeDep ROOT @unrs/resolver-binding-linux-arm-musleabihf@1.12.2 OK for: unrs-resolver@1.12.2 want: 1.12.2
2380 silly placeDep ROOT @unrs/resolver-binding-linux-arm64-gnu@1.12.2 OK for: unrs-resolver@1.12.2 want: 1.12.2
2381 silly placeDep ROOT @unrs/resolver-binding-linux-arm64-musl@1.12.2 OK for: unrs-resolver@1.12.2 want: 1.12.2
2382 silly placeDep ROOT @unrs/resolver-binding-linux-loong64-gnu@1.12.2 OK for: unrs-resolver@1.12.2 want: 1.12.2
2383 silly placeDep ROOT @unrs/resolver-binding-linux-loong64-musl@1.12.2 OK for: unrs-resolver@1.12.2 want: 1.12.2
2384 silly placeDep ROOT @unrs/resolver-binding-linux-ppc64-gnu@1.12.2 OK for: unrs-resolver@1.12.2 want: 1.12.2
2385 silly placeDep ROOT @unrs/resolver-binding-linux-riscv64-gnu@1.12.2 OK for: unrs-resolver@1.12.2 want: 1.12.2
2386 silly placeDep ROOT @unrs/resolver-binding-linux-riscv64-musl@1.12.2 OK for: unrs-resolver@1.12.2 want: 1.12.2
2387 silly placeDep ROOT @unrs/resolver-binding-linux-s390x-gnu@1.12.2 OK for: unrs-resolver@1.12.2 want: 1.12.2
2388 silly placeDep ROOT @unrs/resolver-binding-linux-x64-gnu@1.12.2 OK for: unrs-resolver@1.12.2 want: 1.12.2
2389 silly placeDep ROOT @unrs/resolver-binding-linux-x64-musl@1.12.2 OK for: unrs-resolver@1.12.2 want: 1.12.2
2390 silly placeDep ROOT @unrs/resolver-binding-openharmony-arm64@1.12.2 OK for: unrs-resolver@1.12.2 want: 1.12.2
2391 silly placeDep ROOT @unrs/resolver-binding-wasm32-wasi@1.12.2 OK for: unrs-resolver@1.12.2 want: 1.12.2
2392 silly placeDep ROOT @unrs/resolver-binding-win32-arm64-msvc@1.12.2 OK for: unrs-resolver@1.12.2 want: 1.12.2
2393 silly placeDep ROOT @unrs/resolver-binding-win32-ia32-msvc@1.12.2 OK for: unrs-resolver@1.12.2 want: 1.12.2
2394 silly placeDep ROOT @unrs/resolver-binding-win32-x64-msvc@1.12.2 OK for: unrs-resolver@1.12.2 want: 1.12.2
2395 silly placeDep ROOT napi-postinstall@0.3.4 OK for: unrs-resolver@1.12.2 want: ^0.3.4
2396 silly fetch manifest @napi-rs/wasm-runtime@^1.1.4
2397 silly packumentCache full:https://registry.npmjs.org/@napi-rs%2fwasm-runtime cache-miss
2398 silly fetch manifest @emnapi/core@1.10.0
2399 silly packumentCache full:https://registry.npmjs.org/@emnapi%2fcore cache-miss
2400 silly fetch manifest @emnapi/runtime@1.10.0
2401 silly packumentCache full:https://registry.npmjs.org/@emnapi%2fruntime cache-miss
2402 http cache https://registry.npmjs.org/@emnapi%2fruntime 7ms (cache hit)
2403 silly packumentCache full:https://registry.npmjs.org/@emnapi%2fruntime set size:118526 disposed:false
2404 http fetch GET 200 https://registry.npmjs.org/@emnapi%2fcore 164ms (cache miss)
2405 silly packumentCache full:https://registry.npmjs.org/@emnapi%2fcore set size:undefined disposed:false
2406 http fetch GET 200 https://registry.npmjs.org/@napi-rs%2fwasm-runtime 383ms (cache miss)
2407 silly packumentCache full:https://registry.npmjs.org/@napi-rs%2fwasm-runtime set size:undefined disposed:false
2408 silly placeDep ROOT @emnapi/core@1.10.0 OK for: @unrs/resolver-binding-wasm32-wasi@1.12.2 want: 1.10.0
2409 silly placeDep node_modules/@unrs/resolver-binding-wasm32-wasi @emnapi/runtime@1.10.0 OK for: @unrs/resolver-binding-wasm32-wasi@1.12.2 want: 1.10.0
2410 silly placeDep ROOT @napi-rs/wasm-runtime@1.1.6 OK for: @unrs/resolver-binding-wasm32-wasi@1.12.2 want: ^1.1.4
2411 silly fetch manifest @emnapi/wasi-threads@1.2.1
2412 silly packumentCache full:https://registry.npmjs.org/@emnapi%2fwasi-threads cache-miss
2413 silly fetch manifest @tybys/wasm-util@^0.10.3
2414 silly packumentCache full:https://registry.npmjs.org/@tybys%2fwasm-util cache-miss
2415 http fetch GET 200 https://registry.npmjs.org/@emnapi%2fwasi-threads 362ms (cache miss)
2416 silly packumentCache full:https://registry.npmjs.org/@emnapi%2fwasi-threads set size:undefined disposed:false
2417 http fetch GET 200 https://registry.npmjs.org/@tybys%2fwasm-util 464ms (cache miss)
2418 silly packumentCache full:https://registry.npmjs.org/@tybys%2fwasm-util set size:undefined disposed:false
2419 silly placeDep ROOT @emnapi/wasi-threads@1.2.1 OK for: @emnapi/core@1.10.0 want: 1.2.1
2420 silly placeDep ROOT @tybys/wasm-util@0.10.3 OK for: @napi-rs/wasm-runtime@1.1.6 want: ^0.10.3
2421 silly placeDep ROOT escalade@3.2.0 OK for: update-browserslist-db@1.2.3 want: ^3.2.0
2422 silly placeDep ROOT punycode@2.3.1 OK for: uri-js@4.4.1 want: ^2.1.0
2423 silly placeDep ROOT isexe@2.0.0 OK for: which@2.0.2 want: ^2.0.0
2424 silly placeDep ROOT is-bigint@1.1.0 OK for: which-boxed-primitive@1.1.1 want: ^1.1.0
2425 silly placeDep ROOT is-boolean-object@1.2.2 OK for: which-boxed-primitive@1.1.1 want: ^1.2.1
2426 silly placeDep ROOT is-number-object@1.1.1 OK for: which-boxed-primitive@1.1.1 want: ^1.1.1
2427 silly placeDep ROOT is-async-function@2.1.1 OK for: which-builtin-type@1.2.1 want: ^2.0.0
2428 silly placeDep ROOT is-finalizationregistry@1.1.1 OK for: which-builtin-type@1.2.1 want: ^1.1.0
2429 silly placeDep ROOT is-generator-function@1.1.2 OK for: which-builtin-type@1.2.1 want: ^1.0.10
2430 silly placeDep ROOT which-collection@1.0.2 OK for: which-builtin-type@1.2.1 want: ^1.0.2
2431 silly fetch manifest async-function@^1.0.0
2432 silly packumentCache full:https://registry.npmjs.org/async-function cache-miss
2433 silly fetch manifest generator-function@^2.0.0
2434 silly packumentCache full:https://registry.npmjs.org/generator-function cache-miss
2435 silly fetch manifest is-map@^2.0.3
2436 silly packumentCache full:https://registry.npmjs.org/is-map cache-miss
2437 silly fetch manifest is-weakmap@^2.0.2
2438 silly packumentCache full:https://registry.npmjs.org/is-weakmap cache-miss
2439 silly fetch manifest is-weakset@^2.0.3
2440 silly packumentCache full:https://registry.npmjs.org/is-weakset cache-miss
2441 http fetch GET 200 https://registry.npmjs.org/is-weakmap 49ms (cache miss)
2442 silly packumentCache full:https://registry.npmjs.org/is-weakmap set size:undefined disposed:false
2443 http fetch GET 200 https://registry.npmjs.org/async-function 70ms (cache miss)
2444 silly packumentCache full:https://registry.npmjs.org/async-function set size:undefined disposed:false
2445 http fetch GET 200 https://registry.npmjs.org/is-weakset 112ms (cache miss)
2446 silly packumentCache full:https://registry.npmjs.org/is-weakset set size:undefined disposed:false
2447 http fetch GET 200 https://registry.npmjs.org/generator-function 308ms (cache miss)
2448 silly packumentCache full:https://registry.npmjs.org/generator-function set size:undefined disposed:false
2449 http fetch GET 200 https://registry.npmjs.org/is-map 407ms (cache miss)
2450 silly packumentCache full:https://registry.npmjs.org/is-map set size:undefined disposed:false
2451 silly placeDep ROOT async-function@1.0.0 OK for: is-async-function@2.1.1 want: ^1.0.0
2452 silly placeDep ROOT generator-function@2.0.1 OK for: is-generator-function@1.1.2 want: ^2.0.0
2453 silly placeDep ROOT is-map@2.0.3 OK for: which-collection@1.0.2 want: ^2.0.3
2454 silly placeDep ROOT is-weakmap@2.0.2 OK for: which-collection@1.0.2 want: ^2.0.2
2455 silly placeDep ROOT is-weakset@2.0.4 OK for: which-collection@1.0.2 want: ^2.0.3
2456 silly placeDep node_modules/@typescript-eslint/typescript-estree brace-expansion@5.0.7 OK for: minimatch@10.2.5 want: ^5.0.5
2457 silly fetch manifest balanced-match@^4.0.2
2458 silly packumentCache full:https://registry.npmjs.org/balanced-match cache-miss
2459 http cache https://registry.npmjs.org/balanced-match 13ms (cache hit)
2460 silly packumentCache full:https://registry.npmjs.org/balanced-match set size:39082 disposed:false
2461 silly placeDep node_modules/@typescript-eslint/typescript-estree balanced-match@4.0.4 OK for: brace-expansion@5.0.7 want: ^4.0.2
2462 silly reify moves {}
2463 silly audit bulk request {
2463 silly audit   '@types/node': [ '26.1.1' ],
2463 silly audit   '@types/react': [ '19.2.17' ],
2463 silly audit   '@types/react-dom': [ '19.2.3' ],
2463 silly audit   'eslint-config-next': [ '16.2.10' ],
2463 silly audit   next: [ '16.2.10' ],
2463 silly audit   react: [ '19.2.7' ],
2463 silly audit   'react-dom': [ '19.2.7' ],
2463 silly audit   'undici-types': [ '8.3.0' ],
2463 silly audit   csstype: [ '3.2.3' ],
2463 silly audit   '@eslint-community/eslint-utils': [ '4.9.1' ],
2463 silly audit   '@eslint-community/regexpp': [ '4.12.2' ],
2463 silly audit   '@humanfs/node': [ '0.16.8' ],
2463 silly audit   '@humanwhocodes/module-importer': [ '1.0.1' ],
2463 silly audit   '@humanwhocodes/retry': [ '0.4.3' ],
2463 silly audit   ajv: [ '6.15.0' ],
2463 silly audit   'cross-spawn': [ '7.0.6' ],
2463 silly audit   debug: [ '4.4.3', '3.2.7' ],
2463 silly audit   'escape-string-regexp': [ '4.0.0' ],
2463 silly audit   'eslint-visitor-keys': [ '3.4.3', '4.2.1', '5.0.1' ],
2463 silly audit   esquery: [ '1.7.0' ],
2463 silly audit   esutils: [ '2.0.3' ],
2463 silly audit   'fast-deep-equal': [ '3.1.3' ],
2463 silly audit   'file-entry-cache': [ '8.0.0' ],
2463 silly audit   'find-up': [ '5.0.0' ],
2463 silly audit   'glob-parent': [ '6.0.2', '5.1.2' ],
2463 silly audit   ignore: [ '5.3.2', '7.0.6' ],
2463 silly audit   imurmurhash: [ '0.1.4' ],
2463 silly audit   'is-glob': [ '4.0.3' ],
2463 silly audit   'json-stable-stringify-without-jsonify': [ '1.0.1' ],
2463 silly audit   'natural-compare': [ '1.4.0' ],
2463 silly audit   optionator: [ '0.9.4' ],
2463 silly audit   levn: [ '0.4.1' ],
2463 silly audit   '@humanfs/core': [ '0.19.2' ],
2463 silly audit   '@humanfs/types': [ '0.15.0' ],
2463 silly audit   'fast-json-stable-stringify': [ '2.1.0' ],
2463 silly audit   'json-schema-traverse': [ '0.4.1' ],
2463 silly audit   'uri-js': [ '4.4.1' ],
2463 silly audit   'path-key': [ '3.1.1' ],
2463 silly audit   'shebang-command': [ '2.0.0' ],
2463 silly audit   which: [ '2.0.2' ],
2463 silly audit   ms: [ '2.1.3' ],
2463 silly audit   '@next/eslint-plugin-next': [ '16.2.10' ],
2463 silly audit   'eslint-import-resolver-node': [ '0.3.10' ],
2463 silly audit   'eslint-import-resolver-typescript': [ '3.10.1' ],
2463 silly audit   'eslint-plugin-import': [ '2.32.0' ],
2463 silly audit   eslint: [ '9.39.5' ],
2463 silly audit   'eslint-plugin-jsx-a11y': [ '6.10.2' ],
2463 silly audit   'eslint-plugin-react': [ '7.37.5' ],
2463 silly audit   'eslint-plugin-react-hooks': [ '7.1.1' ],
2463 silly audit   globals: [ '16.4.0', '14.0.0' ],
2463 silly audit   'typescript-eslint': [ '8.64.0' ],
2463 silly audit   typescript: [ '6.0.3' ],
2463 silly audit   'fast-glob': [ '3.3.1' ],
2463 silly audit   '@eslint/config-array': [ '0.21.2' ],
2463 silly audit   '@eslint/config-helpers': [ '0.4.2' ],
2463 silly audit   '@eslint/core': [ '0.17.0' ],
2463 silly audit   '@eslint/eslintrc': [ '3.3.6' ],
2463 silly audit   '@eslint/js': [ '9.39.5' ],
2463 silly audit   '@eslint/plugin-kit': [ '0.4.1' ],
2463 silly audit   '@types/estree': [ '1.0.9' ],
2463 silly audit   chalk: [ '4.1.2' ],
2463 silly audit   'eslint-scope': [ '8.4.0' ],
2463 silly audit   espree: [ '10.4.0' ],
2463 silly audit   'lodash.merge': [ '4.6.2' ],
2463 silly audit   minimatch: [ '3.1.5', '10.2.5' ],
2463 silly audit   '@eslint/object-schema': [ '2.1.7' ],
2463 silly audit   '@types/json-schema': [ '7.0.15' ],
2463 silly audit   'import-fresh': [ '3.3.1' ],
2463 silly audit   'js-yaml': [ '4.3.0' ],
2463 silly audit   'strip-json-comments': [ '3.1.1' ],
2463 silly audit   'ansi-styles': [ '4.3.0' ],
2463 silly audit   'supports-color': [ '7.2.0' ],
2463 silly audit   'color-convert': [ '2.0.1' ],
2463 silly audit   'color-name': [ '1.1.4' ],
2463 silly audit   'is-core-module': [ '2.16.2' ],
2463 silly audit   resolve: [ '2.0.0-next.7' ],
2463 silly audit   '@nolyfill/is-core-module': [ '1.0.39' ],
2463 silly audit   'get-tsconfig': [ '4.14.0' ],
2463 silly audit   'is-bun-module': [ '2.0.0' ],
2463 silly audit   'stable-hash': [ '0.0.5' ],
2463 silly audit   tinyglobby: [ '0.2.17' ],
2463 silly audit   'unrs-resolver': [ '1.12.2' ],
2463 silly audit   '@rtsao/scc': [ '1.1.0' ],
2463 silly audit   'array-includes': [ '3.1.9' ],
2463 silly audit   'array.prototype.findlastindex': [ '1.2.6' ],
2463 silly audit   'array.prototype.flat': [ '1.3.3' ],
2463 silly audit   'array.prototype.flatmap': [ '1.3.3' ],
2463 silly audit   doctrine: [ '2.1.0' ],
2463 silly audit   'eslint-module-utils': [ '2.14.0' ],
2463 silly audit   hasown: [ '2.0.4' ],
2463 silly audit   'object.fromentries': [ '2.0.8' ],
2463 silly audit   'object.groupby': [ '1.0.3' ],
2463 silly audit   'object.values': [ '1.2.1' ],
2463 silly audit   semver: [ '6.3.1', '7.8.5' ],
2463 silly audit   'string.prototype.trimend': [ '1.0.10' ],
2463 silly audit   'tsconfig-paths': [ '3.15.0' ],
2463 silly audit   'call-bind': [ '1.0.9' ],
2463 silly audit   'call-bound': [ '1.0.4' ],
2463 silly audit   'define-properties': [ '1.2.1' ],
2463 silly audit   'es-abstract': [ '1.24.2' ],
2463 silly audit   'es-object-atoms': [ '1.1.2' ],
2463 silly audit   'get-intrinsic': [ '1.3.0' ],
2463 silly audit   'is-string': [ '1.1.1' ],
2463 silly audit   'math-intrinsics': [ '1.1.0' ],
2463 silly audit   'es-errors': [ '1.3.0' ],
2463 silly audit   'es-shim-unscopables': [ '1.1.0' ],
2463 silly audit   'call-bind-apply-helpers': [ '1.0.2' ],
2463 silly audit   'es-define-property': [ '1.0.1' ],
2463 silly audit   'set-function-length': [ '1.2.2' ],
2463 silly audit   'function-bind': [ '1.1.2' ],
2463 silly audit   'define-data-property': [ '1.1.4' ],
2463 silly audit   'has-property-descriptors': [ '1.0.2' ],
2463 silly audit   'object-keys': [ '1.1.1' ],
2463 silly audit   gopd: [ '1.2.0' ],
2463 silly audit   'array-buffer-byte-length': [ '1.0.2' ],
2463 silly audit   'arraybuffer.prototype.slice': [ '1.0.4' ],
2463 silly audit   'available-typed-arrays': [ '1.0.7' ],
2463 silly audit   'data-view-buffer': [ '1.0.2' ],
2463 silly audit   'data-view-byte-length': [ '1.0.2' ],
2463 silly audit   'data-view-byte-offset': [ '1.0.1' ],
2463 silly audit   'es-set-tostringtag': [ '2.1.0' ],
2463 silly audit   'es-to-primitive': [ '1.3.4' ],
2463 silly audit   'function.prototype.name': [ '1.2.0' ],
2463 silly audit   'get-proto': [ '1.0.1' ],
2463 silly audit   'get-symbol-description': [ '1.1.0' ],
2463 silly audit   globalthis: [ '1.0.4' ],
2463 silly audit   'has-proto': [ '1.2.0' ],
2463 silly audit   'has-symbols': [ '1.1.0' ],
2463 silly audit   'internal-slot': [ '1.1.0' ],
2463 silly audit   'is-array-buffer': [ '3.0.5' ],
2463 silly audit   'is-callable': [ '1.2.7' ],
2463 silly audit   'is-data-view': [ '1.0.2' ],
2463 silly audit   'is-negative-zero': [ '2.0.3' ],
2463 silly audit   'is-regex': [ '1.2.1' ],
2463 silly audit   'is-set': [ '2.0.3' ],
2463 silly audit   'is-shared-array-buffer': [ '1.0.4' ],
2463 silly audit   'is-typed-array': [ '1.1.15' ],
2463 silly audit   'is-weakref': [ '1.1.1' ],
2463 silly audit   'object-inspect': [ '1.13.4' ],
2463 silly audit   'object.assign': [ '4.1.7' ],
2463 silly audit   'own-keys': [ '1.0.1' ],
2463 silly audit   'regexp.prototype.flags': [ '1.5.4' ],
2463 silly audit   'safe-array-concat': [ '1.1.4' ],
2463 silly audit   'safe-push-apply': [ '1.0.0' ],
2463 silly audit   'safe-regex-test': [ '1.1.0' ],
2463 silly audit   'set-proto': [ '1.0.0' ],
2463 silly audit   'stop-iteration-iterator': [ '1.1.0' ],
2463 silly audit   'string.prototype.trim': [ '1.2.11' ],
2463 silly audit   'string.prototype.trimstart': [ '1.0.8' ],
2463 silly audit   'typed-array-buffer': [ '1.0.3' ],
2463 silly audit   'typed-array-byte-length': [ '1.0.3' ],
2463 silly audit   'typed-array-byte-offset': [ '1.0.4' ],
2463 silly audit   'typed-array-length': [ '1.0.8' ],
2463 silly audit   'unbox-primitive': [ '1.1.0' ],
2463 silly audit   'which-typed-array': [ '1.1.22' ],
2463 silly audit   'possible-typed-array-names': [ '1.1.0' ],
2463 silly audit   'has-tostringtag': [ '1.0.2' ],
2463 silly audit   'es-abstract-get': [ '1.0.0' ],
2463 silly audit   'is-date-object': [ '1.1.0' ],
2463 silly audit   'is-symbol': [ '1.1.1' ],
2463 silly audit   'aria-query': [ '5.3.2' ],
2463 silly audit   'ast-types-flow': [ '0.0.8' ],
2463 silly audit   'axe-core': [ '4.12.1' ],
2463 silly audit   'axobject-query': [ '4.1.0' ],
2463 silly audit   'damerau-levenshtein': [ '1.0.8' ],
2463 silly audit   'emoji-regex': [ '9.2.2' ],
2463 silly audit   'jsx-ast-utils': [ '3.3.5' ],
2463 silly audit   'language-tags': [ '1.0.9' ],
2463 silly audit   'string.prototype.includes': [ '2.0.1' ],
2463 silly audit   'array.prototype.findlast': [ '1.2.5' ],
2463 silly audit   'array.prototype.tosorted': [ '1.1.4' ],
2463 silly audit   'es-iterator-helpers': [ '1.4.0' ],
2463 silly audit   estraverse: [ '5.3.0' ],
2463 silly audit   'object.entries': [ '1.1.9' ],
2463 silly audit   'prop-types': [ '15.8.1' ],
2463 silly audit   'string.prototype.matchall': [ '4.0.12' ],
2463 silly audit   'string.prototype.repeat': [ '1.0.0' ],
2463 silly audit   'iterator.prototype': [ '1.1.5' ],
2463 silly audit   '@babel/core': [ '7.29.7' ],
2463 silly audit   '@babel/parser': [ '7.29.7' ],
2463 silly audit   'hermes-parser': [ '0.25.1' ],
2463 silly audit   zod: [ '4.4.3' ],
2463 silly audit   'zod-validation-error': [ '4.0.2' ],
2463 silly audit   '@babel/code-frame': [ '7.29.7' ],
2463 silly audit   '@babel/generator': [ '7.29.7' ],
2463 silly audit   '@babel/helper-compilation-targets': [ '7.29.7' ],
2463 silly audit   '@babel/helper-module-transforms': [ '7.29.7' ],
2463 silly audit   '@babel/helpers': [ '7.29.7' ],
2463 silly audit   '@babel/template': [ '7.29.7' ],
2463 silly audit   '@babel/traverse': [ '7.29.7' ],
2463 silly audit   '@babel/types': [ '7.29.7' ],
2463 silly audit   '@jridgewell/remapping': [ '2.3.5' ],
2463 silly audit   'convert-source-map': [ '2.0.0' ],
2463 silly audit   gensync: [ '1.0.0-beta.2' ],
2463 silly audit   json5: [ '2.2.3', '1.0.2' ],
2463 silly audit   '@babel/helper-validator-identifier': [ '7.29.7' ],
2463 silly audit   'js-tokens': [ '4.0.0' ],
2463 silly audit   picocolors: [ '1.1.1' ],
2463 silly audit   '@jridgewell/gen-mapping': [ '0.3.13' ],
2463 silly audit   '@jridgewell/trace-mapping': [ '0.3.31' ],
2463 silly audit   jsesc: [ '3.1.0' ],
2463 silly audit   '@babel/compat-data': [ '7.29.7' ],
2463 silly audit   '@babel/helper-validator-option': [ '7.29.7' ],
2463 silly audit   browserslist: [ '4.28.6' ],
2463 silly audit   'lru-cache': [ '5.1.1' ],
2463 silly audit   '@babel/helper-module-imports': [ '7.29.7' ],
2463 silly audit   '@babel/helper-globals': [ '7.29.7' ],
2463 silly audit   '@babel/helper-string-parser': [ '7.29.7' ],
2463 silly audit   '@jridgewell/sourcemap-codec': [ '1.5.5' ],
2463 silly audit   '@jridgewell/resolve-uri': [ '3.1.2' ],
2463 silly audit   'baseline-browser-mapping': [ '2.10.43' ],
2463 silly audit   'caniuse-lite': [ '1.0.30001806' ],
2463 silly audit   'electron-to-chromium': [ '1.5.392' ],
2463 silly audit   'node-releases': [ '2.0.51' ],
2463 silly audit   'update-browserslist-db': [ '1.2.3' ],
2463 silly audit   esrecurse: [ '4.3.0' ],
2463 silly audit   acorn: [ '8.17.0' ],
2463 silly audit   'acorn-jsx': [ '5.3.2' ],
2463 silly audit   '@nodelib/fs.stat': [ '2.0.5' ],
2463 silly audit   '@nodelib/fs.walk': [ '1.2.8' ],
2463 silly audit   merge2: [ '1.4.1' ],
2463 silly audit   micromatch: [ '4.0.8' ],
2463 silly audit   '@nodelib/fs.scandir': [ '2.1.5' ],
2463 silly audit   fastq: [ '1.20.1' ],
2463 silly audit   'run-parallel': [ '1.2.0' ],
2463 silly audit   reusify: [ '1.1.0' ],
2463 silly audit   'flat-cache': [ '4.0.1' ],
2463 silly audit   'locate-path': [ '6.0.0' ],
2463 silly audit   'path-exists': [ '4.0.0' ],
2463 silly audit   flatted: [ '3.4.2' ],
2463 silly audit   keyv: [ '4.5.4' ],
2463 silly audit   'functions-have-names': [ '1.2.3' ],
2463 silly audit   'is-document.all': [ '1.0.0' ],
2463 silly audit   'dunder-proto': [ '1.0.1' ],
2463 silly audit   'resolve-pkg-maps': [ '1.0.0' ],
2463 silly audit   'hermes-estree': [ '0.25.1' ],
2463 silly audit   'parent-module': [ '1.0.1' ],
2463 silly audit   'resolve-from': [ '4.0.0' ],
2463 silly audit   'side-channel': [ '1.1.1' ],
2463 silly audit   'is-extglob': [ '2.1.1' ],
2463 silly audit   'set-function-name': [ '2.0.2' ],
2463 silly audit   argparse: [ '2.0.1' ],
2463 silly audit   'json-buffer': [ '3.0.1' ],
2463 silly audit   'language-subtag-registry': [ '0.3.23' ],
2463 silly audit   'prelude-ls': [ '1.2.1' ],
2463 silly audit   'type-check': [ '0.4.0' ],
2463 silly audit   'p-locate': [ '5.0.0' ],
2463 silly audit   yallist: [ '3.1.1' ],
2463 silly audit   braces: [ '3.0.3' ],
2463 silly audit   picomatch: [ '2.3.2', '4.0.5' ],
2463 silly audit   'fill-range': [ '7.1.1' ],
2463 silly audit   'to-regex-range': [ '5.0.1' ],
2463 silly audit   'brace-expansion': [ '1.1.16', '5.0.7' ],
2463 silly audit   'balanced-match': [ '1.0.2', '4.0.4' ],
2463 silly audit   'concat-map': [ '0.0.1' ],
2463 silly audit   '@next/env': [ '16.2.10' ],
2463 silly audit   '@next/swc-darwin-arm64': [ '16.2.10' ],
2463 silly audit   '@next/swc-darwin-x64': [ '16.2.10' ],
2463 silly audit   '@next/swc-linux-arm64-gnu': [ '16.2.10' ],
2463 silly audit   '@next/swc-linux-arm64-musl': [ '16.2.10' ],
2463 silly audit   '@next/swc-linux-x64-gnu': [ '16.2.10' ],
2463 silly audit   '@next/swc-linux-x64-musl': [ '16.2.10' ],
2463 silly audit   '@next/swc-win32-arm64-msvc': [ '16.2.10' ],
2463 silly audit   '@next/swc-win32-x64-msvc': [ '16.2.10' ],
2463 silly audit   '@swc/helpers': [ '0.5.15' ],
2463 silly audit   postcss: [ '8.4.31' ],
2463 silly audit   sharp: [ '0.34.5' ],
2463 silly audit   'styled-jsx': [ '5.1.6' ],
2463 silly audit   tslib: [ '2.8.1' ],
2463 silly audit   'deep-is': [ '0.1.4' ],
2463 silly audit   'fast-levenshtein': [ '2.0.6' ],
2463 silly audit   'word-wrap': [ '1.2.5' ],
2463 silly audit   'p-limit': [ '3.1.0' ],
2463 silly audit   'yocto-queue': [ '0.1.0' ],
2463 silly audit   callsites: [ '3.1.0' ],
2463 silly audit   nanoid: [ '3.3.16' ],
2463 silly audit   'source-map-js': [ '1.2.1' ],
2463 silly audit   'loose-envify': [ '1.4.0' ],
2463 silly audit   'object-assign': [ '4.1.1' ],
2463 silly audit   'react-is': [ '16.13.1' ],
2463 silly audit   scheduler: [ '0.27.0' ],
2463 silly audit   'node-exports-info': [ '1.6.2' ],
2463 silly audit   'path-parse': [ '1.0.7' ],
2463 silly audit   'supports-preserve-symlinks-flag': [ '1.0.0' ],
2463 silly audit   'queue-microtask': [ '1.2.3' ],
2463 silly audit   isarray: [ '2.0.5' ],
2463 silly audit   '@img/colour': [ '1.1.0' ],
2463 silly audit   '@img/sharp-darwin-arm64': [ '0.34.5' ],
2463 silly audit   '@img/sharp-darwin-x64': [ '0.34.5' ],
2463 silly audit   '@img/sharp-libvips-darwin-arm64': [ '1.2.4' ],
2463 silly audit   '@img/sharp-libvips-darwin-x64': [ '1.2.4' ],
2463 silly audit   '@img/sharp-libvips-linux-arm': [ '1.2.4' ],
2463 silly audit   '@img/sharp-libvips-linux-arm64': [ '1.2.4' ],
2463 silly audit   '@img/sharp-libvips-linux-ppc64': [ '1.2.4' ],
2463 silly audit   '@img/sharp-libvips-linux-riscv64': [ '1.2.4' ],
2463 silly audit   '@img/sharp-libvips-linux-s390x': [ '1.2.4' ],
2463 silly audit   '@img/sharp-libvips-linux-x64': [ '1.2.4' ],
2463 silly audit   '@img/sharp-libvips-linuxmusl-arm64': [ '1.2.4' ],
2463 silly audit   '@img/sharp-libvips-linuxmusl-x64': [ '1.2.4' ],
2463 silly audit   '@img/sharp-linux-arm': [ '0.34.5' ],
2463 silly audit   '@img/sharp-linux-arm64': [ '0.34.5' ],
2463 silly audit   '@img/sharp-linux-ppc64': [ '0.34.5' ],
2463 silly audit   '@img/sharp-linux-riscv64': [ '0.34.5' ],
2463 silly audit   '@img/sharp-linux-s390x': [ '0.34.5' ],
2463 silly audit   '@img/sharp-linux-x64': [ '0.34.5' ],
2463 silly audit   '@img/sharp-linuxmusl-arm64': [ '0.34.5' ],
2463 silly audit   '@img/sharp-linuxmusl-x64': [ '0.34.5' ],
2463 silly audit   '@img/sharp-wasm32': [ '0.34.5' ],
2463 silly audit   '@img/sharp-win32-arm64': [ '0.34.5' ],
2463 silly audit   '@img/sharp-win32-ia32': [ '0.34.5' ],
2463 silly audit   '@img/sharp-win32-x64': [ '0.34.5' ],
2463 silly audit   'detect-libc': [ '2.1.2' ],
2463 silly audit   '@emnapi/runtime': [ '1.11.2', '1.10.0' ],
2463 silly audit   'shebang-regex': [ '3.0.0' ],
2463 silly audit   'side-channel-list': [ '1.0.1' ],
2463 silly audit   'side-channel-map': [ '1.0.1' ],
2463 silly audit   'side-channel-weakmap': [ '1.0.2' ],
2463 silly audit   'client-only': [ '0.0.1' ],
2463 silly audit   'has-flag': [ '4.0.0' ],
2463 silly audit   fdir: [ '6.5.0' ],
2463 silly audit   'is-number': [ '7.0.0' ],
2463 silly audit   '@types/json5': [ '0.0.29' ],
2463 silly audit   minimist: [ '1.2.8' ],
2463 silly audit   'strip-bom': [ '3.0.0' ],
2463 silly audit   'for-each': [ '0.3.5' ],
2463 silly audit   'reflect.getprototypeof': [ '1.0.10' ],
2463 silly audit   'which-builtin-type': [ '1.2.1' ],
2463 silly audit   '@typescript-eslint/eslint-plugin': [ '8.64.0' ],
2463 silly audit   '@typescript-eslint/parser': [ '8.64.0' ],
2463 silly audit   '@typescript-eslint/typescript-estree': [ '8.64.0' ],
2463 silly audit   '@typescript-eslint/utils': [ '8.64.0' ],
2463 silly audit   '@typescript-eslint/scope-manager': [ '8.64.0' ],
2463 silly audit   '@typescript-eslint/type-utils': [ '8.64.0' ],
2463 silly audit   '@typescript-eslint/visitor-keys': [ '8.64.0' ],
2463 silly audit   'ts-api-utils': [ '2.5.0' ],
2463 silly audit   '@typescript-eslint/types': [ '8.64.0' ],
2463 silly audit   '@typescript-eslint/project-service': [ '8.64.0' ],
2463 silly audit   '@typescript-eslint/tsconfig-utils': [ '8.64.0' ],
2463 silly audit   'has-bigints': [ '1.1.0' ],
2463 silly audit   'which-boxed-primitive': [ '1.1.1' ],
2463 silly audit   '@unrs/resolver-binding-android-arm-eabi': [ '1.12.2' ],
2463 silly audit   '@unrs/resolver-binding-android-arm64': [ '1.12.2' ],
2463 silly audit   '@unrs/resolver-binding-darwin-arm64': [ '1.12.2' ],
2463 silly audit   '@unrs/resolver-binding-darwin-x64': [ '1.12.2' ],
2463 silly audit   '@unrs/resolver-binding-freebsd-x64': [ '1.12.2' ],
2463 silly audit   '@unrs/resolver-binding-linux-arm-gnueabihf': [ '1.12.2' ],
2463 silly audit   '@unrs/resolver-binding-linux-arm-musleabihf': [ '1.12.2' ],
2463 silly audit   '@unrs/resolver-binding-linux-arm64-gnu': [ '1.12.2' ],
2463 silly audit   '@unrs/resolver-binding-linux-arm64-musl': [ '1.12.2' ],
2463 silly audit   '@unrs/resolver-binding-linux-loong64-gnu': [ '1.12.2' ],
2463 silly audit   '@unrs/resolver-binding-linux-loong64-musl': [ '1.12.2' ],
2463 silly audit   '@unrs/resolver-binding-linux-ppc64-gnu': [ '1.12.2' ],
2463 silly audit   '@unrs/resolver-binding-linux-riscv64-gnu': [ '1.12.2' ],
2463 silly audit   '@unrs/resolver-binding-linux-riscv64-musl': [ '1.12.2' ],
2463 silly audit   '@unrs/resolver-binding-linux-s390x-gnu': [ '1.12.2' ],
2463 silly audit   '@unrs/resolver-binding-linux-x64-gnu': [ '1.12.2' ],
2463 silly audit   '@unrs/resolver-binding-linux-x64-musl': [ '1.12.2' ],
2463 silly audit   '@unrs/resolver-binding-openharmony-arm64': [ '1.12.2' ],
2463 silly audit   '@unrs/resolver-binding-wasm32-wasi': [ '1.12.2' ],
2463 silly audit   '@unrs/resolver-binding-win32-arm64-msvc': [ '1.12.2' ],
2463 silly audit   '@unrs/resolver-binding-win32-ia32-msvc': [ '1.12.2' ],
2463 silly audit   '@unrs/resolver-binding-win32-x64-msvc': [ '1.12.2' ],
2463 silly audit   'napi-postinstall': [ '0.3.4' ],
2463 silly audit   '@emnapi/core': [ '1.10.0' ],
2463 silly audit   '@napi-rs/wasm-runtime': [ '1.1.6' ],
2463 silly audit   '@emnapi/wasi-threads': [ '1.2.1' ],
2463 silly audit   '@tybys/wasm-util': [ '0.10.3' ],
2463 silly audit   escalade: [ '3.2.0' ],
2463 silly audit   punycode: [ '2.3.1' ],
2463 silly audit   isexe: [ '2.0.0' ],
2463 silly audit   'is-bigint': [ '1.1.0' ],
2463 silly audit   'is-boolean-object': [ '1.2.2' ],
2463 silly audit   'is-number-object': [ '1.1.1' ],
2463 silly audit   'is-async-function': [ '2.1.1' ],
2463 silly audit   'is-finalizationregistry': [ '1.1.1' ],
2463 silly audit   'is-generator-function': [ '1.1.2' ],
2463 silly audit   'which-collection': [ '1.0.2' ],
2463 silly audit   'async-function': [ '1.0.0' ],
2463 silly audit   'generator-function': [ '2.0.1' ],
2463 silly audit   'is-map': [ '2.0.3' ],
2463 silly audit   'is-weakmap': [ '2.0.2' ],
2463 silly audit   'is-weakset': [ '2.0.4' ]
2463 silly audit }
2464 http cache is-weakset@https://registry.npmjs.org/is-weakset/-/is-weakset-2.0.4.tgz 0ms (cache hit)
2465 http cache is-weakmap@https://registry.npmjs.org/is-weakmap/-/is-weakmap-2.0.2.tgz 0ms (cache hit)
2466 http cache is-map@https://registry.npmjs.org/is-map/-/is-map-2.0.3.tgz 0ms (cache hit)
2467 http cache generator-function@https://registry.npmjs.org/generator-function/-/generator-function-2.0.1.tgz 0ms (cache hit)
2468 http cache is-generator-function@https://registry.npmjs.org/is-generator-function/-/is-generator-function-1.1.2.tgz 0ms (cache hit)
2469 http cache async-function@https://registry.npmjs.org/async-function/-/async-function-1.0.0.tgz 0ms (cache hit)
2470 http cache which-collection@https://registry.npmjs.org/which-collection/-/which-collection-1.0.2.tgz 0ms (cache hit)
2471 http cache is-number-object@https://registry.npmjs.org/is-number-object/-/is-number-object-1.1.1.tgz 0ms (cache hit)
2472 http cache is-bigint@https://registry.npmjs.org/is-bigint/-/is-bigint-1.1.0.tgz 0ms (cache hit)
2473 http cache isexe@https://registry.npmjs.org/isexe/-/isexe-2.0.0.tgz 0ms (cache hit)
2474 http cache is-boolean-object@https://registry.npmjs.org/is-boolean-object/-/is-boolean-object-1.2.2.tgz 0ms (cache hit)
2475 http cache is-finalizationregistry@https://registry.npmjs.org/is-finalizationregistry/-/is-finalizationregistry-1.1.1.tgz 0ms (cache hit)
2476 http cache punycode@https://registry.npmjs.org/punycode/-/punycode-2.3.1.tgz 0ms (cache hit)
2477 http cache escalade@https://registry.npmjs.org/escalade/-/escalade-3.2.0.tgz 0ms (cache hit)
2478 http cache napi-postinstall@https://registry.npmjs.org/napi-postinstall/-/napi-postinstall-0.3.4.tgz 0ms (cache hit)
2479 http cache is-async-function@https://registry.npmjs.org/is-async-function/-/is-async-function-2.1.1.tgz 0ms (cache hit)
2480 http cache which-boxed-primitive@https://registry.npmjs.org/which-boxed-primitive/-/which-boxed-primitive-1.1.1.tgz 0ms (cache hit)
2481 http cache has-bigints@https://registry.npmjs.org/has-bigints/-/has-bigints-1.1.0.tgz 0ms (cache hit)
2482 http cache ts-api-utils@https://registry.npmjs.org/ts-api-utils/-/ts-api-utils-2.5.0.tgz 0ms (cache hit)
2483 http cache @unrs/resolver-binding-win32-x64-msvc@https://registry.npmjs.org/@unrs/resolver-binding-win32-x64-msvc/-/resolver-binding-win32-x64-msvc-1.12.2.tgz 0ms (cache hit)
2484 http cache @typescript-eslint/project-service@https://registry.npmjs.org/@typescript-eslint/project-service/-/project-service-8.64.0.tgz 0ms (cache hit)
2485 http cache @typescript-eslint/types@https://registry.npmjs.org/@typescript-eslint/types/-/types-8.64.0.tgz 0ms (cache hit)
2486 http cache @typescript-eslint/tsconfig-utils@https://registry.npmjs.org/@typescript-eslint/tsconfig-utils/-/tsconfig-utils-8.64.0.tgz 0ms (cache hit)
2487 http cache @typescript-eslint/visitor-keys@https://registry.npmjs.org/@typescript-eslint/visitor-keys/-/visitor-keys-8.64.0.tgz 0ms (cache hit)
2488 http cache @typescript-eslint/utils@https://registry.npmjs.org/@typescript-eslint/utils/-/utils-8.64.0.tgz 0ms (cache hit)
2489 http cache @typescript-eslint/typescript-estree@https://registry.npmjs.org/@typescript-eslint/typescript-estree/-/typescript-estree-8.64.0.tgz 0ms (cache hit)
2490 http cache @typescript-eslint/type-utils@https://registry.npmjs.org/@typescript-eslint/type-utils/-/type-utils-8.64.0.tgz 0ms (cache hit)
2491 http cache @typescript-eslint/parser@https://registry.npmjs.org/@typescript-eslint/parser/-/parser-8.64.0.tgz 0ms (cache hit)
2492 http cache @typescript-eslint/eslint-plugin@https://registry.npmjs.org/@typescript-eslint/eslint-plugin/-/eslint-plugin-8.64.0.tgz 0ms (cache hit)
2493 http cache reflect.getprototypeof@https://registry.npmjs.org/reflect.getprototypeof/-/reflect.getprototypeof-1.0.10.tgz 0ms (cache hit)
2494 http cache @typescript-eslint/scope-manager@https://registry.npmjs.org/@typescript-eslint/scope-manager/-/scope-manager-8.64.0.tgz 0ms (cache hit)
2495 http cache which-builtin-type@https://registry.npmjs.org/which-builtin-type/-/which-builtin-type-1.2.1.tgz 0ms (cache hit)
2496 http cache for-each@https://registry.npmjs.org/for-each/-/for-each-0.3.5.tgz 0ms (cache hit)
2497 http cache minimist@https://registry.npmjs.org/minimist/-/minimist-1.2.8.tgz 0ms (cache hit)
2498 http cache strip-bom@https://registry.npmjs.org/strip-bom/-/strip-bom-3.0.0.tgz 0ms (cache hit)
2499 http cache @types/json5@https://registry.npmjs.org/@types/json5/-/json5-0.0.29.tgz 0ms (cache hit)
2500 http cache is-number@https://registry.npmjs.org/is-number/-/is-number-7.0.0.tgz 0ms (cache hit)
2501 http cache has-flag@https://registry.npmjs.org/has-flag/-/has-flag-4.0.0.tgz 0ms (cache hit)
2502 http cache client-only@https://registry.npmjs.org/client-only/-/client-only-0.0.1.tgz 0ms (cache hit)
2503 http cache side-channel-weakmap@https://registry.npmjs.org/side-channel-weakmap/-/side-channel-weakmap-1.0.2.tgz 0ms (cache hit)
2504 http cache @emnapi/runtime@https://registry.npmjs.org/@emnapi/runtime/-/runtime-1.11.2.tgz 0ms (cache hit)
2505 http cache side-channel-map@https://registry.npmjs.org/side-channel-map/-/side-channel-map-1.0.1.tgz 0ms (cache hit)
2506 http cache side-channel-list@https://registry.npmjs.org/side-channel-list/-/side-channel-list-1.0.1.tgz 0ms (cache hit)
2507 http cache shebang-regex@https://registry.npmjs.org/shebang-regex/-/shebang-regex-3.0.0.tgz 0ms (cache hit)
2508 http cache @img/sharp-win32-x64@https://registry.npmjs.org/@img/sharp-win32-x64/-/sharp-win32-x64-0.34.5.tgz 0ms (cache hit)
2509 http cache detect-libc@https://registry.npmjs.org/detect-libc/-/detect-libc-2.1.2.tgz 0ms (cache hit)
2510 http cache isarray@https://registry.npmjs.org/isarray/-/isarray-2.0.5.tgz 0ms (cache hit)
2511 http cache @img/colour@https://registry.npmjs.org/@img/colour/-/colour-1.1.0.tgz 0ms (cache hit)
2512 http cache queue-microtask@https://registry.npmjs.org/queue-microtask/-/queue-microtask-1.2.3.tgz 0ms (cache hit)
2513 http cache node-exports-info@https://registry.npmjs.org/node-exports-info/-/node-exports-info-1.6.2.tgz 0ms (cache hit)
2514 http cache supports-preserve-symlinks-flag@https://registry.npmjs.org/supports-preserve-symlinks-flag/-/supports-preserve-symlinks-flag-1.0.0.tgz 0ms (cache hit)
2515 http cache path-parse@https://registry.npmjs.org/path-parse/-/path-parse-1.0.7.tgz 0ms (cache hit)
2516 http cache react-is@https://registry.npmjs.org/react-is/-/react-is-16.13.1.tgz 0ms (cache hit)
2517 http cache scheduler@https://registry.npmjs.org/scheduler/-/scheduler-0.27.0.tgz 0ms (cache hit)
2518 http cache object-assign@https://registry.npmjs.org/object-assign/-/object-assign-4.1.1.tgz 0ms (cache hit)
2519 http cache loose-envify@https://registry.npmjs.org/loose-envify/-/loose-envify-1.4.0.tgz 0ms (cache hit)
2520 http cache source-map-js@https://registry.npmjs.org/source-map-js/-/source-map-js-1.2.1.tgz 0ms (cache hit)
2521 http cache nanoid@https://registry.npmjs.org/nanoid/-/nanoid-3.3.16.tgz 0ms (cache hit)
2522 http cache callsites@https://registry.npmjs.org/callsites/-/callsites-3.1.0.tgz 0ms (cache hit)
2523 http cache p-limit@https://registry.npmjs.org/p-limit/-/p-limit-3.1.0.tgz 0ms (cache hit)
2524 http cache word-wrap@https://registry.npmjs.org/word-wrap/-/word-wrap-1.2.5.tgz 0ms (cache hit)
2525 http cache deep-is@https://registry.npmjs.org/deep-is/-/deep-is-0.1.4.tgz 0ms (cache hit)
2526 http cache yocto-queue@https://registry.npmjs.org/yocto-queue/-/yocto-queue-0.1.0.tgz 0ms (cache hit)
2527 http cache tslib@https://registry.npmjs.org/tslib/-/tslib-2.8.1.tgz 0ms (cache hit)
2528 http cache @swc/helpers@https://registry.npmjs.org/@swc/helpers/-/helpers-0.5.15.tgz 0ms (cache hit)
2529 http cache styled-jsx@https://registry.npmjs.org/styled-jsx/-/styled-jsx-5.1.6.tgz 0ms (cache hit)
2530 http cache sharp@https://registry.npmjs.org/sharp/-/sharp-0.34.5.tgz 0ms (cache hit)
2531 http cache fast-levenshtein@https://registry.npmjs.org/fast-levenshtein/-/fast-levenshtein-2.0.6.tgz 0ms (cache hit)
2532 http cache postcss@https://registry.npmjs.org/postcss/-/postcss-8.4.31.tgz 0ms (cache hit)
2533 http cache @next/swc-win32-x64-msvc@https://registry.npmjs.org/@next/swc-win32-x64-msvc/-/swc-win32-x64-msvc-16.2.10.tgz 0ms (cache hit)
2534 http cache balanced-match@https://registry.npmjs.org/balanced-match/-/balanced-match-1.0.2.tgz 0ms (cache hit)
2535 http cache concat-map@https://registry.npmjs.org/concat-map/-/concat-map-0.0.1.tgz 0ms (cache hit)
2536 http cache @next/env@https://registry.npmjs.org/@next/env/-/env-16.2.10.tgz 0ms (cache hit)
2537 http cache brace-expansion@https://registry.npmjs.org/brace-expansion/-/brace-expansion-1.1.16.tgz 0ms (cache hit)
2538 http cache to-regex-range@https://registry.npmjs.org/to-regex-range/-/to-regex-range-5.0.1.tgz 0ms (cache hit)
2539 http cache fill-range@https://registry.npmjs.org/fill-range/-/fill-range-7.1.1.tgz 0ms (cache hit)
2540 http cache braces@https://registry.npmjs.org/braces/-/braces-3.0.3.tgz 0ms (cache hit)
2541 http cache yallist@https://registry.npmjs.org/yallist/-/yallist-3.1.1.tgz 0ms (cache hit)
2542 http cache p-locate@https://registry.npmjs.org/p-locate/-/p-locate-5.0.0.tgz 0ms (cache hit)
2543 http cache prelude-ls@https://registry.npmjs.org/prelude-ls/-/prelude-ls-1.2.1.tgz 0ms (cache hit)
2544 http cache type-check@https://registry.npmjs.org/type-check/-/type-check-0.4.0.tgz 0ms (cache hit)
2545 http cache json-buffer@https://registry.npmjs.org/json-buffer/-/json-buffer-3.0.1.tgz 0ms (cache hit)
2546 http cache set-function-name@https://registry.npmjs.org/set-function-name/-/set-function-name-2.0.2.tgz 0ms (cache hit)
2547 http cache picomatch@https://registry.npmjs.org/picomatch/-/picomatch-2.3.2.tgz 0ms (cache hit)
2548 http cache argparse@https://registry.npmjs.org/argparse/-/argparse-2.0.1.tgz 0ms (cache hit)
2549 http cache language-subtag-registry@https://registry.npmjs.org/language-subtag-registry/-/language-subtag-registry-0.3.23.tgz 0ms (cache hit)
2550 http cache is-extglob@https://registry.npmjs.org/is-extglob/-/is-extglob-2.1.1.tgz 0ms (cache hit)
2551 http cache hermes-estree@https://registry.npmjs.org/hermes-estree/-/hermes-estree-0.25.1.tgz 0ms (cache hit)
2552 http cache resolve-from@https://registry.npmjs.org/resolve-from/-/resolve-from-4.0.0.tgz 0ms (cache hit)
2553 http cache parent-module@https://registry.npmjs.org/parent-module/-/parent-module-1.0.1.tgz 0ms (cache hit)
2554 http cache is-document.all@https://registry.npmjs.org/is-document.all/-/is-document.all-1.0.0.tgz 0ms (cache hit)
2555 http cache side-channel@https://registry.npmjs.org/side-channel/-/side-channel-1.1.1.tgz 0ms (cache hit)
2556 http cache resolve-pkg-maps@https://registry.npmjs.org/resolve-pkg-maps/-/resolve-pkg-maps-1.0.0.tgz 0ms (cache hit)
2557 http cache dunder-proto@https://registry.npmjs.org/dunder-proto/-/dunder-proto-1.0.1.tgz 0ms (cache hit)
2558 http cache functions-have-names@https://registry.npmjs.org/functions-have-names/-/functions-have-names-1.2.3.tgz 0ms (cache hit)
2559 http cache keyv@https://registry.npmjs.org/keyv/-/keyv-4.5.4.tgz 0ms (cache hit)
2560 http cache locate-path@https://registry.npmjs.org/locate-path/-/locate-path-6.0.0.tgz 0ms (cache hit)
2561 http cache flat-cache@https://registry.npmjs.org/flat-cache/-/flat-cache-4.0.1.tgz 0ms (cache hit)
2562 http cache flatted@https://registry.npmjs.org/flatted/-/flatted-3.4.2.tgz 0ms (cache hit)
2563 http cache @nodelib/fs.scandir@https://registry.npmjs.org/@nodelib/fs.scandir/-/fs.scandir-2.1.5.tgz 0ms (cache hit)
2564 http cache reusify@https://registry.npmjs.org/reusify/-/reusify-1.1.0.tgz 0ms (cache hit)
2565 http cache path-exists@https://registry.npmjs.org/path-exists/-/path-exists-4.0.0.tgz 0ms (cache hit)
2566 http cache fastq@https://registry.npmjs.org/fastq/-/fastq-1.20.1.tgz 0ms (cache hit)
2567 http cache @nodelib/fs.stat@https://registry.npmjs.org/@nodelib/fs.stat/-/fs.stat-2.0.5.tgz 0ms (cache hit)
2568 http cache @nodelib/fs.walk@https://registry.npmjs.org/@nodelib/fs.walk/-/fs.walk-1.2.8.tgz 0ms (cache hit)
2569 http cache run-parallel@https://registry.npmjs.org/run-parallel/-/run-parallel-1.2.0.tgz 0ms (cache hit)
2570 http cache micromatch@https://registry.npmjs.org/micromatch/-/micromatch-4.0.8.tgz 0ms (cache hit)
2571 http cache acorn@https://registry.npmjs.org/acorn/-/acorn-8.17.0.tgz 0ms (cache hit)
2572 http cache merge2@https://registry.npmjs.org/merge2/-/merge2-1.4.1.tgz 0ms (cache hit)
2573 http cache acorn-jsx@https://registry.npmjs.org/acorn-jsx/-/acorn-jsx-5.3.2.tgz 0ms (cache hit)
2574 http cache update-browserslist-db@https://registry.npmjs.org/update-browserslist-db/-/update-browserslist-db-1.2.3.tgz 0ms (cache hit)
2575 http cache esrecurse@https://registry.npmjs.org/esrecurse/-/esrecurse-4.3.0.tgz 0ms (cache hit)
2576 http cache node-releases@https://registry.npmjs.org/node-releases/-/node-releases-2.0.51.tgz 0ms (cache hit)
2577 http cache caniuse-lite@https://registry.npmjs.org/caniuse-lite/-/caniuse-lite-1.0.30001806.tgz 0ms (cache hit)
2578 http cache baseline-browser-mapping@https://registry.npmjs.org/baseline-browser-mapping/-/baseline-browser-mapping-2.10.43.tgz 0ms (cache hit)
2579 http cache @jridgewell/resolve-uri@https://registry.npmjs.org/@jridgewell/resolve-uri/-/resolve-uri-3.1.2.tgz 0ms (cache hit)
2580 http cache @babel/helper-globals@https://registry.npmjs.org/@babel/helper-globals/-/helper-globals-7.29.7.tgz 0ms (cache hit)
2581 http cache @babel/helper-string-parser@https://registry.npmjs.org/@babel/helper-string-parser/-/helper-string-parser-7.29.7.tgz 0ms (cache hit)
2582 http cache electron-to-chromium@https://registry.npmjs.org/electron-to-chromium/-/electron-to-chromium-1.5.392.tgz 0ms (cache hit)
2583 http cache browserslist@https://registry.npmjs.org/browserslist/-/browserslist-4.28.6.tgz 0ms (cache hit)
2584 http cache @jridgewell/sourcemap-codec@https://registry.npmjs.org/@jridgewell/sourcemap-codec/-/sourcemap-codec-1.5.5.tgz 0ms (cache hit)
2585 http cache @babel/helper-module-imports@https://registry.npmjs.org/@babel/helper-module-imports/-/helper-module-imports-7.29.7.tgz 0ms (cache hit)
2586 http cache lru-cache@https://registry.npmjs.org/lru-cache/-/lru-cache-5.1.1.tgz 0ms (cache hit)
2587 http cache jsesc@https://registry.npmjs.org/jsesc/-/jsesc-3.1.0.tgz 0ms (cache hit)
2588 http cache @jridgewell/trace-mapping@https://registry.npmjs.org/@jridgewell/trace-mapping/-/trace-mapping-0.3.31.tgz 0ms (cache hit)
2589 http cache @babel/compat-data@https://registry.npmjs.org/@babel/compat-data/-/compat-data-7.29.7.tgz 0ms (cache hit)
2590 http cache @babel/helper-validator-option@https://registry.npmjs.org/@babel/helper-validator-option/-/helper-validator-option-7.29.7.tgz 0ms (cache hit)
2591 http cache @babel/helper-validator-identifier@https://registry.npmjs.org/@babel/helper-validator-identifier/-/helper-validator-identifier-7.29.7.tgz 0ms (cache hit)
2592 http cache js-tokens@https://registry.npmjs.org/js-tokens/-/js-tokens-4.0.0.tgz 0ms (cache hit)
2593 http cache picocolors@https://registry.npmjs.org/picocolors/-/picocolors-1.1.1.tgz 0ms (cache hit)
2594 http cache @babel/types@https://registry.npmjs.org/@babel/types/-/types-7.29.7.tgz 0ms (cache hit)
2595 http cache @babel/traverse@https://registry.npmjs.org/@babel/traverse/-/traverse-7.29.7.tgz 0ms (cache hit)
2596 http cache @jridgewell/remapping@https://registry.npmjs.org/@jridgewell/remapping/-/remapping-2.3.5.tgz 0ms (cache hit)
2597 http cache json5@https://registry.npmjs.org/json5/-/json5-2.2.3.tgz 0ms (cache hit)
2598 http cache convert-source-map@https://registry.npmjs.org/convert-source-map/-/convert-source-map-2.0.0.tgz 0ms (cache hit)
2599 http cache gensync@https://registry.npmjs.org/gensync/-/gensync-1.0.0-beta.2.tgz 0ms (cache hit)
2600 http cache @babel/template@https://registry.npmjs.org/@babel/template/-/template-7.29.7.tgz 0ms (cache hit)
2601 http cache @babel/helpers@https://registry.npmjs.org/@babel/helpers/-/helpers-7.29.7.tgz 0ms (cache hit)
2602 http cache @babel/helper-compilation-targets@https://registry.npmjs.org/@babel/helper-compilation-targets/-/helper-compilation-targets-7.29.7.tgz 0ms (cache hit)
2603 http cache @babel/generator@https://registry.npmjs.org/@babel/generator/-/generator-7.29.7.tgz 0ms (cache hit)
2604 http cache @babel/helper-module-transforms@https://registry.npmjs.org/@babel/helper-module-transforms/-/helper-module-transforms-7.29.7.tgz 0ms (cache hit)
2605 http cache zod@https://registry.npmjs.org/zod/-/zod-4.4.3.tgz 0ms (cache hit)
2606 http cache zod-validation-error@https://registry.npmjs.org/zod-validation-error/-/zod-validation-error-4.0.2.tgz 0ms (cache hit)
2607 http cache @babel/parser@https://registry.npmjs.org/@babel/parser/-/parser-7.29.7.tgz 0ms (cache hit)
2608 http cache @babel/code-frame@https://registry.npmjs.org/@babel/code-frame/-/code-frame-7.29.7.tgz 0ms (cache hit)
2609 http cache @babel/core@https://registry.npmjs.org/@babel/core/-/core-7.29.7.tgz 0ms (cache hit)
2610 http cache string.prototype.repeat@https://registry.npmjs.org/string.prototype.repeat/-/string.prototype.repeat-1.0.0.tgz 0ms (cache hit)
2611 http cache hermes-parser@https://registry.npmjs.org/hermes-parser/-/hermes-parser-0.25.1.tgz 0ms (cache hit)
2612 http cache prop-types@https://registry.npmjs.org/prop-types/-/prop-types-15.8.1.tgz 0ms (cache hit)
2613 http cache iterator.prototype@https://registry.npmjs.org/iterator.prototype/-/iterator.prototype-1.1.5.tgz 0ms (cache hit)
2614 http cache object.entries@https://registry.npmjs.org/object.entries/-/object.entries-1.1.9.tgz 0ms (cache hit)
2615 http cache string.prototype.matchall@https://registry.npmjs.org/string.prototype.matchall/-/string.prototype.matchall-4.0.12.tgz 0ms (cache hit)
2616 http cache estraverse@https://registry.npmjs.org/estraverse/-/estraverse-5.3.0.tgz 0ms (cache hit)
2617 http cache array.prototype.findlast@https://registry.npmjs.org/array.prototype.findlast/-/array.prototype.findlast-1.2.5.tgz 0ms (cache hit)
2618 http cache array.prototype.tosorted@https://registry.npmjs.org/array.prototype.tosorted/-/array.prototype.tosorted-1.1.4.tgz 0ms (cache hit)
2619 http cache jsx-ast-utils@https://registry.npmjs.org/jsx-ast-utils/-/jsx-ast-utils-3.3.5.tgz 0ms (cache hit)
2620 http cache es-iterator-helpers@https://registry.npmjs.org/es-iterator-helpers/-/es-iterator-helpers-1.4.0.tgz 0ms (cache hit)
2621 http cache string.prototype.includes@https://registry.npmjs.org/string.prototype.includes/-/string.prototype.includes-2.0.1.tgz 0ms (cache hit)
2622 http cache language-tags@https://registry.npmjs.org/language-tags/-/language-tags-1.0.9.tgz 0ms (cache hit)
2623 http cache emoji-regex@https://registry.npmjs.org/emoji-regex/-/emoji-regex-9.2.2.tgz 0ms (cache hit)
2624 http cache @jridgewell/gen-mapping@https://registry.npmjs.org/@jridgewell/gen-mapping/-/gen-mapping-0.3.13.tgz 0ms (cache hit)
2625 http cache axobject-query@https://registry.npmjs.org/axobject-query/-/axobject-query-4.1.0.tgz 0ms (cache hit)
2626 http cache damerau-levenshtein@https://registry.npmjs.org/damerau-levenshtein/-/damerau-levenshtein-1.0.8.tgz 0ms (cache hit)
2627 http cache axe-core@https://registry.npmjs.org/axe-core/-/axe-core-4.12.1.tgz 0ms (cache hit)
2628 http cache ast-types-flow@https://registry.npmjs.org/ast-types-flow/-/ast-types-flow-0.0.8.tgz 0ms (cache hit)
2629 http cache aria-query@https://registry.npmjs.org/aria-query/-/aria-query-5.3.2.tgz 0ms (cache hit)
2630 http cache is-symbol@https://registry.npmjs.org/is-symbol/-/is-symbol-1.1.1.tgz 0ms (cache hit)
2631 http cache is-date-object@https://registry.npmjs.org/is-date-object/-/is-date-object-1.1.0.tgz 0ms (cache hit)
2632 http cache es-abstract-get@https://registry.npmjs.org/es-abstract-get/-/es-abstract-get-1.0.0.tgz 0ms (cache hit)
2633 http cache has-tostringtag@https://registry.npmjs.org/has-tostringtag/-/has-tostringtag-1.0.2.tgz 0ms (cache hit)
2634 http cache possible-typed-array-names@https://registry.npmjs.org/possible-typed-array-names/-/possible-typed-array-names-1.1.0.tgz 0ms (cache hit)
2635 http cache typed-array-length@https://registry.npmjs.org/typed-array-length/-/typed-array-length-1.0.8.tgz 0ms (cache hit)
2636 http cache which-typed-array@https://registry.npmjs.org/which-typed-array/-/which-typed-array-1.1.22.tgz 0ms (cache hit)
2637 http cache unbox-primitive@https://registry.npmjs.org/unbox-primitive/-/unbox-primitive-1.1.0.tgz 0ms (cache hit)
2638 http cache typed-array-byte-length@https://registry.npmjs.org/typed-array-byte-length/-/typed-array-byte-length-1.0.3.tgz 0ms (cache hit)
2639 http cache typed-array-byte-offset@https://registry.npmjs.org/typed-array-byte-offset/-/typed-array-byte-offset-1.0.4.tgz 0ms (cache hit)
2640 http cache typed-array-buffer@https://registry.npmjs.org/typed-array-buffer/-/typed-array-buffer-1.0.3.tgz 0ms (cache hit)
2641 http cache string.prototype.trimstart@https://registry.npmjs.org/string.prototype.trimstart/-/string.prototype.trimstart-1.0.8.tgz 0ms (cache hit)
2642 http cache string.prototype.trim@https://registry.npmjs.org/string.prototype.trim/-/string.prototype.trim-1.2.11.tgz 0ms (cache hit)
2643 http cache stop-iteration-iterator@https://registry.npmjs.org/stop-iteration-iterator/-/stop-iteration-iterator-1.1.0.tgz 0ms (cache hit)
2644 http cache safe-regex-test@https://registry.npmjs.org/safe-regex-test/-/safe-regex-test-1.1.0.tgz 0ms (cache hit)
2645 http cache set-proto@https://registry.npmjs.org/set-proto/-/set-proto-1.0.0.tgz 0ms (cache hit)
2646 http cache safe-array-concat@https://registry.npmjs.org/safe-array-concat/-/safe-array-concat-1.1.4.tgz 0ms (cache hit)
2647 http cache safe-push-apply@https://registry.npmjs.org/safe-push-apply/-/safe-push-apply-1.0.0.tgz 0ms (cache hit)
2648 http cache own-keys@https://registry.npmjs.org/own-keys/-/own-keys-1.0.1.tgz 0ms (cache hit)
2649 http cache object-inspect@https://registry.npmjs.org/object-inspect/-/object-inspect-1.13.4.tgz 0ms (cache hit)
2650 http cache object.assign@https://registry.npmjs.org/object.assign/-/object.assign-4.1.7.tgz 0ms (cache hit)
2651 http cache is-weakref@https://registry.npmjs.org/is-weakref/-/is-weakref-1.1.1.tgz 0ms (cache hit)
2652 http cache regexp.prototype.flags@https://registry.npmjs.org/regexp.prototype.flags/-/regexp.prototype.flags-1.5.4.tgz 0ms (cache hit)
2653 http cache is-typed-array@https://registry.npmjs.org/is-typed-array/-/is-typed-array-1.1.15.tgz 0ms (cache hit)
2654 http cache is-set@https://registry.npmjs.org/is-set/-/is-set-2.0.3.tgz 0ms (cache hit)
2655 http cache is-regex@https://registry.npmjs.org/is-regex/-/is-regex-1.2.1.tgz 0ms (cache hit)
2656 http cache is-negative-zero@https://registry.npmjs.org/is-negative-zero/-/is-negative-zero-2.0.3.tgz 0ms (cache hit)
2657 http cache is-callable@https://registry.npmjs.org/is-callable/-/is-callable-1.2.7.tgz 0ms (cache hit)
2658 http cache is-array-buffer@https://registry.npmjs.org/is-array-buffer/-/is-array-buffer-3.0.5.tgz 0ms (cache hit)
2659 http cache is-shared-array-buffer@https://registry.npmjs.org/is-shared-array-buffer/-/is-shared-array-buffer-1.0.4.tgz 0ms (cache hit)
2660 http cache internal-slot@https://registry.npmjs.org/internal-slot/-/internal-slot-1.1.0.tgz 0ms (cache hit)
2661 http cache is-data-view@https://registry.npmjs.org/is-data-view/-/is-data-view-1.0.2.tgz 0ms (cache hit)
2662 http cache has-symbols@https://registry.npmjs.org/has-symbols/-/has-symbols-1.1.0.tgz 0ms (cache hit)
2663 http cache has-proto@https://registry.npmjs.org/has-proto/-/has-proto-1.2.0.tgz 0ms (cache hit)
2664 http cache get-symbol-description@https://registry.npmjs.org/get-symbol-description/-/get-symbol-description-1.1.0.tgz 0ms (cache hit)
2665 http cache function.prototype.name@https://registry.npmjs.org/function.prototype.name/-/function.prototype.name-1.2.0.tgz 0ms (cache hit)
2666 http cache get-proto@https://registry.npmjs.org/get-proto/-/get-proto-1.0.1.tgz 0ms (cache hit)
2667 http cache globalthis@https://registry.npmjs.org/globalthis/-/globalthis-1.0.4.tgz 0ms (cache hit)
2668 http cache es-set-tostringtag@https://registry.npmjs.org/es-set-tostringtag/-/es-set-tostringtag-2.1.0.tgz 0ms (cache hit)
2669 http cache es-to-primitive@https://registry.npmjs.org/es-to-primitive/-/es-to-primitive-1.3.4.tgz 0ms (cache hit)
2670 http cache data-view-byte-offset@https://registry.npmjs.org/data-view-byte-offset/-/data-view-byte-offset-1.0.1.tgz 0ms (cache hit)
2671 http cache data-view-byte-length@https://registry.npmjs.org/data-view-byte-length/-/data-view-byte-length-1.0.2.tgz 0ms (cache hit)
2672 http cache available-typed-arrays@https://registry.npmjs.org/available-typed-arrays/-/available-typed-arrays-1.0.7.tgz 0ms (cache hit)
2673 http cache arraybuffer.prototype.slice@https://registry.npmjs.org/arraybuffer.prototype.slice/-/arraybuffer.prototype.slice-1.0.4.tgz 0ms (cache hit)
2674 http cache array-buffer-byte-length@https://registry.npmjs.org/array-buffer-byte-length/-/array-buffer-byte-length-1.0.2.tgz 0ms (cache hit)
2675 http cache gopd@https://registry.npmjs.org/gopd/-/gopd-1.2.0.tgz 0ms (cache hit)
2676 http cache data-view-buffer@https://registry.npmjs.org/data-view-buffer/-/data-view-buffer-1.0.2.tgz 0ms (cache hit)
2677 http cache has-property-descriptors@https://registry.npmjs.org/has-property-descriptors/-/has-property-descriptors-1.0.2.tgz 0ms (cache hit)
2678 http cache set-function-length@https://registry.npmjs.org/set-function-length/-/set-function-length-1.2.2.tgz 0ms (cache hit)
2679 http cache function-bind@https://registry.npmjs.org/function-bind/-/function-bind-1.1.2.tgz 0ms (cache hit)
2680 http cache es-define-property@https://registry.npmjs.org/es-define-property/-/es-define-property-1.0.1.tgz 0ms (cache hit)
2681 http cache object-keys@https://registry.npmjs.org/object-keys/-/object-keys-1.1.1.tgz 0ms (cache hit)
2682 http cache call-bind-apply-helpers@https://registry.npmjs.org/call-bind-apply-helpers/-/call-bind-apply-helpers-1.0.2.tgz 0ms (cache hit)
2683 http cache define-data-property@https://registry.npmjs.org/define-data-property/-/define-data-property-1.1.4.tgz 0ms (cache hit)
2684 http cache get-intrinsic@https://registry.npmjs.org/get-intrinsic/-/get-intrinsic-1.3.0.tgz 0ms (cache hit)
2685 http cache es-errors@https://registry.npmjs.org/es-errors/-/es-errors-1.3.0.tgz 0ms (cache hit)
2686 http cache math-intrinsics@https://registry.npmjs.org/math-intrinsics/-/math-intrinsics-1.1.0.tgz 0ms (cache hit)
2687 http cache es-shim-unscopables@https://registry.npmjs.org/es-shim-unscopables/-/es-shim-unscopables-1.1.0.tgz 0ms (cache hit)
2688 http cache es-object-atoms@https://registry.npmjs.org/es-object-atoms/-/es-object-atoms-1.1.2.tgz 0ms (cache hit)
2689 http cache es-abstract@https://registry.npmjs.org/es-abstract/-/es-abstract-1.24.2.tgz 0ms (cache hit)
2690 http cache call-bound@https://registry.npmjs.org/call-bound/-/call-bound-1.0.4.tgz 0ms (cache hit)
2691 http cache define-properties@https://registry.npmjs.org/define-properties/-/define-properties-1.2.1.tgz 0ms (cache hit)
2692 http cache is-string@https://registry.npmjs.org/is-string/-/is-string-1.1.1.tgz 0ms (cache hit)
2693 http cache string.prototype.trimend@https://registry.npmjs.org/string.prototype.trimend/-/string.prototype.trimend-1.0.10.tgz 0ms (cache hit)
2694 http cache call-bind@https://registry.npmjs.org/call-bind/-/call-bind-1.0.9.tgz 0ms (cache hit)
2695 http cache semver@https://registry.npmjs.org/semver/-/semver-6.3.1.tgz 0ms (cache hit)
2696 http cache object.groupby@https://registry.npmjs.org/object.groupby/-/object.groupby-1.0.3.tgz 0ms (cache hit)
2697 http cache object.values@https://registry.npmjs.org/object.values/-/object.values-1.2.1.tgz 0ms (cache hit)
2698 http cache object.fromentries@https://registry.npmjs.org/object.fromentries/-/object.fromentries-2.0.8.tgz 0ms (cache hit)
2699 http cache hasown@https://registry.npmjs.org/hasown/-/hasown-2.0.4.tgz 0ms (cache hit)
2700 http cache tsconfig-paths@https://registry.npmjs.org/tsconfig-paths/-/tsconfig-paths-3.15.0.tgz 0ms (cache hit)
2701 http cache eslint-module-utils@https://registry.npmjs.org/eslint-module-utils/-/eslint-module-utils-2.14.0.tgz 0ms (cache hit)
2702 http cache array.prototype.findlastindex@https://registry.npmjs.org/array.prototype.findlastindex/-/array.prototype.findlastindex-1.2.6.tgz 0ms (cache hit)
2703 http cache array-includes@https://registry.npmjs.org/array-includes/-/array-includes-3.1.9.tgz 0ms (cache hit)
2704 http cache doctrine@https://registry.npmjs.org/doctrine/-/doctrine-2.1.0.tgz 0ms (cache hit)
2705 http cache unrs-resolver@https://registry.npmjs.org/unrs-resolver/-/unrs-resolver-1.12.2.tgz 0ms (cache hit)
2706 http cache @rtsao/scc@https://registry.npmjs.org/@rtsao/scc/-/scc-1.1.0.tgz 0ms (cache hit)
2707 http cache array.prototype.flatmap@https://registry.npmjs.org/array.prototype.flatmap/-/array.prototype.flatmap-1.3.3.tgz 0ms (cache hit)
2708 http cache array.prototype.flat@https://registry.npmjs.org/array.prototype.flat/-/array.prototype.flat-1.3.3.tgz 0ms (cache hit)
2709 http cache stable-hash@https://registry.npmjs.org/stable-hash/-/stable-hash-0.0.5.tgz 0ms (cache hit)
2710 http cache tinyglobby@https://registry.npmjs.org/tinyglobby/-/tinyglobby-0.2.17.tgz 0ms (cache hit)
2711 http cache is-bun-module@https://registry.npmjs.org/is-bun-module/-/is-bun-module-2.0.0.tgz 0ms (cache hit)
2712 http cache @nolyfill/is-core-module@https://registry.npmjs.org/@nolyfill/is-core-module/-/is-core-module-1.0.39.tgz 0ms (cache hit)
2713 http cache is-core-module@https://registry.npmjs.org/is-core-module/-/is-core-module-2.16.2.tgz 0ms (cache hit)
2714 http cache get-tsconfig@https://registry.npmjs.org/get-tsconfig/-/get-tsconfig-4.14.0.tgz 0ms (cache hit)
2715 http cache resolve@https://registry.npmjs.org/resolve/-/resolve-2.0.0-next.7.tgz 0ms (cache hit)
2716 http cache color-name@https://registry.npmjs.org/color-name/-/color-name-1.1.4.tgz 0ms (cache hit)
2717 http cache color-convert@https://registry.npmjs.org/color-convert/-/color-convert-2.0.1.tgz 0ms (cache hit)
2718 http cache supports-color@https://registry.npmjs.org/supports-color/-/supports-color-7.2.0.tgz 0ms (cache hit)
2719 http cache @types/json-schema@https://registry.npmjs.org/@types/json-schema/-/json-schema-7.0.15.tgz 0ms (cache hit)
2720 http cache ansi-styles@https://registry.npmjs.org/ansi-styles/-/ansi-styles-4.3.0.tgz 0ms (cache hit)
2721 http cache @eslint/object-schema@https://registry.npmjs.org/@eslint/object-schema/-/object-schema-2.1.7.tgz 0ms (cache hit)
2722 http cache strip-json-comments@https://registry.npmjs.org/strip-json-comments/-/strip-json-comments-3.1.1.tgz 0ms (cache hit)
2723 http cache minimatch@https://registry.npmjs.org/minimatch/-/minimatch-3.1.5.tgz 0ms (cache hit)
2724 http cache import-fresh@https://registry.npmjs.org/import-fresh/-/import-fresh-3.3.1.tgz 0ms (cache hit)
2725 http cache js-yaml@https://registry.npmjs.org/js-yaml/-/js-yaml-4.3.0.tgz 0ms (cache hit)
2726 http cache lodash.merge@https://registry.npmjs.org/lodash.merge/-/lodash.merge-4.6.2.tgz 0ms (cache hit)
2727 http cache @types/estree@https://registry.npmjs.org/@types/estree/-/estree-1.0.9.tgz 0ms (cache hit)
2728 http cache espree@https://registry.npmjs.org/espree/-/espree-10.4.0.tgz 0ms (cache hit)
2729 http cache @eslint/plugin-kit@https://registry.npmjs.org/@eslint/plugin-kit/-/plugin-kit-0.4.1.tgz 0ms (cache hit)
2730 http cache eslint-visitor-keys@https://registry.npmjs.org/eslint-visitor-keys/-/eslint-visitor-keys-4.2.1.tgz 0ms (cache hit)
2731 http cache eslint-scope@https://registry.npmjs.org/eslint-scope/-/eslint-scope-8.4.0.tgz 0ms (cache hit)
2732 http cache chalk@https://registry.npmjs.org/chalk/-/chalk-4.1.2.tgz 0ms (cache hit)
2733 http cache @eslint/js@https://registry.npmjs.org/@eslint/js/-/js-9.39.5.tgz 0ms (cache hit)
2734 http cache @eslint/eslintrc@https://registry.npmjs.org/@eslint/eslintrc/-/eslintrc-3.3.6.tgz 0ms (cache hit)
2735 http cache fast-glob@https://registry.npmjs.org/fast-glob/-/fast-glob-3.3.1.tgz 0ms (cache hit)
2736 http cache @eslint/config-helpers@https://registry.npmjs.org/@eslint/config-helpers/-/config-helpers-0.4.2.tgz 0ms (cache hit)
2737 http cache typescript@https://registry.npmjs.org/typescript/-/typescript-6.0.3.tgz 0ms (cache hit)
2738 http cache @eslint/core@https://registry.npmjs.org/@eslint/core/-/core-0.17.0.tgz 0ms (cache hit)
2739 http cache @eslint/config-array@https://registry.npmjs.org/@eslint/config-array/-/config-array-0.21.2.tgz 0ms (cache hit)
2740 http cache globals@https://registry.npmjs.org/globals/-/globals-16.4.0.tgz 0ms (cache hit)
2741 http cache typescript-eslint@https://registry.npmjs.org/typescript-eslint/-/typescript-eslint-8.64.0.tgz 0ms (cache hit)
2742 http cache eslint-plugin-react-hooks@https://registry.npmjs.org/eslint-plugin-react-hooks/-/eslint-plugin-react-hooks-7.1.1.tgz 0ms (cache hit)
2743 http cache eslint-plugin-react@https://registry.npmjs.org/eslint-plugin-react/-/eslint-plugin-react-7.37.5.tgz 0ms (cache hit)
2744 http cache eslint-plugin-jsx-a11y@https://registry.npmjs.org/eslint-plugin-jsx-a11y/-/eslint-plugin-jsx-a11y-6.10.2.tgz 0ms (cache hit)
2745 http cache eslint@https://registry.npmjs.org/eslint/-/eslint-9.39.5.tgz 0ms (cache hit)
2746 http cache eslint-plugin-import@https://registry.npmjs.org/eslint-plugin-import/-/eslint-plugin-import-2.32.0.tgz 0ms (cache hit)
2747 http cache @next/eslint-plugin-next@https://registry.npmjs.org/@next/eslint-plugin-next/-/eslint-plugin-next-16.2.10.tgz 0ms (cache hit)
2748 http cache shebang-command@https://registry.npmjs.org/shebang-command/-/shebang-command-2.0.0.tgz 0ms (cache hit)
2749 http cache eslint-import-resolver-typescript@https://registry.npmjs.org/eslint-import-resolver-typescript/-/eslint-import-resolver-typescript-3.10.1.tgz 0ms (cache hit)
2750 http cache eslint-import-resolver-node@https://registry.npmjs.org/eslint-import-resolver-node/-/eslint-import-resolver-node-0.3.10.tgz 0ms (cache hit)
2751 http cache which@https://registry.npmjs.org/which/-/which-2.0.2.tgz 0ms (cache hit)
2752 http cache path-key@https://registry.npmjs.org/path-key/-/path-key-3.1.1.tgz 0ms (cache hit)
2753 http cache @humanfs/types@https://registry.npmjs.org/@humanfs/types/-/types-0.15.0.tgz 0ms (cache hit)
2754 http cache ms@https://registry.npmjs.org/ms/-/ms-2.1.3.tgz 0ms (cache hit)
2755 http cache @humanfs/core@https://registry.npmjs.org/@humanfs/core/-/core-0.19.2.tgz 0ms (cache hit)
2756 http cache uri-js@https://registry.npmjs.org/uri-js/-/uri-js-4.4.1.tgz 0ms (cache hit)
2757 http cache json-schema-traverse@https://registry.npmjs.org/json-schema-traverse/-/json-schema-traverse-0.4.1.tgz 0ms (cache hit)
2758 http cache levn@https://registry.npmjs.org/levn/-/levn-0.4.1.tgz 0ms (cache hit)
2759 http cache fast-json-stable-stringify@https://registry.npmjs.org/fast-json-stable-stringify/-/fast-json-stable-stringify-2.1.0.tgz 0ms (cache hit)
2760 http cache natural-compare@https://registry.npmjs.org/natural-compare/-/natural-compare-1.4.0.tgz 0ms (cache hit)
2761 http cache json-stable-stringify-without-jsonify@https://registry.npmjs.org/json-stable-stringify-without-jsonify/-/json-stable-stringify-without-jsonify-1.0.1.tgz 0ms (cache hit)
2762 http cache optionator@https://registry.npmjs.org/optionator/-/optionator-0.9.4.tgz 0ms (cache hit)
2763 http cache imurmurhash@https://registry.npmjs.org/imurmurhash/-/imurmurhash-0.1.4.tgz 0ms (cache hit)
2764 http cache ignore@https://registry.npmjs.org/ignore/-/ignore-5.3.2.tgz 0ms (cache hit)
2765 http cache glob-parent@https://registry.npmjs.org/glob-parent/-/glob-parent-6.0.2.tgz 0ms (cache hit)
2766 http cache esutils@https://registry.npmjs.org/esutils/-/esutils-2.0.3.tgz 0ms (cache hit)
2767 http cache fast-deep-equal@https://registry.npmjs.org/fast-deep-equal/-/fast-deep-equal-3.1.3.tgz 0ms (cache hit)
2768 http cache is-glob@https://registry.npmjs.org/is-glob/-/is-glob-4.0.3.tgz 0ms (cache hit)
2769 http cache find-up@https://registry.npmjs.org/find-up/-/find-up-5.0.0.tgz 0ms (cache hit)
2770 http cache esquery@https://registry.npmjs.org/esquery/-/esquery-1.7.0.tgz 0ms (cache hit)
2771 http cache debug@https://registry.npmjs.org/debug/-/debug-4.4.3.tgz 0ms (cache hit)
2772 http cache file-entry-cache@https://registry.npmjs.org/file-entry-cache/-/file-entry-cache-8.0.0.tgz 0ms (cache hit)
2773 http cache escape-string-regexp@https://registry.npmjs.org/escape-string-regexp/-/escape-string-regexp-4.0.0.tgz 0ms (cache hit)
2774 http cache cross-spawn@https://registry.npmjs.org/cross-spawn/-/cross-spawn-7.0.6.tgz 0ms (cache hit)
2775 http cache @humanfs/node@https://registry.npmjs.org/@humanfs/node/-/node-0.16.8.tgz 0ms (cache hit)
2776 http cache ajv@https://registry.npmjs.org/ajv/-/ajv-6.15.0.tgz 0ms (cache hit)
2777 http cache @humanwhocodes/retry@https://registry.npmjs.org/@humanwhocodes/retry/-/retry-0.4.3.tgz 0ms (cache hit)
2778 http cache @humanwhocodes/module-importer@https://registry.npmjs.org/@humanwhocodes/module-importer/-/module-importer-1.0.1.tgz 0ms (cache hit)
2779 http cache csstype@https://registry.npmjs.org/csstype/-/csstype-3.2.3.tgz 0ms (cache hit)
2780 http cache @eslint-community/regexpp@https://registry.npmjs.org/@eslint-community/regexpp/-/regexpp-4.12.2.tgz 0ms (cache hit)
2781 http cache @eslint-community/eslint-utils@https://registry.npmjs.org/@eslint-community/eslint-utils/-/eslint-utils-4.9.1.tgz 0ms (cache hit)
2782 http cache undici-types@https://registry.npmjs.org/undici-types/-/undici-types-8.3.0.tgz 0ms (cache hit)
2783 http cache react-dom@https://registry.npmjs.org/react-dom/-/react-dom-19.2.7.tgz 0ms (cache hit)
2784 http cache next@https://registry.npmjs.org/next/-/next-16.2.10.tgz 0ms (cache hit)
2785 http cache react@https://registry.npmjs.org/react/-/react-19.2.7.tgz 0ms (cache hit)
2786 http cache @types/react-dom@https://registry.npmjs.org/@types/react-dom/-/react-dom-19.2.3.tgz 0ms (cache hit)
2787 http cache @types/react@https://registry.npmjs.org/@types/react/-/react-19.2.17.tgz 0ms (cache hit)
2788 http cache eslint-config-next@https://registry.npmjs.org/eslint-config-next/-/eslint-config-next-16.2.10.tgz 0ms (cache hit)
2789 http cache @types/node@https://registry.npmjs.org/@types/node/-/node-26.1.1.tgz 0ms (cache hit)
2790 http cache eslint-visitor-keys@https://registry.npmjs.org/eslint-visitor-keys/-/eslint-visitor-keys-5.0.1.tgz 0ms (cache hit)
2791 http cache ignore@https://registry.npmjs.org/ignore/-/ignore-7.0.6.tgz 0ms (cache hit)
2792 http cache brace-expansion@https://registry.npmjs.org/brace-expansion/-/brace-expansion-5.0.7.tgz 0ms (cache hit)
2793 http cache balanced-match@https://registry.npmjs.org/balanced-match/-/balanced-match-4.0.4.tgz 0ms (cache hit)
2794 http cache semver@https://registry.npmjs.org/semver/-/semver-7.8.5.tgz 0ms (cache hit)
2795 http cache semver@https://registry.npmjs.org/semver/-/semver-7.8.5.tgz 0ms (cache hit)
2796 http cache minimatch@https://registry.npmjs.org/minimatch/-/minimatch-10.2.5.tgz 0ms (cache hit)
2797 http cache debug@https://registry.npmjs.org/debug/-/debug-3.2.7.tgz 0ms (cache hit)
2798 http cache json5@https://registry.npmjs.org/json5/-/json5-1.0.2.tgz 0ms (cache hit)
2799 http cache picomatch@https://registry.npmjs.org/picomatch/-/picomatch-4.0.5.tgz 0ms (cache hit)
2800 http cache semver@https://registry.npmjs.org/semver/-/semver-7.8.5.tgz 0ms (cache hit)
2801 http cache globals@https://registry.npmjs.org/globals/-/globals-14.0.0.tgz 0ms (cache hit)
2802 http cache fdir@https://registry.npmjs.org/fdir/-/fdir-6.5.0.tgz 0ms (cache hit)
2803 http cache glob-parent@https://registry.npmjs.org/glob-parent/-/glob-parent-5.1.2.tgz 0ms (cache hit)
2804 silly tarball no local data for is-weakset@https://registry.npmjs.org/is-weakset/-/is-weakset-2.0.4.tgz. Extracting by manifest.
2805 silly tarball no local data for is-weakmap@https://registry.npmjs.org/is-weakmap/-/is-weakmap-2.0.2.tgz. Extracting by manifest.
2806 silly tarball no local data for is-map@https://registry.npmjs.org/is-map/-/is-map-2.0.3.tgz. Extracting by manifest.
2807 http cache debug@https://registry.npmjs.org/debug/-/debug-3.2.7.tgz 0ms (cache hit)
2808 http cache debug@https://registry.npmjs.org/debug/-/debug-3.2.7.tgz 0ms (cache hit)
2809 silly tarball no local data for generator-function@https://registry.npmjs.org/generator-function/-/generator-function-2.0.1.tgz. Extracting by manifest.
2810 silly tarball no local data for is-generator-function@https://registry.npmjs.org/is-generator-function/-/is-generator-function-1.1.2.tgz. Extracting by manifest.
2811 http cache eslint-visitor-keys@https://registry.npmjs.org/eslint-visitor-keys/-/eslint-visitor-keys-3.4.3.tgz 0ms (cache hit)
2812 silly tarball no local data for async-function@https://registry.npmjs.org/async-function/-/async-function-1.0.0.tgz. Extracting by manifest.
2813 silly tarball no local data for which-collection@https://registry.npmjs.org/which-collection/-/which-collection-1.0.2.tgz. Extracting by manifest.
2814 silly tarball no local data for is-number-object@https://registry.npmjs.org/is-number-object/-/is-number-object-1.1.1.tgz. Extracting by manifest.
2815 silly tarball no local data for is-bigint@https://registry.npmjs.org/is-bigint/-/is-bigint-1.1.0.tgz. Extracting by manifest.
2816 silly tarball no local data for isexe@https://registry.npmjs.org/isexe/-/isexe-2.0.0.tgz. Extracting by manifest.
2817 silly tarball no local data for is-boolean-object@https://registry.npmjs.org/is-boolean-object/-/is-boolean-object-1.2.2.tgz. Extracting by manifest.
2818 silly tarball no local data for is-finalizationregistry@https://registry.npmjs.org/is-finalizationregistry/-/is-finalizationregistry-1.1.1.tgz. Extracting by manifest.
2819 silly tarball no local data for punycode@https://registry.npmjs.org/punycode/-/punycode-2.3.1.tgz. Extracting by manifest.
2820 silly tarball no local data for escalade@https://registry.npmjs.org/escalade/-/escalade-3.2.0.tgz. Extracting by manifest.
2821 silly tarball no local data for napi-postinstall@https://registry.npmjs.org/napi-postinstall/-/napi-postinstall-0.3.4.tgz. Extracting by manifest.
2822 silly tarball no local data for is-async-function@https://registry.npmjs.org/is-async-function/-/is-async-function-2.1.1.tgz. Extracting by manifest.
2823 silly tarball no local data for which-boxed-primitive@https://registry.npmjs.org/which-boxed-primitive/-/which-boxed-primitive-1.1.1.tgz. Extracting by manifest.
2824 silly tarball no local data for has-bigints@https://registry.npmjs.org/has-bigints/-/has-bigints-1.1.0.tgz. Extracting by manifest.
2825 silly tarball no local data for ts-api-utils@https://registry.npmjs.org/ts-api-utils/-/ts-api-utils-2.5.0.tgz. Extracting by manifest.
2826 silly tarball no local data for @unrs/resolver-binding-win32-x64-msvc@https://registry.npmjs.org/@unrs/resolver-binding-win32-x64-msvc/-/resolver-binding-win32-x64-msvc-1.12.2.tgz. Extracting by manifest.
2827 silly tarball no local data for @typescript-eslint/project-service@https://registry.npmjs.org/@typescript-eslint/project-service/-/project-service-8.64.0.tgz. Extracting by manifest.
2828 silly tarball no local data for @typescript-eslint/types@https://registry.npmjs.org/@typescript-eslint/types/-/types-8.64.0.tgz. Extracting by manifest.
2829 silly tarball no local data for @typescript-eslint/tsconfig-utils@https://registry.npmjs.org/@typescript-eslint/tsconfig-utils/-/tsconfig-utils-8.64.0.tgz. Extracting by manifest.
2830 silly tarball no local data for @typescript-eslint/visitor-keys@https://registry.npmjs.org/@typescript-eslint/visitor-keys/-/visitor-keys-8.64.0.tgz. Extracting by manifest.
2831 silly tarball no local data for @typescript-eslint/utils@https://registry.npmjs.org/@typescript-eslint/utils/-/utils-8.64.0.tgz. Extracting by manifest.
2832 silly tarball no local data for @typescript-eslint/typescript-estree@https://registry.npmjs.org/@typescript-eslint/typescript-estree/-/typescript-estree-8.64.0.tgz. Extracting by manifest.
2833 silly tarball no local data for @typescript-eslint/type-utils@https://registry.npmjs.org/@typescript-eslint/type-utils/-/type-utils-8.64.0.tgz. Extracting by manifest.
2834 silly tarball no local data for @typescript-eslint/parser@https://registry.npmjs.org/@typescript-eslint/parser/-/parser-8.64.0.tgz. Extracting by manifest.
2835 silly tarball no local data for @typescript-eslint/eslint-plugin@https://registry.npmjs.org/@typescript-eslint/eslint-plugin/-/eslint-plugin-8.64.0.tgz. Extracting by manifest.
2836 silly tarball no local data for reflect.getprototypeof@https://registry.npmjs.org/reflect.getprototypeof/-/reflect.getprototypeof-1.0.10.tgz. Extracting by manifest.
2837 silly tarball no local data for @typescript-eslint/scope-manager@https://registry.npmjs.org/@typescript-eslint/scope-manager/-/scope-manager-8.64.0.tgz. Extracting by manifest.
2838 silly tarball no local data for which-builtin-type@https://registry.npmjs.org/which-builtin-type/-/which-builtin-type-1.2.1.tgz. Extracting by manifest.
2839 silly tarball no local data for for-each@https://registry.npmjs.org/for-each/-/for-each-0.3.5.tgz. Extracting by manifest.
2840 silly tarball no local data for minimist@https://registry.npmjs.org/minimist/-/minimist-1.2.8.tgz. Extracting by manifest.
2841 silly tarball no local data for strip-bom@https://registry.npmjs.org/strip-bom/-/strip-bom-3.0.0.tgz. Extracting by manifest.
2842 silly tarball no local data for @types/json5@https://registry.npmjs.org/@types/json5/-/json5-0.0.29.tgz. Extracting by manifest.
2843 silly tarball no local data for is-number@https://registry.npmjs.org/is-number/-/is-number-7.0.0.tgz. Extracting by manifest.
2844 silly tarball no local data for has-flag@https://registry.npmjs.org/has-flag/-/has-flag-4.0.0.tgz. Extracting by manifest.
2845 silly tarball no local data for client-only@https://registry.npmjs.org/client-only/-/client-only-0.0.1.tgz. Extracting by manifest.
2846 silly tarball no local data for side-channel-weakmap@https://registry.npmjs.org/side-channel-weakmap/-/side-channel-weakmap-1.0.2.tgz. Extracting by manifest.
2847 silly tarball no local data for @emnapi/runtime@https://registry.npmjs.org/@emnapi/runtime/-/runtime-1.11.2.tgz. Extracting by manifest.
2848 silly tarball no local data for side-channel-map@https://registry.npmjs.org/side-channel-map/-/side-channel-map-1.0.1.tgz. Extracting by manifest.
2849 silly tarball no local data for side-channel-list@https://registry.npmjs.org/side-channel-list/-/side-channel-list-1.0.1.tgz. Extracting by manifest.
2850 silly tarball no local data for shebang-regex@https://registry.npmjs.org/shebang-regex/-/shebang-regex-3.0.0.tgz. Extracting by manifest.
2851 silly tarball no local data for @img/sharp-win32-x64@https://registry.npmjs.org/@img/sharp-win32-x64/-/sharp-win32-x64-0.34.5.tgz. Extracting by manifest.
2852 silly tarball no local data for detect-libc@https://registry.npmjs.org/detect-libc/-/detect-libc-2.1.2.tgz. Extracting by manifest.
2853 silly tarball no local data for isarray@https://registry.npmjs.org/isarray/-/isarray-2.0.5.tgz. Extracting by manifest.
2854 silly tarball no local data for @img/colour@https://registry.npmjs.org/@img/colour/-/colour-1.1.0.tgz. Extracting by manifest.
2855 silly tarball no local data for queue-microtask@https://registry.npmjs.org/queue-microtask/-/queue-microtask-1.2.3.tgz. Extracting by manifest.
2856 silly tarball no local data for node-exports-info@https://registry.npmjs.org/node-exports-info/-/node-exports-info-1.6.2.tgz. Extracting by manifest.
2857 silly tarball no local data for supports-preserve-symlinks-flag@https://registry.npmjs.org/supports-preserve-symlinks-flag/-/supports-preserve-symlinks-flag-1.0.0.tgz. Extracting by manifest.
2858 silly tarball no local data for path-parse@https://registry.npmjs.org/path-parse/-/path-parse-1.0.7.tgz. Extracting by manifest.
2859 silly tarball no local data for react-is@https://registry.npmjs.org/react-is/-/react-is-16.13.1.tgz. Extracting by manifest.
2860 silly tarball no local data for scheduler@https://registry.npmjs.org/scheduler/-/scheduler-0.27.0.tgz. Extracting by manifest.
2861 silly tarball no local data for object-assign@https://registry.npmjs.org/object-assign/-/object-assign-4.1.1.tgz. Extracting by manifest.
2862 silly tarball no local data for loose-envify@https://registry.npmjs.org/loose-envify/-/loose-envify-1.4.0.tgz. Extracting by manifest.
2863 silly tarball no local data for source-map-js@https://registry.npmjs.org/source-map-js/-/source-map-js-1.2.1.tgz. Extracting by manifest.
2864 silly tarball no local data for nanoid@https://registry.npmjs.org/nanoid/-/nanoid-3.3.16.tgz. Extracting by manifest.
2865 silly tarball no local data for callsites@https://registry.npmjs.org/callsites/-/callsites-3.1.0.tgz. Extracting by manifest.
2866 silly tarball no local data for p-limit@https://registry.npmjs.org/p-limit/-/p-limit-3.1.0.tgz. Extracting by manifest.
2867 silly tarball no local data for word-wrap@https://registry.npmjs.org/word-wrap/-/word-wrap-1.2.5.tgz. Extracting by manifest.
2868 silly tarball no local data for deep-is@https://registry.npmjs.org/deep-is/-/deep-is-0.1.4.tgz. Extracting by manifest.
2869 silly tarball no local data for yocto-queue@https://registry.npmjs.org/yocto-queue/-/yocto-queue-0.1.0.tgz. Extracting by manifest.
2870 silly tarball no local data for tslib@https://registry.npmjs.org/tslib/-/tslib-2.8.1.tgz. Extracting by manifest.
2871 silly tarball no local data for @swc/helpers@https://registry.npmjs.org/@swc/helpers/-/helpers-0.5.15.tgz. Extracting by manifest.
2872 silly tarball no local data for styled-jsx@https://registry.npmjs.org/styled-jsx/-/styled-jsx-5.1.6.tgz. Extracting by manifest.
2873 silly tarball no local data for sharp@https://registry.npmjs.org/sharp/-/sharp-0.34.5.tgz. Extracting by manifest.
2874 silly tarball no local data for fast-levenshtein@https://registry.npmjs.org/fast-levenshtein/-/fast-levenshtein-2.0.6.tgz. Extracting by manifest.
2875 silly tarball no local data for postcss@https://registry.npmjs.org/postcss/-/postcss-8.4.31.tgz. Extracting by manifest.
2876 silly tarball no local data for @next/swc-win32-x64-msvc@https://registry.npmjs.org/@next/swc-win32-x64-msvc/-/swc-win32-x64-msvc-16.2.10.tgz. Extracting by manifest.
2877 silly tarball no local data for balanced-match@https://registry.npmjs.org/balanced-match/-/balanced-match-1.0.2.tgz. Extracting by manifest.
2878 silly tarball no local data for concat-map@https://registry.npmjs.org/concat-map/-/concat-map-0.0.1.tgz. Extracting by manifest.
2879 silly tarball no local data for @next/env@https://registry.npmjs.org/@next/env/-/env-16.2.10.tgz. Extracting by manifest.
2880 silly tarball no local data for brace-expansion@https://registry.npmjs.org/brace-expansion/-/brace-expansion-1.1.16.tgz. Extracting by manifest.
2881 silly tarball no local data for to-regex-range@https://registry.npmjs.org/to-regex-range/-/to-regex-range-5.0.1.tgz. Extracting by manifest.
2882 silly tarball no local data for fill-range@https://registry.npmjs.org/fill-range/-/fill-range-7.1.1.tgz. Extracting by manifest.
2883 silly tarball no local data for braces@https://registry.npmjs.org/braces/-/braces-3.0.3.tgz. Extracting by manifest.
2884 silly tarball no local data for yallist@https://registry.npmjs.org/yallist/-/yallist-3.1.1.tgz. Extracting by manifest.
2885 silly tarball no local data for p-locate@https://registry.npmjs.org/p-locate/-/p-locate-5.0.0.tgz. Extracting by manifest.
2886 silly tarball no local data for prelude-ls@https://registry.npmjs.org/prelude-ls/-/prelude-ls-1.2.1.tgz. Extracting by manifest.
2887 silly tarball no local data for type-check@https://registry.npmjs.org/type-check/-/type-check-0.4.0.tgz. Extracting by manifest.
2888 silly tarball no local data for json-buffer@https://registry.npmjs.org/json-buffer/-/json-buffer-3.0.1.tgz. Extracting by manifest.
2889 silly tarball no local data for set-function-name@https://registry.npmjs.org/set-function-name/-/set-function-name-2.0.2.tgz. Extracting by manifest.
2890 silly tarball no local data for picomatch@https://registry.npmjs.org/picomatch/-/picomatch-2.3.2.tgz. Extracting by manifest.
2891 silly tarball no local data for argparse@https://registry.npmjs.org/argparse/-/argparse-2.0.1.tgz. Extracting by manifest.
2892 silly tarball no local data for language-subtag-registry@https://registry.npmjs.org/language-subtag-registry/-/language-subtag-registry-0.3.23.tgz. Extracting by manifest.
2893 silly tarball no local data for is-extglob@https://registry.npmjs.org/is-extglob/-/is-extglob-2.1.1.tgz. Extracting by manifest.
2894 silly tarball no local data for hermes-estree@https://registry.npmjs.org/hermes-estree/-/hermes-estree-0.25.1.tgz. Extracting by manifest.
2895 silly tarball no local data for resolve-from@https://registry.npmjs.org/resolve-from/-/resolve-from-4.0.0.tgz. Extracting by manifest.
2896 silly tarball no local data for parent-module@https://registry.npmjs.org/parent-module/-/parent-module-1.0.1.tgz. Extracting by manifest.
2897 silly tarball no local data for is-document.all@https://registry.npmjs.org/is-document.all/-/is-document.all-1.0.0.tgz. Extracting by manifest.
2898 silly tarball no local data for side-channel@https://registry.npmjs.org/side-channel/-/side-channel-1.1.1.tgz. Extracting by manifest.
2899 silly tarball no local data for resolve-pkg-maps@https://registry.npmjs.org/resolve-pkg-maps/-/resolve-pkg-maps-1.0.0.tgz. Extracting by manifest.
2900 silly tarball no local data for dunder-proto@https://registry.npmjs.org/dunder-proto/-/dunder-proto-1.0.1.tgz. Extracting by manifest.
2901 silly tarball no local data for functions-have-names@https://registry.npmjs.org/functions-have-names/-/functions-have-names-1.2.3.tgz. Extracting by manifest.
2902 silly tarball no local data for keyv@https://registry.npmjs.org/keyv/-/keyv-4.5.4.tgz. Extracting by manifest.
2903 silly tarball no local data for locate-path@https://registry.npmjs.org/locate-path/-/locate-path-6.0.0.tgz. Extracting by manifest.
2904 silly tarball no local data for flat-cache@https://registry.npmjs.org/flat-cache/-/flat-cache-4.0.1.tgz. Extracting by manifest.
2905 silly tarball no local data for flatted@https://registry.npmjs.org/flatted/-/flatted-3.4.2.tgz. Extracting by manifest.
2906 silly tarball no local data for @nodelib/fs.scandir@https://registry.npmjs.org/@nodelib/fs.scandir/-/fs.scandir-2.1.5.tgz. Extracting by manifest.
2907 silly tarball no local data for reusify@https://registry.npmjs.org/reusify/-/reusify-1.1.0.tgz. Extracting by manifest.
2908 silly tarball no local data for path-exists@https://registry.npmjs.org/path-exists/-/path-exists-4.0.0.tgz. Extracting by manifest.
2909 silly tarball no local data for fastq@https://registry.npmjs.org/fastq/-/fastq-1.20.1.tgz. Extracting by manifest.
2910 silly tarball no local data for @nodelib/fs.stat@https://registry.npmjs.org/@nodelib/fs.stat/-/fs.stat-2.0.5.tgz. Extracting by manifest.
2911 silly tarball no local data for @nodelib/fs.walk@https://registry.npmjs.org/@nodelib/fs.walk/-/fs.walk-1.2.8.tgz. Extracting by manifest.
2912 silly tarball no local data for run-parallel@https://registry.npmjs.org/run-parallel/-/run-parallel-1.2.0.tgz. Extracting by manifest.
2913 silly tarball no local data for micromatch@https://registry.npmjs.org/micromatch/-/micromatch-4.0.8.tgz. Extracting by manifest.
2914 silly tarball no local data for acorn@https://registry.npmjs.org/acorn/-/acorn-8.17.0.tgz. Extracting by manifest.
2915 silly tarball no local data for merge2@https://registry.npmjs.org/merge2/-/merge2-1.4.1.tgz. Extracting by manifest.
2916 silly tarball no local data for acorn-jsx@https://registry.npmjs.org/acorn-jsx/-/acorn-jsx-5.3.2.tgz. Extracting by manifest.
2917 silly tarball no local data for update-browserslist-db@https://registry.npmjs.org/update-browserslist-db/-/update-browserslist-db-1.2.3.tgz. Extracting by manifest.
2918 silly tarball no local data for esrecurse@https://registry.npmjs.org/esrecurse/-/esrecurse-4.3.0.tgz. Extracting by manifest.
2919 silly tarball no local data for node-releases@https://registry.npmjs.org/node-releases/-/node-releases-2.0.51.tgz. Extracting by manifest.
2920 silly tarball no local data for caniuse-lite@https://registry.npmjs.org/caniuse-lite/-/caniuse-lite-1.0.30001806.tgz. Extracting by manifest.
2921 silly tarball no local data for baseline-browser-mapping@https://registry.npmjs.org/baseline-browser-mapping/-/baseline-browser-mapping-2.10.43.tgz. Extracting by manifest.
2922 silly tarball no local data for @jridgewell/resolve-uri@https://registry.npmjs.org/@jridgewell/resolve-uri/-/resolve-uri-3.1.2.tgz. Extracting by manifest.
2923 silly tarball no local data for @babel/helper-globals@https://registry.npmjs.org/@babel/helper-globals/-/helper-globals-7.29.7.tgz. Extracting by manifest.
2924 silly tarball no local data for @babel/helper-string-parser@https://registry.npmjs.org/@babel/helper-string-parser/-/helper-string-parser-7.29.7.tgz. Extracting by manifest.
2925 silly tarball no local data for electron-to-chromium@https://registry.npmjs.org/electron-to-chromium/-/electron-to-chromium-1.5.392.tgz. Extracting by manifest.
2926 silly tarball no local data for browserslist@https://registry.npmjs.org/browserslist/-/browserslist-4.28.6.tgz. Extracting by manifest.
2927 silly tarball no local data for @jridgewell/sourcemap-codec@https://registry.npmjs.org/@jridgewell/sourcemap-codec/-/sourcemap-codec-1.5.5.tgz. Extracting by manifest.
2928 silly tarball no local data for @babel/helper-module-imports@https://registry.npmjs.org/@babel/helper-module-imports/-/helper-module-imports-7.29.7.tgz. Extracting by manifest.
2929 silly tarball no local data for lru-cache@https://registry.npmjs.org/lru-cache/-/lru-cache-5.1.1.tgz. Extracting by manifest.
2930 silly tarball no local data for jsesc@https://registry.npmjs.org/jsesc/-/jsesc-3.1.0.tgz. Extracting by manifest.
2931 silly tarball no local data for @jridgewell/trace-mapping@https://registry.npmjs.org/@jridgewell/trace-mapping/-/trace-mapping-0.3.31.tgz. Extracting by manifest.
2932 silly tarball no local data for @babel/compat-data@https://registry.npmjs.org/@babel/compat-data/-/compat-data-7.29.7.tgz. Extracting by manifest.
2933 silly tarball no local data for @babel/helper-validator-option@https://registry.npmjs.org/@babel/helper-validator-option/-/helper-validator-option-7.29.7.tgz. Extracting by manifest.
2934 silly tarball no local data for @babel/helper-validator-identifier@https://registry.npmjs.org/@babel/helper-validator-identifier/-/helper-validator-identifier-7.29.7.tgz. Extracting by manifest.
2935 silly tarball no local data for js-tokens@https://registry.npmjs.org/js-tokens/-/js-tokens-4.0.0.tgz. Extracting by manifest.
2936 silly tarball no local data for picocolors@https://registry.npmjs.org/picocolors/-/picocolors-1.1.1.tgz. Extracting by manifest.
2937 silly tarball no local data for @babel/types@https://registry.npmjs.org/@babel/types/-/types-7.29.7.tgz. Extracting by manifest.
2938 silly tarball no local data for @babel/traverse@https://registry.npmjs.org/@babel/traverse/-/traverse-7.29.7.tgz. Extracting by manifest.
2939 silly tarball no local data for @jridgewell/remapping@https://registry.npmjs.org/@jridgewell/remapping/-/remapping-2.3.5.tgz. Extracting by manifest.
2940 silly tarball no local data for json5@https://registry.npmjs.org/json5/-/json5-2.2.3.tgz. Extracting by manifest.
2941 silly tarball no local data for convert-source-map@https://registry.npmjs.org/convert-source-map/-/convert-source-map-2.0.0.tgz. Extracting by manifest.
2942 silly tarball no local data for gensync@https://registry.npmjs.org/gensync/-/gensync-1.0.0-beta.2.tgz. Extracting by manifest.
2943 silly tarball no local data for @babel/template@https://registry.npmjs.org/@babel/template/-/template-7.29.7.tgz. Extracting by manifest.
2944 silly tarball no local data for @babel/helpers@https://registry.npmjs.org/@babel/helpers/-/helpers-7.29.7.tgz. Extracting by manifest.
2945 silly tarball no local data for @babel/helper-compilation-targets@https://registry.npmjs.org/@babel/helper-compilation-targets/-/helper-compilation-targets-7.29.7.tgz. Extracting by manifest.
2946 silly tarball no local data for @babel/generator@https://registry.npmjs.org/@babel/generator/-/generator-7.29.7.tgz. Extracting by manifest.
2947 silly tarball no local data for @babel/helper-module-transforms@https://registry.npmjs.org/@babel/helper-module-transforms/-/helper-module-transforms-7.29.7.tgz. Extracting by manifest.
2948 silly tarball no local data for zod@https://registry.npmjs.org/zod/-/zod-4.4.3.tgz. Extracting by manifest.
2949 silly tarball no local data for zod-validation-error@https://registry.npmjs.org/zod-validation-error/-/zod-validation-error-4.0.2.tgz. Extracting by manifest.
2950 silly tarball no local data for @babel/parser@https://registry.npmjs.org/@babel/parser/-/parser-7.29.7.tgz. Extracting by manifest.
2951 silly tarball no local data for @babel/code-frame@https://registry.npmjs.org/@babel/code-frame/-/code-frame-7.29.7.tgz. Extracting by manifest.
2952 silly tarball no local data for @babel/core@https://registry.npmjs.org/@babel/core/-/core-7.29.7.tgz. Extracting by manifest.
2953 silly tarball no local data for string.prototype.repeat@https://registry.npmjs.org/string.prototype.repeat/-/string.prototype.repeat-1.0.0.tgz. Extracting by manifest.
2954 silly tarball no local data for hermes-parser@https://registry.npmjs.org/hermes-parser/-/hermes-parser-0.25.1.tgz. Extracting by manifest.
2955 silly tarball no local data for prop-types@https://registry.npmjs.org/prop-types/-/prop-types-15.8.1.tgz. Extracting by manifest.
2956 silly tarball no local data for iterator.prototype@https://registry.npmjs.org/iterator.prototype/-/iterator.prototype-1.1.5.tgz. Extracting by manifest.
2957 silly tarball no local data for object.entries@https://registry.npmjs.org/object.entries/-/object.entries-1.1.9.tgz. Extracting by manifest.
2958 silly tarball no local data for string.prototype.matchall@https://registry.npmjs.org/string.prototype.matchall/-/string.prototype.matchall-4.0.12.tgz. Extracting by manifest.
2959 silly tarball no local data for estraverse@https://registry.npmjs.org/estraverse/-/estraverse-5.3.0.tgz. Extracting by manifest.
2960 silly tarball no local data for array.prototype.findlast@https://registry.npmjs.org/array.prototype.findlast/-/array.prototype.findlast-1.2.5.tgz. Extracting by manifest.
2961 silly tarball no local data for array.prototype.tosorted@https://registry.npmjs.org/array.prototype.tosorted/-/array.prototype.tosorted-1.1.4.tgz. Extracting by manifest.
2962 silly tarball no local data for jsx-ast-utils@https://registry.npmjs.org/jsx-ast-utils/-/jsx-ast-utils-3.3.5.tgz. Extracting by manifest.
2963 silly tarball no local data for es-iterator-helpers@https://registry.npmjs.org/es-iterator-helpers/-/es-iterator-helpers-1.4.0.tgz. Extracting by manifest.
2964 silly tarball no local data for string.prototype.includes@https://registry.npmjs.org/string.prototype.includes/-/string.prototype.includes-2.0.1.tgz. Extracting by manifest.
2965 silly tarball no local data for language-tags@https://registry.npmjs.org/language-tags/-/language-tags-1.0.9.tgz. Extracting by manifest.
2966 silly tarball no local data for emoji-regex@https://registry.npmjs.org/emoji-regex/-/emoji-regex-9.2.2.tgz. Extracting by manifest.
2967 silly tarball no local data for @jridgewell/gen-mapping@https://registry.npmjs.org/@jridgewell/gen-mapping/-/gen-mapping-0.3.13.tgz. Extracting by manifest.
2968 silly tarball no local data for axobject-query@https://registry.npmjs.org/axobject-query/-/axobject-query-4.1.0.tgz. Extracting by manifest.
2969 silly tarball no local data for damerau-levenshtein@https://registry.npmjs.org/damerau-levenshtein/-/damerau-levenshtein-1.0.8.tgz. Extracting by manifest.
2970 silly tarball no local data for axe-core@https://registry.npmjs.org/axe-core/-/axe-core-4.12.1.tgz. Extracting by manifest.
2971 silly tarball no local data for ast-types-flow@https://registry.npmjs.org/ast-types-flow/-/ast-types-flow-0.0.8.tgz. Extracting by manifest.
2972 silly tarball no local data for aria-query@https://registry.npmjs.org/aria-query/-/aria-query-5.3.2.tgz. Extracting by manifest.
2973 silly tarball no local data for is-symbol@https://registry.npmjs.org/is-symbol/-/is-symbol-1.1.1.tgz. Extracting by manifest.
2974 silly tarball no local data for is-date-object@https://registry.npmjs.org/is-date-object/-/is-date-object-1.1.0.tgz. Extracting by manifest.
2975 silly tarball no local data for es-abstract-get@https://registry.npmjs.org/es-abstract-get/-/es-abstract-get-1.0.0.tgz. Extracting by manifest.
2976 silly tarball no local data for has-tostringtag@https://registry.npmjs.org/has-tostringtag/-/has-tostringtag-1.0.2.tgz. Extracting by manifest.
2977 silly tarball no local data for possible-typed-array-names@https://registry.npmjs.org/possible-typed-array-names/-/possible-typed-array-names-1.1.0.tgz. Extracting by manifest.
2978 silly tarball no local data for typed-array-length@https://registry.npmjs.org/typed-array-length/-/typed-array-length-1.0.8.tgz. Extracting by manifest.
2979 silly tarball no local data for which-typed-array@https://registry.npmjs.org/which-typed-array/-/which-typed-array-1.1.22.tgz. Extracting by manifest.
2980 silly tarball no local data for unbox-primitive@https://registry.npmjs.org/unbox-primitive/-/unbox-primitive-1.1.0.tgz. Extracting by manifest.
2981 silly tarball no local data for typed-array-byte-length@https://registry.npmjs.org/typed-array-byte-length/-/typed-array-byte-length-1.0.3.tgz. Extracting by manifest.
2982 silly tarball no local data for typed-array-byte-offset@https://registry.npmjs.org/typed-array-byte-offset/-/typed-array-byte-offset-1.0.4.tgz. Extracting by manifest.
2983 silly tarball no local data for typed-array-buffer@https://registry.npmjs.org/typed-array-buffer/-/typed-array-buffer-1.0.3.tgz. Extracting by manifest.
2984 silly tarball no local data for string.prototype.trimstart@https://registry.npmjs.org/string.prototype.trimstart/-/string.prototype.trimstart-1.0.8.tgz. Extracting by manifest.
2985 silly tarball no local data for string.prototype.trim@https://registry.npmjs.org/string.prototype.trim/-/string.prototype.trim-1.2.11.tgz. Extracting by manifest.
2986 silly tarball no local data for stop-iteration-iterator@https://registry.npmjs.org/stop-iteration-iterator/-/stop-iteration-iterator-1.1.0.tgz. Extracting by manifest.
2987 silly tarball no local data for safe-regex-test@https://registry.npmjs.org/safe-regex-test/-/safe-regex-test-1.1.0.tgz. Extracting by manifest.
2988 silly tarball no local data for set-proto@https://registry.npmjs.org/set-proto/-/set-proto-1.0.0.tgz. Extracting by manifest.
2989 silly tarball no local data for safe-array-concat@https://registry.npmjs.org/safe-array-concat/-/safe-array-concat-1.1.4.tgz. Extracting by manifest.
2990 silly tarball no local data for safe-push-apply@https://registry.npmjs.org/safe-push-apply/-/safe-push-apply-1.0.0.tgz. Extracting by manifest.
2991 silly tarball no local data for own-keys@https://registry.npmjs.org/own-keys/-/own-keys-1.0.1.tgz. Extracting by manifest.
2992 silly tarball no local data for object-inspect@https://registry.npmjs.org/object-inspect/-/object-inspect-1.13.4.tgz. Extracting by manifest.
2993 silly tarball no local data for object.assign@https://registry.npmjs.org/object.assign/-/object.assign-4.1.7.tgz. Extracting by manifest.
2994 silly tarball no local data for is-weakref@https://registry.npmjs.org/is-weakref/-/is-weakref-1.1.1.tgz. Extracting by manifest.
2995 silly tarball no local data for regexp.prototype.flags@https://registry.npmjs.org/regexp.prototype.flags/-/regexp.prototype.flags-1.5.4.tgz. Extracting by manifest.
2996 silly tarball no local data for is-typed-array@https://registry.npmjs.org/is-typed-array/-/is-typed-array-1.1.15.tgz. Extracting by manifest.
2997 silly tarball no local data for is-set@https://registry.npmjs.org/is-set/-/is-set-2.0.3.tgz. Extracting by manifest.
2998 silly tarball no local data for is-regex@https://registry.npmjs.org/is-regex/-/is-regex-1.2.1.tgz. Extracting by manifest.
2999 silly tarball no local data for is-negative-zero@https://registry.npmjs.org/is-negative-zero/-/is-negative-zero-2.0.3.tgz. Extracting by manifest.
3000 silly tarball no local data for is-callable@https://registry.npmjs.org/is-callable/-/is-callable-1.2.7.tgz. Extracting by manifest.
3001 silly tarball no local data for is-array-buffer@https://registry.npmjs.org/is-array-buffer/-/is-array-buffer-3.0.5.tgz. Extracting by manifest.
3002 silly tarball no local data for is-shared-array-buffer@https://registry.npmjs.org/is-shared-array-buffer/-/is-shared-array-buffer-1.0.4.tgz. Extracting by manifest.
3003 silly tarball no local data for internal-slot@https://registry.npmjs.org/internal-slot/-/internal-slot-1.1.0.tgz. Extracting by manifest.
3004 silly tarball no local data for is-data-view@https://registry.npmjs.org/is-data-view/-/is-data-view-1.0.2.tgz. Extracting by manifest.
3005 silly tarball no local data for has-symbols@https://registry.npmjs.org/has-symbols/-/has-symbols-1.1.0.tgz. Extracting by manifest.
3006 silly tarball no local data for has-proto@https://registry.npmjs.org/has-proto/-/has-proto-1.2.0.tgz. Extracting by manifest.
3007 silly tarball no local data for get-symbol-description@https://registry.npmjs.org/get-symbol-description/-/get-symbol-description-1.1.0.tgz. Extracting by manifest.
3008 silly tarball no local data for function.prototype.name@https://registry.npmjs.org/function.prototype.name/-/function.prototype.name-1.2.0.tgz. Extracting by manifest.
3009 silly tarball no local data for get-proto@https://registry.npmjs.org/get-proto/-/get-proto-1.0.1.tgz. Extracting by manifest.
3010 silly tarball no local data for globalthis@https://registry.npmjs.org/globalthis/-/globalthis-1.0.4.tgz. Extracting by manifest.
3011 silly tarball no local data for es-set-tostringtag@https://registry.npmjs.org/es-set-tostringtag/-/es-set-tostringtag-2.1.0.tgz. Extracting by manifest.
3012 silly tarball no local data for es-to-primitive@https://registry.npmjs.org/es-to-primitive/-/es-to-primitive-1.3.4.tgz. Extracting by manifest.
3013 silly tarball no local data for data-view-byte-offset@https://registry.npmjs.org/data-view-byte-offset/-/data-view-byte-offset-1.0.1.tgz. Extracting by manifest.
3014 silly tarball no local data for data-view-byte-length@https://registry.npmjs.org/data-view-byte-length/-/data-view-byte-length-1.0.2.tgz. Extracting by manifest.
3015 silly tarball no local data for available-typed-arrays@https://registry.npmjs.org/available-typed-arrays/-/available-typed-arrays-1.0.7.tgz. Extracting by manifest.
3016 silly tarball no local data for arraybuffer.prototype.slice@https://registry.npmjs.org/arraybuffer.prototype.slice/-/arraybuffer.prototype.slice-1.0.4.tgz. Extracting by manifest.
3017 silly tarball no local data for array-buffer-byte-length@https://registry.npmjs.org/array-buffer-byte-length/-/array-buffer-byte-length-1.0.2.tgz. Extracting by manifest.
3018 silly tarball no local data for gopd@https://registry.npmjs.org/gopd/-/gopd-1.2.0.tgz. Extracting by manifest.
3019 silly tarball no local data for data-view-buffer@https://registry.npmjs.org/data-view-buffer/-/data-view-buffer-1.0.2.tgz. Extracting by manifest.
3020 silly tarball no local data for has-property-descriptors@https://registry.npmjs.org/has-property-descriptors/-/has-property-descriptors-1.0.2.tgz. Extracting by manifest.
3021 silly tarball no local data for set-function-length@https://registry.npmjs.org/set-function-length/-/set-function-length-1.2.2.tgz. Extracting by manifest.
3022 silly tarball no local data for function-bind@https://registry.npmjs.org/function-bind/-/function-bind-1.1.2.tgz. Extracting by manifest.
3023 silly tarball no local data for es-define-property@https://registry.npmjs.org/es-define-property/-/es-define-property-1.0.1.tgz. Extracting by manifest.
3024 silly tarball no local data for object-keys@https://registry.npmjs.org/object-keys/-/object-keys-1.1.1.tgz. Extracting by manifest.
3025 silly tarball no local data for call-bind-apply-helpers@https://registry.npmjs.org/call-bind-apply-helpers/-/call-bind-apply-helpers-1.0.2.tgz. Extracting by manifest.
3026 silly tarball no local data for define-data-property@https://registry.npmjs.org/define-data-property/-/define-data-property-1.1.4.tgz. Extracting by manifest.
3027 silly tarball no local data for get-intrinsic@https://registry.npmjs.org/get-intrinsic/-/get-intrinsic-1.3.0.tgz. Extracting by manifest.
3028 silly tarball no local data for es-errors@https://registry.npmjs.org/es-errors/-/es-errors-1.3.0.tgz. Extracting by manifest.
3029 silly tarball no local data for math-intrinsics@https://registry.npmjs.org/math-intrinsics/-/math-intrinsics-1.1.0.tgz. Extracting by manifest.
3030 silly tarball no local data for es-shim-unscopables@https://registry.npmjs.org/es-shim-unscopables/-/es-shim-unscopables-1.1.0.tgz. Extracting by manifest.
3031 silly tarball no local data for es-object-atoms@https://registry.npmjs.org/es-object-atoms/-/es-object-atoms-1.1.2.tgz. Extracting by manifest.
3032 silly tarball no local data for es-abstract@https://registry.npmjs.org/es-abstract/-/es-abstract-1.24.2.tgz. Extracting by manifest.
3033 silly tarball no local data for call-bound@https://registry.npmjs.org/call-bound/-/call-bound-1.0.4.tgz. Extracting by manifest.
3034 silly tarball no local data for define-properties@https://registry.npmjs.org/define-properties/-/define-properties-1.2.1.tgz. Extracting by manifest.
3035 silly tarball no local data for is-string@https://registry.npmjs.org/is-string/-/is-string-1.1.1.tgz. Extracting by manifest.
3036 silly tarball no local data for string.prototype.trimend@https://registry.npmjs.org/string.prototype.trimend/-/string.prototype.trimend-1.0.10.tgz. Extracting by manifest.
3037 silly tarball no local data for call-bind@https://registry.npmjs.org/call-bind/-/call-bind-1.0.9.tgz. Extracting by manifest.
3038 silly tarball no local data for semver@https://registry.npmjs.org/semver/-/semver-6.3.1.tgz. Extracting by manifest.
3039 silly tarball no local data for object.groupby@https://registry.npmjs.org/object.groupby/-/object.groupby-1.0.3.tgz. Extracting by manifest.
3040 silly tarball no local data for object.values@https://registry.npmjs.org/object.values/-/object.values-1.2.1.tgz. Extracting by manifest.
3041 silly tarball no local data for object.fromentries@https://registry.npmjs.org/object.fromentries/-/object.fromentries-2.0.8.tgz. Extracting by manifest.
3042 silly tarball no local data for hasown@https://registry.npmjs.org/hasown/-/hasown-2.0.4.tgz. Extracting by manifest.
3043 silly tarball no local data for tsconfig-paths@https://registry.npmjs.org/tsconfig-paths/-/tsconfig-paths-3.15.0.tgz. Extracting by manifest.
3044 silly tarball no local data for eslint-module-utils@https://registry.npmjs.org/eslint-module-utils/-/eslint-module-utils-2.14.0.tgz. Extracting by manifest.
3045 silly tarball no local data for array.prototype.findlastindex@https://registry.npmjs.org/array.prototype.findlastindex/-/array.prototype.findlastindex-1.2.6.tgz. Extracting by manifest.
3046 silly tarball no local data for array-includes@https://registry.npmjs.org/array-includes/-/array-includes-3.1.9.tgz. Extracting by manifest.
3047 silly tarball no local data for doctrine@https://registry.npmjs.org/doctrine/-/doctrine-2.1.0.tgz. Extracting by manifest.
3048 silly tarball no local data for unrs-resolver@https://registry.npmjs.org/unrs-resolver/-/unrs-resolver-1.12.2.tgz. Extracting by manifest.
3049 silly tarball no local data for @rtsao/scc@https://registry.npmjs.org/@rtsao/scc/-/scc-1.1.0.tgz. Extracting by manifest.
3050 silly tarball no local data for array.prototype.flatmap@https://registry.npmjs.org/array.prototype.flatmap/-/array.prototype.flatmap-1.3.3.tgz. Extracting by manifest.
3051 silly tarball no local data for array.prototype.flat@https://registry.npmjs.org/array.prototype.flat/-/array.prototype.flat-1.3.3.tgz. Extracting by manifest.
3052 silly tarball no local data for stable-hash@https://registry.npmjs.org/stable-hash/-/stable-hash-0.0.5.tgz. Extracting by manifest.
3053 silly tarball no local data for tinyglobby@https://registry.npmjs.org/tinyglobby/-/tinyglobby-0.2.17.tgz. Extracting by manifest.
3054 silly tarball no local data for is-bun-module@https://registry.npmjs.org/is-bun-module/-/is-bun-module-2.0.0.tgz. Extracting by manifest.
3055 silly tarball no local data for @nolyfill/is-core-module@https://registry.npmjs.org/@nolyfill/is-core-module/-/is-core-module-1.0.39.tgz. Extracting by manifest.
3056 silly tarball no local data for is-core-module@https://registry.npmjs.org/is-core-module/-/is-core-module-2.16.2.tgz. Extracting by manifest.
3057 silly tarball no local data for get-tsconfig@https://registry.npmjs.org/get-tsconfig/-/get-tsconfig-4.14.0.tgz. Extracting by manifest.
3058 silly tarball no local data for resolve@https://registry.npmjs.org/resolve/-/resolve-2.0.0-next.7.tgz. Extracting by manifest.
3059 silly tarball no local data for color-name@https://registry.npmjs.org/color-name/-/color-name-1.1.4.tgz. Extracting by manifest.
3060 silly tarball no local data for color-convert@https://registry.npmjs.org/color-convert/-/color-convert-2.0.1.tgz. Extracting by manifest.
3061 silly tarball no local data for supports-color@https://registry.npmjs.org/supports-color/-/supports-color-7.2.0.tgz. Extracting by manifest.
3062 silly tarball no local data for @types/json-schema@https://registry.npmjs.org/@types/json-schema/-/json-schema-7.0.15.tgz. Extracting by manifest.
3063 silly tarball no local data for ansi-styles@https://registry.npmjs.org/ansi-styles/-/ansi-styles-4.3.0.tgz. Extracting by manifest.
3064 silly tarball no local data for @eslint/object-schema@https://registry.npmjs.org/@eslint/object-schema/-/object-schema-2.1.7.tgz. Extracting by manifest.
3065 silly tarball no local data for strip-json-comments@https://registry.npmjs.org/strip-json-comments/-/strip-json-comments-3.1.1.tgz. Extracting by manifest.
3066 silly tarball no local data for minimatch@https://registry.npmjs.org/minimatch/-/minimatch-3.1.5.tgz. Extracting by manifest.
3067 silly tarball no local data for import-fresh@https://registry.npmjs.org/import-fresh/-/import-fresh-3.3.1.tgz. Extracting by manifest.
3068 silly tarball no local data for js-yaml@https://registry.npmjs.org/js-yaml/-/js-yaml-4.3.0.tgz. Extracting by manifest.
3069 silly tarball no local data for lodash.merge@https://registry.npmjs.org/lodash.merge/-/lodash.merge-4.6.2.tgz. Extracting by manifest.
3070 silly tarball no local data for @types/estree@https://registry.npmjs.org/@types/estree/-/estree-1.0.9.tgz. Extracting by manifest.
3071 silly tarball no local data for espree@https://registry.npmjs.org/espree/-/espree-10.4.0.tgz. Extracting by manifest.
3072 silly tarball no local data for @eslint/plugin-kit@https://registry.npmjs.org/@eslint/plugin-kit/-/plugin-kit-0.4.1.tgz. Extracting by manifest.
3073 silly tarball no local data for eslint-visitor-keys@https://registry.npmjs.org/eslint-visitor-keys/-/eslint-visitor-keys-4.2.1.tgz. Extracting by manifest.
3074 silly tarball no local data for eslint-scope@https://registry.npmjs.org/eslint-scope/-/eslint-scope-8.4.0.tgz. Extracting by manifest.
3075 silly tarball no local data for chalk@https://registry.npmjs.org/chalk/-/chalk-4.1.2.tgz. Extracting by manifest.
3076 silly tarball no local data for @eslint/js@https://registry.npmjs.org/@eslint/js/-/js-9.39.5.tgz. Extracting by manifest.
3077 silly tarball no local data for @eslint/eslintrc@https://registry.npmjs.org/@eslint/eslintrc/-/eslintrc-3.3.6.tgz. Extracting by manifest.
3078 silly tarball no local data for fast-glob@https://registry.npmjs.org/fast-glob/-/fast-glob-3.3.1.tgz. Extracting by manifest.
3079 silly tarball no local data for @eslint/config-helpers@https://registry.npmjs.org/@eslint/config-helpers/-/config-helpers-0.4.2.tgz. Extracting by manifest.
3080 silly tarball no local data for typescript@https://registry.npmjs.org/typescript/-/typescript-6.0.3.tgz. Extracting by manifest.
3081 silly tarball no local data for @eslint/core@https://registry.npmjs.org/@eslint/core/-/core-0.17.0.tgz. Extracting by manifest.
3082 silly tarball no local data for @eslint/config-array@https://registry.npmjs.org/@eslint/config-array/-/config-array-0.21.2.tgz. Extracting by manifest.
3083 silly tarball no local data for globals@https://registry.npmjs.org/globals/-/globals-16.4.0.tgz. Extracting by manifest.
3084 silly tarball no local data for typescript-eslint@https://registry.npmjs.org/typescript-eslint/-/typescript-eslint-8.64.0.tgz. Extracting by manifest.
3085 silly tarball no local data for eslint-plugin-react-hooks@https://registry.npmjs.org/eslint-plugin-react-hooks/-/eslint-plugin-react-hooks-7.1.1.tgz. Extracting by manifest.
3086 silly tarball no local data for eslint-plugin-react@https://registry.npmjs.org/eslint-plugin-react/-/eslint-plugin-react-7.37.5.tgz. Extracting by manifest.
3087 silly tarball no local data for eslint-plugin-jsx-a11y@https://registry.npmjs.org/eslint-plugin-jsx-a11y/-/eslint-plugin-jsx-a11y-6.10.2.tgz. Extracting by manifest.
3088 silly tarball no local data for eslint@https://registry.npmjs.org/eslint/-/eslint-9.39.5.tgz. Extracting by manifest.
3089 silly tarball no local data for eslint-plugin-import@https://registry.npmjs.org/eslint-plugin-import/-/eslint-plugin-import-2.32.0.tgz. Extracting by manifest.
3090 silly tarball no local data for @next/eslint-plugin-next@https://registry.npmjs.org/@next/eslint-plugin-next/-/eslint-plugin-next-16.2.10.tgz. Extracting by manifest.
3091 silly tarball no local data for shebang-command@https://registry.npmjs.org/shebang-command/-/shebang-command-2.0.0.tgz. Extracting by manifest.
3092 silly tarball no local data for eslint-import-resolver-typescript@https://registry.npmjs.org/eslint-import-resolver-typescript/-/eslint-import-resolver-typescript-3.10.1.tgz. Extracting by manifest.
3093 silly tarball no local data for eslint-import-resolver-node@https://registry.npmjs.org/eslint-import-resolver-node/-/eslint-import-resolver-node-0.3.10.tgz. Extracting by manifest.
3094 silly tarball no local data for which@https://registry.npmjs.org/which/-/which-2.0.2.tgz. Extracting by manifest.
3095 silly tarball no local data for path-key@https://registry.npmjs.org/path-key/-/path-key-3.1.1.tgz. Extracting by manifest.
3096 silly tarball no local data for @humanfs/types@https://registry.npmjs.org/@humanfs/types/-/types-0.15.0.tgz. Extracting by manifest.
3097 silly tarball no local data for ms@https://registry.npmjs.org/ms/-/ms-2.1.3.tgz. Extracting by manifest.
3098 silly tarball no local data for @humanfs/core@https://registry.npmjs.org/@humanfs/core/-/core-0.19.2.tgz. Extracting by manifest.
3099 silly tarball no local data for uri-js@https://registry.npmjs.org/uri-js/-/uri-js-4.4.1.tgz. Extracting by manifest.
3100 silly tarball no local data for json-schema-traverse@https://registry.npmjs.org/json-schema-traverse/-/json-schema-traverse-0.4.1.tgz. Extracting by manifest.
3101 silly tarball no local data for levn@https://registry.npmjs.org/levn/-/levn-0.4.1.tgz. Extracting by manifest.
3102 silly tarball no local data for fast-json-stable-stringify@https://registry.npmjs.org/fast-json-stable-stringify/-/fast-json-stable-stringify-2.1.0.tgz. Extracting by manifest.
3103 silly tarball no local data for natural-compare@https://registry.npmjs.org/natural-compare/-/natural-compare-1.4.0.tgz. Extracting by manifest.
3104 silly tarball no local data for json-stable-stringify-without-jsonify@https://registry.npmjs.org/json-stable-stringify-without-jsonify/-/json-stable-stringify-without-jsonify-1.0.1.tgz. Extracting by manifest.
3105 silly tarball no local data for optionator@https://registry.npmjs.org/optionator/-/optionator-0.9.4.tgz. Extracting by manifest.
3106 silly tarball no local data for imurmurhash@https://registry.npmjs.org/imurmurhash/-/imurmurhash-0.1.4.tgz. Extracting by manifest.
3107 silly tarball no local data for ignore@https://registry.npmjs.org/ignore/-/ignore-5.3.2.tgz. Extracting by manifest.
3108 silly tarball no local data for glob-parent@https://registry.npmjs.org/glob-parent/-/glob-parent-6.0.2.tgz. Extracting by manifest.
3109 silly tarball no local data for esutils@https://registry.npmjs.org/esutils/-/esutils-2.0.3.tgz. Extracting by manifest.
3110 silly tarball no local data for fast-deep-equal@https://registry.npmjs.org/fast-deep-equal/-/fast-deep-equal-3.1.3.tgz. Extracting by manifest.
3111 silly tarball no local data for is-glob@https://registry.npmjs.org/is-glob/-/is-glob-4.0.3.tgz. Extracting by manifest.
3112 silly tarball no local data for find-up@https://registry.npmjs.org/find-up/-/find-up-5.0.0.tgz. Extracting by manifest.
3113 silly tarball no local data for esquery@https://registry.npmjs.org/esquery/-/esquery-1.7.0.tgz. Extracting by manifest.
3114 silly tarball no local data for debug@https://registry.npmjs.org/debug/-/debug-4.4.3.tgz. Extracting by manifest.
3115 silly tarball no local data for file-entry-cache@https://registry.npmjs.org/file-entry-cache/-/file-entry-cache-8.0.0.tgz. Extracting by manifest.
3116 silly tarball no local data for escape-string-regexp@https://registry.npmjs.org/escape-string-regexp/-/escape-string-regexp-4.0.0.tgz. Extracting by manifest.
3117 silly tarball no local data for cross-spawn@https://registry.npmjs.org/cross-spawn/-/cross-spawn-7.0.6.tgz. Extracting by manifest.
3118 silly tarball no local data for @humanfs/node@https://registry.npmjs.org/@humanfs/node/-/node-0.16.8.tgz. Extracting by manifest.
3119 silly tarball no local data for ajv@https://registry.npmjs.org/ajv/-/ajv-6.15.0.tgz. Extracting by manifest.
3120 silly tarball no local data for @humanwhocodes/retry@https://registry.npmjs.org/@humanwhocodes/retry/-/retry-0.4.3.tgz. Extracting by manifest.
3121 silly tarball no local data for @humanwhocodes/module-importer@https://registry.npmjs.org/@humanwhocodes/module-importer/-/module-importer-1.0.1.tgz. Extracting by manifest.
3122 silly tarball no local data for csstype@https://registry.npmjs.org/csstype/-/csstype-3.2.3.tgz. Extracting by manifest.
3123 silly tarball no local data for @eslint-community/regexpp@https://registry.npmjs.org/@eslint-community/regexpp/-/regexpp-4.12.2.tgz. Extracting by manifest.
3124 silly tarball no local data for @eslint-community/eslint-utils@https://registry.npmjs.org/@eslint-community/eslint-utils/-/eslint-utils-4.9.1.tgz. Extracting by manifest.
3125 silly tarball no local data for undici-types@https://registry.npmjs.org/undici-types/-/undici-types-8.3.0.tgz. Extracting by manifest.
3126 silly tarball no local data for react-dom@https://registry.npmjs.org/react-dom/-/react-dom-19.2.7.tgz. Extracting by manifest.
3127 silly tarball no local data for next@https://registry.npmjs.org/next/-/next-16.2.10.tgz. Extracting by manifest.
3128 silly tarball no local data for react@https://registry.npmjs.org/react/-/react-19.2.7.tgz. Extracting by manifest.
3129 silly tarball no local data for @types/react-dom@https://registry.npmjs.org/@types/react-dom/-/react-dom-19.2.3.tgz. Extracting by manifest.
3130 silly tarball no local data for @types/react@https://registry.npmjs.org/@types/react/-/react-19.2.17.tgz. Extracting by manifest.
3131 silly tarball no local data for eslint-config-next@https://registry.npmjs.org/eslint-config-next/-/eslint-config-next-16.2.10.tgz. Extracting by manifest.
3132 silly tarball no local data for @types/node@https://registry.npmjs.org/@types/node/-/node-26.1.1.tgz. Extracting by manifest.
3133 silly tarball no local data for eslint-visitor-keys@https://registry.npmjs.org/eslint-visitor-keys/-/eslint-visitor-keys-5.0.1.tgz. Extracting by manifest.
3134 silly tarball no local data for ignore@https://registry.npmjs.org/ignore/-/ignore-7.0.6.tgz. Extracting by manifest.
3135 silly tarball no local data for brace-expansion@https://registry.npmjs.org/brace-expansion/-/brace-expansion-5.0.7.tgz. Extracting by manifest.
3136 silly tarball no local data for balanced-match@https://registry.npmjs.org/balanced-match/-/balanced-match-4.0.4.tgz. Extracting by manifest.
3137 silly tarball no local data for semver@https://registry.npmjs.org/semver/-/semver-7.8.5.tgz. Extracting by manifest.
3138 silly tarball no local data for semver@https://registry.npmjs.org/semver/-/semver-7.8.5.tgz. Extracting by manifest.
3139 silly tarball no local data for minimatch@https://registry.npmjs.org/minimatch/-/minimatch-10.2.5.tgz. Extracting by manifest.
3140 silly tarball no local data for debug@https://registry.npmjs.org/debug/-/debug-3.2.7.tgz. Extracting by manifest.
3141 silly tarball no local data for json5@https://registry.npmjs.org/json5/-/json5-1.0.2.tgz. Extracting by manifest.
3142 silly tarball no local data for picomatch@https://registry.npmjs.org/picomatch/-/picomatch-4.0.5.tgz. Extracting by manifest.
3143 silly tarball no local data for semver@https://registry.npmjs.org/semver/-/semver-7.8.5.tgz. Extracting by manifest.
3144 silly tarball no local data for globals@https://registry.npmjs.org/globals/-/globals-14.0.0.tgz. Extracting by manifest.
3145 silly tarball no local data for fdir@https://registry.npmjs.org/fdir/-/fdir-6.5.0.tgz. Extracting by manifest.
3146 silly tarball no local data for glob-parent@https://registry.npmjs.org/glob-parent/-/glob-parent-5.1.2.tgz. Extracting by manifest.
3147 silly tarball no local data for debug@https://registry.npmjs.org/debug/-/debug-3.2.7.tgz. Extracting by manifest.
3148 silly tarball no local data for debug@https://registry.npmjs.org/debug/-/debug-3.2.7.tgz. Extracting by manifest.
3149 silly tarball no local data for eslint-visitor-keys@https://registry.npmjs.org/eslint-visitor-keys/-/eslint-visitor-keys-3.4.3.tgz. Extracting by manifest.
3150 http fetch POST 200 https://registry.npmjs.org/-/npm/v1/security/advisories/bulk 676ms
3151 silly audit report {
3151 silly audit report   postcss: [
3151 silly audit report     {
3151 silly audit report       id: 1117015,
3151 silly audit report       url: 'https://github.com/advisories/GHSA-qx2v-qp2m-jg93',
3151 silly audit report       title: 'PostCSS has XSS via Unescaped </style> in its CSS Stringify Output',
3151 silly audit report       severity: 'moderate',
3151 silly audit report       vulnerable_versions: '<8.5.10',
3151 silly audit report       cwe: [Array],
3151 silly audit report       cvss: [Object]
3151 silly audit report     }
3151 silly audit report   ]
3151 silly audit report }
3152 silly packumentCache corgi:https://registry.npmjs.org/postcss cache-miss
3153 http fetch GET 200 https://registry.npmjs.org/isexe/-/isexe-2.0.0.tgz 556ms (cache miss)
3154 http fetch GET 200 https://registry.npmjs.org/async-function/-/async-function-1.0.0.tgz 559ms (cache miss)
3155 http fetch GET 200 https://registry.npmjs.org/which-collection/-/which-collection-1.0.2.tgz 559ms (cache miss)
3156 http fetch GET 200 https://registry.npmjs.org/is-bigint/-/is-bigint-1.1.0.tgz 559ms (cache miss)
3157 http fetch GET 200 https://registry.npmjs.org/generator-function/-/generator-function-2.0.1.tgz 567ms (cache miss)
3158 http fetch GET 200 https://registry.npmjs.org/has-bigints/-/has-bigints-1.1.0.tgz 557ms (cache miss)
3159 http fetch GET 200 https://registry.npmjs.org/is-weakset/-/is-weakset-2.0.4.tgz 574ms (cache miss)
3160 http fetch GET 200 https://registry.npmjs.org/is-async-function/-/is-async-function-2.1.1.tgz 562ms (cache miss)
3161 http fetch GET 200 https://registry.npmjs.org/is-weakmap/-/is-weakmap-2.0.2.tgz 578ms (cache miss)
3162 http fetch GET 200 https://registry.npmjs.org/@typescript-eslint/project-service/-/project-service-8.64.0.tgz 562ms (cache miss)
3163 http fetch GET 200 https://registry.npmjs.org/napi-postinstall/-/napi-postinstall-0.3.4.tgz 574ms (cache miss)
3164 http fetch GET 200 https://registry.npmjs.org/@typescript-eslint/tsconfig-utils/-/tsconfig-utils-8.64.0.tgz 586ms (cache miss)
3165 http fetch GET 200 https://registry.npmjs.org/which-boxed-primitive/-/which-boxed-primitive-1.1.1.tgz 595ms (cache miss)
3166 http fetch GET 200 https://registry.npmjs.org/is-number-object/-/is-number-object-1.1.1.tgz 614ms (cache miss)
3167 http fetch GET 200 https://registry.npmjs.org/is-map/-/is-map-2.0.3.tgz 623ms (cache miss)
3168 http fetch GET 200 https://registry.npmjs.org/is-generator-function/-/is-generator-function-1.1.2.tgz 621ms (cache miss)
3169 http fetch GET 200 https://registry.npmjs.org/@typescript-eslint/parser/-/parser-8.64.0.tgz 608ms (cache miss)
3170 http fetch GET 200 https://registry.npmjs.org/is-finalizationregistry/-/is-finalizationregistry-1.1.1.tgz 624ms (cache miss)
3171 http fetch GET 200 https://registry.npmjs.org/escalade/-/escalade-3.2.0.tgz 634ms (cache miss)
3172 http fetch GET 200 https://registry.npmjs.org/reflect.getprototypeof/-/reflect.getprototypeof-1.0.10.tgz 635ms (cache miss)
3173 http fetch GET 200 https://registry.npmjs.org/strip-bom/-/strip-bom-3.0.0.tgz 635ms (cache miss)
3174 http fetch GET 200 https://registry.npmjs.org/minimist/-/minimist-1.2.8.tgz 675ms (cache miss)
3175 http fetch GET 200 https://registry.npmjs.org/which-builtin-type/-/which-builtin-type-1.2.1.tgz 708ms (cache miss)
3176 http fetch GET 200 https://registry.npmjs.org/is-number/-/is-number-7.0.0.tgz 708ms (cache miss)
3177 http fetch GET 200 https://registry.npmjs.org/has-flag/-/has-flag-4.0.0.tgz 710ms (cache miss)
3178 http fetch GET 200 https://registry.npmjs.org/punycode/-/punycode-2.3.1.tgz 739ms (cache miss)
3179 http fetch GET 200 https://registry.npmjs.org/client-only/-/client-only-0.0.1.tgz 722ms (cache miss)
3180 http fetch GET 200 https://registry.npmjs.org/for-each/-/for-each-0.3.5.tgz 737ms (cache miss)
3181 http fetch GET 200 https://registry.npmjs.org/is-boolean-object/-/is-boolean-object-1.2.2.tgz 758ms (cache miss)
3182 http fetch GET 200 https://registry.npmjs.org/shebang-regex/-/shebang-regex-3.0.0.tgz 758ms (cache miss)
3183 http fetch GET 200 https://registry.npmjs.org/@typescript-eslint/visitor-keys/-/visitor-keys-8.64.0.tgz 780ms (cache miss)
3184 http fetch GET 200 https://registry.npmjs.org/side-channel-map/-/side-channel-map-1.0.1.tgz 770ms (cache miss)
3185 http fetch GET 200 https://registry.npmjs.org/isarray/-/isarray-2.0.5.tgz 768ms (cache miss)
3186 http fetch GET 200 https://registry.npmjs.org/side-channel-weakmap/-/side-channel-weakmap-1.0.2.tgz 774ms (cache miss)
3187 http fetch GET 200 https://registry.npmjs.org/@typescript-eslint/types/-/types-8.64.0.tgz 813ms (cache miss)
3188 http fetch GET 200 https://registry.npmjs.org/detect-libc/-/detect-libc-2.1.2.tgz 803ms (cache miss)
3189 http fetch GET 200 https://registry.npmjs.org/ts-api-utils/-/ts-api-utils-2.5.0.tgz 831ms (cache miss)
3190 http fetch GET 200 https://registry.npmjs.org/path-parse/-/path-parse-1.0.7.tgz 814ms (cache miss)
3191 http fetch GET 200 https://registry.npmjs.org/@img/colour/-/colour-1.1.0.tgz 820ms (cache miss)
3192 http fetch GET 200 https://registry.npmjs.org/supports-preserve-symlinks-flag/-/supports-preserve-symlinks-flag-1.0.0.tgz 830ms (cache miss)
3193 http fetch GET 200 https://registry.npmjs.org/react-is/-/react-is-16.13.1.tgz 834ms (cache miss)
3194 http fetch GET 200 https://registry.npmjs.org/loose-envify/-/loose-envify-1.4.0.tgz 843ms (cache miss)
3195 http fetch GET 200 https://registry.npmjs.org/queue-microtask/-/queue-microtask-1.2.3.tgz 850ms (cache miss)
3196 http fetch GET 200 https://registry.npmjs.org/side-channel-list/-/side-channel-list-1.0.1.tgz 859ms (cache miss)
3197 http fetch GET 200 https://registry.npmjs.org/nanoid/-/nanoid-3.3.16.tgz 867ms (cache miss)
3198 http fetch GET 200 https://registry.npmjs.org/object-assign/-/object-assign-4.1.1.tgz 871ms (cache miss)
3199 http fetch GET 200 https://registry.npmjs.org/callsites/-/callsites-3.1.0.tgz 881ms (cache miss)
3200 http fetch GET 200 https://registry.npmjs.org/@types/json5/-/json5-0.0.29.tgz 925ms (cache miss)
3201 http fetch GET 200 https://registry.npmjs.org/@typescript-eslint/utils/-/utils-8.64.0.tgz 934ms (cache miss)
3202 http fetch GET 200 https://registry.npmjs.org/@typescript-eslint/type-utils/-/type-utils-8.64.0.tgz 937ms (cache miss)
3203 http fetch GET 200 https://registry.npmjs.org/word-wrap/-/word-wrap-1.2.5.tgz 908ms (cache miss)
3204 http fetch GET 200 https://registry.npmjs.org/p-limit/-/p-limit-3.1.0.tgz 935ms (cache miss)
3205 http fetch GET 200 https://registry.npmjs.org/@typescript-eslint/typescript-estree/-/typescript-estree-8.64.0.tgz 964ms (cache miss)
3206 http fetch GET 200 https://registry.npmjs.org/tslib/-/tslib-2.8.1.tgz 981ms (cache miss)
3207 http fetch GET 200 https://registry.npmjs.org/fast-levenshtein/-/fast-levenshtein-2.0.6.tgz 1009ms (cache miss)
3208 http fetch GET 200 https://registry.npmjs.org/scheduler/-/scheduler-0.27.0.tgz 1077ms (cache miss)
3209 http fetch GET 200 https://registry.npmjs.org/deep-is/-/deep-is-0.1.4.tgz 1115ms (cache miss)
3210 http fetch GET 200 https://registry.npmjs.org/concat-map/-/concat-map-0.0.1.tgz 1135ms (cache miss)
3211 http fetch GET 200 https://registry.npmjs.org/source-map-js/-/source-map-js-1.2.1.tgz 1175ms (cache miss)
3212 http fetch GET 200 https://registry.npmjs.org/balanced-match/-/balanced-match-1.0.2.tgz 1203ms (cache miss)
3213 http fetch GET 200 https://registry.npmjs.org/fill-range/-/fill-range-7.1.1.tgz 1254ms (cache miss)
3214 http fetch GET 200 https://registry.npmjs.org/@typescript-eslint/scope-manager/-/scope-manager-8.64.0.tgz 1378ms (cache miss)
3215 http fetch GET 200 https://registry.npmjs.org/to-regex-range/-/to-regex-range-5.0.1.tgz 1464ms (cache miss)
3216 http fetch GET 200 https://registry.npmjs.org/@emnapi/runtime/-/runtime-1.11.2.tgz 1516ms (cache miss)
3217 http fetch GET 200 https://registry.npmjs.org/yallist/-/yallist-3.1.1.tgz 1503ms (cache miss)
3218 http fetch GET 200 https://registry.npmjs.org/prelude-ls/-/prelude-ls-1.2.1.tgz 1559ms (cache miss)
3219 http fetch GET 200 https://registry.npmjs.org/type-check/-/type-check-0.4.0.tgz 1654ms (cache miss)
3220 http fetch GET 200 https://registry.npmjs.org/node-exports-info/-/node-exports-info-1.6.2.tgz 1690ms (cache miss)
3221 http fetch GET 200 https://registry.npmjs.org/set-function-name/-/set-function-name-2.0.2.tgz 1722ms (cache miss)
3222 http fetch GET 200 https://registry.npmjs.org/picomatch/-/picomatch-2.3.2.tgz 1856ms (cache miss)
3223 http fetch GET 200 https://registry.npmjs.org/p-locate/-/p-locate-5.0.0.tgz 1900ms (cache miss)
3224 http fetch GET 200 https://registry.npmjs.org/argparse/-/argparse-2.0.1.tgz 2011ms (cache miss)
3225 http fetch GET 200 https://registry.npmjs.org/is-extglob/-/is-extglob-2.1.1.tgz 2085ms (cache miss)
3226 http fetch GET 200 https://registry.npmjs.org/braces/-/braces-3.0.3.tgz 2116ms (cache miss)
3227 http fetch GET 200 https://registry.npmjs.org/@next/env/-/env-16.2.10.tgz 2144ms (cache miss)
3228 http fetch GET 200 https://registry.npmjs.org/hermes-estree/-/hermes-estree-0.25.1.tgz 2151ms (cache miss)
3229 http fetch GET 200 https://registry.npmjs.org/resolve-from/-/resolve-from-4.0.0.tgz 2169ms (cache miss)
3230 http fetch GET 200 https://registry.npmjs.org/side-channel/-/side-channel-1.1.1.tgz 2195ms (cache miss)
3231 http fetch GET 200 https://registry.npmjs.org/parent-module/-/parent-module-1.0.1.tgz 2304ms (cache miss)
3232 http fetch GET 200 https://registry.npmjs.org/yocto-queue/-/yocto-queue-0.1.0.tgz 2472ms (cache miss)
3233 http fetch GET 200 https://registry.npmjs.org/functions-have-names/-/functions-have-names-1.2.3.tgz 2447ms (cache miss)
3234 http fetch GET 200 https://registry.npmjs.org/dunder-proto/-/dunder-proto-1.0.1.tgz 2465ms (cache miss)
3235 http fetch GET 200 https://registry.npmjs.org/@unrs/resolver-binding-win32-x64-msvc/-/resolver-binding-win32-x64-msvc-1.12.2.tgz 2581ms (cache miss)
3236 http fetch GET 200 https://registry.npmjs.org/is-document.all/-/is-document.all-1.0.0.tgz 2522ms (cache miss)
3237 http fetch GET 200 https://registry.npmjs.org/@swc/helpers/-/helpers-0.5.15.tgz 2544ms (cache miss)
3238 http fetch GET 200 https://registry.npmjs.org/keyv/-/keyv-4.5.4.tgz 2565ms (cache miss)
3239 http fetch GET 200 https://registry.npmjs.org/locate-path/-/locate-path-6.0.0.tgz 2564ms (cache miss)
3240 http fetch GET 200 https://registry.npmjs.org/flat-cache/-/flat-cache-4.0.1.tgz 2569ms (cache miss)
3241 http fetch GET 200 https://registry.npmjs.org/flatted/-/flatted-3.4.2.tgz 2584ms (cache miss)
3242 http fetch GET 200 https://registry.npmjs.org/language-subtag-registry/-/language-subtag-registry-0.3.23.tgz 2605ms (cache miss)
3243 http fetch GET 200 https://registry.npmjs.org/reusify/-/reusify-1.1.0.tgz 2619ms (cache miss)
3244 http fetch GET 200 https://registry.npmjs.org/path-exists/-/path-exists-4.0.0.tgz 2621ms (cache miss)
3245 http fetch GET 200 https://registry.npmjs.org/json-buffer/-/json-buffer-3.0.1.tgz 2643ms (cache miss)
3246 http fetch GET 200 https://registry.npmjs.org/fastq/-/fastq-1.20.1.tgz 2650ms (cache miss)
3247 http fetch GET 200 https://registry.npmjs.org/@nodelib/fs.stat/-/fs.stat-2.0.5.tgz 2667ms (cache miss)
3248 http fetch GET 200 https://registry.npmjs.org/acorn-jsx/-/acorn-jsx-5.3.2.tgz 2728ms (cache miss)
3249 http fetch GET 200 https://registry.npmjs.org/micromatch/-/micromatch-4.0.8.tgz 2768ms (cache miss)
3250 http fetch GET 200 https://registry.npmjs.org/update-browserslist-db/-/update-browserslist-db-1.2.3.tgz 2778ms (cache miss)
3251 http fetch GET 200 https://registry.npmjs.org/sharp/-/sharp-0.34.5.tgz 2872ms (cache miss)
3252 http fetch GET 200 https://registry.npmjs.org/@nodelib/fs.scandir/-/fs.scandir-2.1.5.tgz 2854ms (cache miss)
3253 http fetch GET 200 https://registry.npmjs.org/esrecurse/-/esrecurse-4.3.0.tgz 2851ms (cache miss)
3254 http fetch GET 200 https://registry.npmjs.org/node-releases/-/node-releases-2.0.51.tgz 2853ms (cache miss)
3255 http fetch GET 200 https://registry.npmjs.org/@nodelib/fs.walk/-/fs.walk-1.2.8.tgz 2864ms (cache miss)
3256 http fetch GET 200 https://registry.npmjs.org/styled-jsx/-/styled-jsx-5.1.6.tgz 2900ms (cache miss)
3257 http fetch GET 200 https://registry.npmjs.org/run-parallel/-/run-parallel-1.2.0.tgz 2933ms (cache miss)
3258 http fetch GET 200 https://registry.npmjs.org/@babel/helper-globals/-/helper-globals-7.29.7.tgz 2953ms (cache miss)
3259 http fetch GET 200 https://registry.npmjs.org/@jridgewell/resolve-uri/-/resolve-uri-3.1.2.tgz 2963ms (cache miss)
3260 http fetch GET 200 https://registry.npmjs.org/brace-expansion/-/brace-expansion-1.1.16.tgz 3008ms (cache miss)
3261 http fetch GET 200 https://registry.npmjs.org/merge2/-/merge2-1.4.1.tgz 2999ms (cache miss)
3262 http fetch GET 200 https://registry.npmjs.org/@babel/helper-string-parser/-/helper-string-parser-7.29.7.tgz 3005ms (cache miss)
3263 http fetch GET 200 https://registry.npmjs.org/@typescript-eslint/eslint-plugin/-/eslint-plugin-8.64.0.tgz 3292ms (cache miss)
3264 http fetch GET 200 https://registry.npmjs.org/@babel/compat-data/-/compat-data-7.29.7.tgz 3230ms (cache miss)
3265 http fetch GET 200 https://registry.npmjs.org/jsesc/-/jsesc-3.1.0.tgz 3317ms (cache miss)
3266 http fetch GET 200 https://registry.npmjs.org/lru-cache/-/lru-cache-5.1.1.tgz 3328ms (cache miss)
3267 http fetch GET 200 https://registry.npmjs.org/electron-to-chromium/-/electron-to-chromium-1.5.392.tgz 3340ms (cache miss)
3268 http fetch GET 200 https://registry.npmjs.org/browserslist/-/browserslist-4.28.6.tgz 3350ms (cache miss)
3269 http fetch GET 200 https://registry.npmjs.org/baseline-browser-mapping/-/baseline-browser-mapping-2.10.43.tgz 3360ms (cache miss)
3270 http fetch GET 200 https://registry.npmjs.org/@babel/helper-module-imports/-/helper-module-imports-7.29.7.tgz 3364ms (cache miss)
3271 http fetch GET 200 https://registry.npmjs.org/@jridgewell/trace-mapping/-/trace-mapping-0.3.31.tgz 3392ms (cache miss)
3272 http fetch GET 200 https://registry.npmjs.org/@babel/helper-validator-option/-/helper-validator-option-7.29.7.tgz 3394ms (cache miss)
3273 http fetch GET 200 https://registry.npmjs.org/@jridgewell/sourcemap-codec/-/sourcemap-codec-1.5.5.tgz 3406ms (cache miss)
3274 http fetch GET 200 https://registry.npmjs.org/gensync/-/gensync-1.0.0-beta.2.tgz 3652ms (cache miss)
3275 http fetch GET 200 https://registry.npmjs.org/convert-source-map/-/convert-source-map-2.0.0.tgz 3691ms (cache miss)
3276 http fetch GET 200 https://registry.npmjs.org/picocolors/-/picocolors-1.1.1.tgz 3734ms (cache miss)
3277 http fetch GET 200 https://registry.npmjs.org/acorn/-/acorn-8.17.0.tgz 3773ms (cache miss)
3278 http fetch GET 200 https://registry.npmjs.org/@jridgewell/remapping/-/remapping-2.3.5.tgz 3784ms (cache miss)
3279 http fetch GET 200 https://registry.npmjs.org/resolve-pkg-maps/-/resolve-pkg-maps-1.0.0.tgz 3917ms (cache miss)
3280 http fetch GET 200 https://registry.npmjs.org/@babel/helper-compilation-targets/-/helper-compilation-targets-7.29.7.tgz 3913ms (cache miss)
3281 http fetch GET 200 https://registry.npmjs.org/json5/-/json5-2.2.3.tgz 4091ms (cache miss)
3282 http fetch GET 200 https://registry.npmjs.org/@babel/helper-module-transforms/-/helper-module-transforms-7.29.7.tgz 4088ms (cache miss)
3283 http fetch GET 200 https://registry.npmjs.org/@babel/generator/-/generator-7.29.7.tgz 4152ms (cache miss)
3284 http fetch GET 200 https://registry.npmjs.org/zod-validation-error/-/zod-validation-error-4.0.2.tgz 4212ms (cache miss)
3285 http fetch GET 200 https://registry.npmjs.org/string.prototype.repeat/-/string.prototype.repeat-1.0.0.tgz 4250ms (cache miss)
3286 http fetch GET 200 https://registry.npmjs.org/js-tokens/-/js-tokens-4.0.0.tgz 4266ms (cache miss)
3287 http fetch GET 200 https://registry.npmjs.org/@babel/template/-/template-7.29.7.tgz 4387ms (cache miss)
3288 http fetch GET 200 https://registry.npmjs.org/@babel/helper-validator-identifier/-/helper-validator-identifier-7.29.7.tgz 4416ms (cache miss)
3289 http fetch GET 200 https://registry.npmjs.org/@babel/code-frame/-/code-frame-7.29.7.tgz 4441ms (cache miss)
3290 http fetch GET 200 https://registry.npmjs.org/iterator.prototype/-/iterator.prototype-1.1.5.tgz 4440ms (cache miss)
3291 http fetch GET 200 https://registry.npmjs.org/caniuse-lite/-/caniuse-lite-1.0.30001806.tgz 4521ms (cache miss)
3292 http fetch GET 200 https://registry.npmjs.org/prop-types/-/prop-types-15.8.1.tgz 4655ms (cache miss)
3293 http fetch GET 200 https://registry.npmjs.org/estraverse/-/estraverse-5.3.0.tgz 4694ms (cache miss)
3294 http fetch GET 200 https://registry.npmjs.org/array.prototype.tosorted/-/array.prototype.tosorted-1.1.4.tgz 4882ms (cache miss)
3295 http fetch GET 200 https://registry.npmjs.org/@babel/helpers/-/helpers-7.29.7.tgz 4943ms (cache miss)
3296 http fetch GET 200 https://registry.npmjs.org/@babel/traverse/-/traverse-7.29.7.tgz 5103ms (cache miss)
3297 http fetch GET 200 https://registry.npmjs.org/array.prototype.findlast/-/array.prototype.findlast-1.2.5.tgz 5192ms (cache miss)
3298 http fetch GET 200 https://registry.npmjs.org/postcss/-/postcss-8.4.31.tgz 5291ms (cache miss)
3299 http fetch GET 200 https://registry.npmjs.org/string.prototype.matchall/-/string.prototype.matchall-4.0.12.tgz 5231ms (cache miss)
3300 http fetch GET 200 https://registry.npmjs.org/@babel/core/-/core-7.29.7.tgz 5273ms (cache miss)
3301 http fetch GET 200 https://registry.npmjs.org/language-tags/-/language-tags-1.0.9.tgz 5298ms (cache miss)
3302 http fetch GET 200 https://registry.npmjs.org/jsx-ast-utils/-/jsx-ast-utils-3.3.5.tgz 5330ms (cache miss)
3303 http fetch GET 200 https://registry.npmjs.org/@jridgewell/gen-mapping/-/gen-mapping-0.3.13.tgz 5337ms (cache miss)
3304 http fetch GET 200 https://registry.npmjs.org/damerau-levenshtein/-/damerau-levenshtein-1.0.8.tgz 5375ms (cache miss)
3305 http fetch GET 200 https://registry.npmjs.org/is-symbol/-/is-symbol-1.1.1.tgz 5394ms (cache miss)
3306 http fetch GET 200 https://registry.npmjs.org/es-iterator-helpers/-/es-iterator-helpers-1.4.0.tgz 5428ms (cache miss)
3307 http fetch GET 200 https://registry.npmjs.org/is-date-object/-/is-date-object-1.1.0.tgz 5537ms (cache miss)
3308 http fetch GET 200 https://registry.npmjs.org/emoji-regex/-/emoji-regex-9.2.2.tgz 5571ms (cache miss)
3309 http fetch GET 200 https://registry.npmjs.org/typed-array-length/-/typed-array-length-1.0.8.tgz 5674ms (cache miss)
3310 http fetch GET 200 https://registry.npmjs.org/ast-types-flow/-/ast-types-flow-0.0.8.tgz 5708ms (cache miss)
3311 http fetch GET 200 https://registry.npmjs.org/unbox-primitive/-/unbox-primitive-1.1.0.tgz 5779ms (cache miss)
3312 http fetch GET 200 https://registry.npmjs.org/typed-array-byte-length/-/typed-array-byte-length-1.0.3.tgz 5845ms (cache miss)
3313 http fetch GET 200 https://registry.npmjs.org/aria-query/-/aria-query-5.3.2.tgz 5863ms (cache miss)
3314 http fetch GET 200 https://registry.npmjs.org/possible-typed-array-names/-/possible-typed-array-names-1.1.0.tgz 5888ms (cache miss)
3315 http fetch GET 200 https://registry.npmjs.org/es-abstract-get/-/es-abstract-get-1.0.0.tgz 5893ms (cache miss)
3316 http fetch GET 200 https://registry.npmjs.org/typed-array-buffer/-/typed-array-buffer-1.0.3.tgz 5900ms (cache miss)
3317 http fetch GET 200 https://registry.npmjs.org/@babel/parser/-/parser-7.29.7.tgz 6006ms (cache miss)
3318 http fetch GET 200 https://registry.npmjs.org/typed-array-byte-offset/-/typed-array-byte-offset-1.0.4.tgz 5989ms (cache miss)
3319 http fetch GET 200 https://registry.npmjs.org/string.prototype.trim/-/string.prototype.trim-1.2.11.tgz 5989ms (cache miss)
3320 http fetch GET 200 https://registry.npmjs.org/string.prototype.trimstart/-/string.prototype.trimstart-1.0.8.tgz 5997ms (cache miss)
3321 http fetch GET 200 https://registry.npmjs.org/axobject-query/-/axobject-query-4.1.0.tgz 6030ms (cache miss)
3322 http fetch GET 200 https://registry.npmjs.org/safe-push-apply/-/safe-push-apply-1.0.0.tgz 6019ms (cache miss)
3323 http fetch GET 200 https://registry.npmjs.org/safe-regex-test/-/safe-regex-test-1.1.0.tgz 6045ms (cache miss)
3324 http fetch GET 200 https://registry.npmjs.org/own-keys/-/own-keys-1.0.1.tgz 6065ms (cache miss)
3325 http fetch GET 200 https://registry.npmjs.org/object.entries/-/object.entries-1.1.9.tgz 6190ms (cache miss)
3326 http fetch GET 200 https://registry.npmjs.org/safe-array-concat/-/safe-array-concat-1.1.4.tgz 6182ms (cache miss)
3327 http fetch GET 200 https://registry.npmjs.org/which-typed-array/-/which-typed-array-1.1.22.tgz 6195ms (cache miss)
3328 http fetch GET 200 https://registry.npmjs.org/stop-iteration-iterator/-/stop-iteration-iterator-1.1.0.tgz 6198ms (cache miss)
3329 http fetch GET 200 https://registry.npmjs.org/object.assign/-/object.assign-4.1.7.tgz 6205ms (cache miss)
3330 http fetch GET 200 https://registry.npmjs.org/has-tostringtag/-/has-tostringtag-1.0.2.tgz 6240ms (cache miss)
3331 http fetch GET 200 https://registry.npmjs.org/object-inspect/-/object-inspect-1.13.4.tgz 6237ms (cache miss)
3332 http fetch GET 200 https://registry.npmjs.org/is-weakref/-/is-weakref-1.1.1.tgz 6244ms (cache miss)
3333 http fetch GET 200 https://registry.npmjs.org/is-set/-/is-set-2.0.3.tgz 6264ms (cache miss)
3334 http fetch GET 200 https://registry.npmjs.org/set-proto/-/set-proto-1.0.0.tgz 6273ms (cache miss)
3335 http fetch GET 200 https://registry.npmjs.org/is-regex/-/is-regex-1.2.1.tgz 6278ms (cache miss)
3336 http fetch GET 200 https://registry.npmjs.org/is-array-buffer/-/is-array-buffer-3.0.5.tgz 6296ms (cache miss)
3337 http fetch GET 200 https://registry.npmjs.org/is-typed-array/-/is-typed-array-1.1.15.tgz 6304ms (cache miss)
3338 http fetch GET 200 https://registry.npmjs.org/is-shared-array-buffer/-/is-shared-array-buffer-1.0.4.tgz 6303ms (cache miss)
3339 http fetch GET 200 https://registry.npmjs.org/is-negative-zero/-/is-negative-zero-2.0.3.tgz 6308ms (cache miss)
3340 http fetch GET 200 https://registry.npmjs.org/is-data-view/-/is-data-view-1.0.2.tgz 6313ms (cache miss)
3341 http fetch GET 200 https://registry.npmjs.org/regexp.prototype.flags/-/regexp.prototype.flags-1.5.4.tgz 6354ms (cache miss)
3342 http fetch GET 200 https://registry.npmjs.org/has-symbols/-/has-symbols-1.1.0.tgz 6359ms (cache miss)
3343 http fetch GET 200 https://registry.npmjs.org/get-symbol-description/-/get-symbol-description-1.1.0.tgz 6374ms (cache miss)
3344 http fetch GET 200 https://registry.npmjs.org/function.prototype.name/-/function.prototype.name-1.2.0.tgz 6381ms (cache miss)
3345 http fetch GET 200 https://registry.npmjs.org/has-proto/-/has-proto-1.2.0.tgz 6432ms (cache miss)
3346 http fetch GET 200 https://registry.npmjs.org/es-set-tostringtag/-/es-set-tostringtag-2.1.0.tgz 6446ms (cache miss)
3347 http fetch GET 200 https://registry.npmjs.org/es-to-primitive/-/es-to-primitive-1.3.4.tgz 6448ms (cache miss)
3348 http fetch GET 200 https://registry.npmjs.org/data-view-byte-offset/-/data-view-byte-offset-1.0.1.tgz 6466ms (cache miss)
3349 http fetch GET 200 https://registry.npmjs.org/data-view-byte-length/-/data-view-byte-length-1.0.2.tgz 6472ms (cache miss)
3350 http fetch GET 200 https://registry.npmjs.org/@babel/types/-/types-7.29.7.tgz 6550ms (cache miss)
3351 http fetch GET 200 https://registry.npmjs.org/internal-slot/-/internal-slot-1.1.0.tgz 6521ms (cache miss)
3352 http fetch GET 200 https://registry.npmjs.org/gopd/-/gopd-1.2.0.tgz 6522ms (cache miss)
3353 http fetch GET 200 https://registry.npmjs.org/string.prototype.includes/-/string.prototype.includes-2.0.1.tgz 6593ms (cache miss)
3354 http fetch GET 200 https://registry.npmjs.org/available-typed-arrays/-/available-typed-arrays-1.0.7.tgz 6573ms (cache miss)
3355 http fetch GET 200 https://registry.npmjs.org/globalthis/-/globalthis-1.0.4.tgz 6584ms (cache miss)
3356 http fetch GET 200 https://registry.npmjs.org/set-function-length/-/set-function-length-1.2.2.tgz 6585ms (cache miss)
3357 http fetch GET 200 https://registry.npmjs.org/array-buffer-byte-length/-/array-buffer-byte-length-1.0.2.tgz 6646ms (cache miss)
3358 http fetch GET 200 https://registry.npmjs.org/object-keys/-/object-keys-1.1.1.tgz 6666ms (cache miss)
3359 http fetch GET 200 https://registry.npmjs.org/get-proto/-/get-proto-1.0.1.tgz 6687ms (cache miss)
3360 http fetch GET 200 https://registry.npmjs.org/call-bind-apply-helpers/-/call-bind-apply-helpers-1.0.2.tgz 6684ms (cache miss)
3361 http fetch GET 200 https://registry.npmjs.org/es-define-property/-/es-define-property-1.0.1.tgz 6723ms (cache miss)
3362 http fetch GET 200 https://registry.npmjs.org/data-view-buffer/-/data-view-buffer-1.0.2.tgz 6763ms (cache miss)
3363 http fetch GET 200 https://registry.npmjs.org/has-property-descriptors/-/has-property-descriptors-1.0.2.tgz 6764ms (cache miss)
3364 http fetch GET 200 https://registry.npmjs.org/get-intrinsic/-/get-intrinsic-1.3.0.tgz 6759ms (cache miss)
3365 http fetch GET 200 https://registry.npmjs.org/hermes-parser/-/hermes-parser-0.25.1.tgz 6845ms (cache miss)
3366 http fetch GET 200 https://registry.npmjs.org/es-object-atoms/-/es-object-atoms-1.1.2.tgz 6818ms (cache miss)
3367 http fetch GET 200 https://registry.npmjs.org/es-shim-unscopables/-/es-shim-unscopables-1.1.0.tgz 6851ms (cache miss)
3368 http fetch GET 200 https://registry.npmjs.org/call-bound/-/call-bound-1.0.4.tgz 6849ms (cache miss)
3369 http fetch GET 200 https://registry.npmjs.org/arraybuffer.prototype.slice/-/arraybuffer.prototype.slice-1.0.4.tgz 6897ms (cache miss)
3370 http fetch GET 200 https://registry.npmjs.org/function-bind/-/function-bind-1.1.2.tgz 6893ms (cache miss)
3371 http fetch GET 200 https://registry.npmjs.org/is-callable/-/is-callable-1.2.7.tgz 6942ms (cache miss)
3372 http fetch GET 200 https://registry.npmjs.org/call-bind/-/call-bind-1.0.9.tgz 6927ms (cache miss)
3373 http fetch GET 200 https://registry.npmjs.org/define-properties/-/define-properties-1.2.1.tgz 6954ms (cache miss)
3374 http fetch GET 200 https://registry.npmjs.org/object.fromentries/-/object.fromentries-2.0.8.tgz 6987ms (cache miss)
3375 http fetch GET 200 https://registry.npmjs.org/string.prototype.trimend/-/string.prototype.trimend-1.0.10.tgz 6995ms (cache miss)
3376 http fetch GET 200 https://registry.npmjs.org/object.values/-/object.values-1.2.1.tgz 7010ms (cache miss)
3377 http fetch GET 200 https://registry.npmjs.org/semver/-/semver-6.3.1.tgz 7036ms (cache miss)
3378 http fetch GET 200 https://registry.npmjs.org/object.groupby/-/object.groupby-1.0.3.tgz 7060ms (cache miss)
3379 http fetch GET 200 https://registry.npmjs.org/es-errors/-/es-errors-1.3.0.tgz 7088ms (cache miss)
3380 http fetch GET 200 https://registry.npmjs.org/hasown/-/hasown-2.0.4.tgz 7125ms (cache miss)
3381 http fetch GET 200 https://registry.npmjs.org/is-string/-/is-string-1.1.1.tgz 7140ms (cache miss)
3382 http fetch GET 200 https://registry.npmjs.org/array.prototype.findlastindex/-/array.prototype.findlastindex-1.2.6.tgz 7148ms (cache miss)
3383 http fetch GET 200 https://registry.npmjs.org/define-data-property/-/define-data-property-1.1.4.tgz 7169ms (cache miss)
3384 http fetch GET 200 https://registry.npmjs.org/array-includes/-/array-includes-3.1.9.tgz 7155ms (cache miss)
3385 http fetch GET 200 https://registry.npmjs.org/array.prototype.flat/-/array.prototype.flat-1.3.3.tgz 7204ms (cache miss)
3386 http fetch GET 200 https://registry.npmjs.org/array.prototype.flatmap/-/array.prototype.flatmap-1.3.3.tgz 7243ms (cache miss)
3387 http fetch GET 200 https://registry.npmjs.org/eslint-module-utils/-/eslint-module-utils-2.14.0.tgz 7270ms (cache miss)
3388 http fetch GET 200 https://registry.npmjs.org/zod/-/zod-4.4.3.tgz 7363ms (cache miss)
3389 http fetch GET 200 https://registry.npmjs.org/math-intrinsics/-/math-intrinsics-1.1.0.tgz 7308ms (cache miss)
3390 http fetch GET 200 https://registry.npmjs.org/stable-hash/-/stable-hash-0.0.5.tgz 7292ms (cache miss)
3391 http fetch GET 200 https://registry.npmjs.org/is-core-module/-/is-core-module-2.16.2.tgz 7300ms (cache miss)
3392 http fetch GET 200 https://registry.npmjs.org/is-bun-module/-/is-bun-module-2.0.0.tgz 7311ms (cache miss)
3393 http fetch GET 200 https://registry.npmjs.org/color-convert/-/color-convert-2.0.1.tgz 7358ms (cache miss)
3394 http fetch GET 200 https://registry.npmjs.org/color-name/-/color-name-1.1.4.tgz 7415ms (cache miss)
3395 http fetch GET 200 https://registry.npmjs.org/doctrine/-/doctrine-2.1.0.tgz 7441ms (cache miss)
3396 http fetch GET 200 https://registry.npmjs.org/unrs-resolver/-/unrs-resolver-1.12.2.tgz 7442ms (cache miss)
3397 http fetch GET 200 https://registry.npmjs.org/tinyglobby/-/tinyglobby-0.2.17.tgz 7479ms (cache miss)
3398 http fetch GET 200 https://registry.npmjs.org/import-fresh/-/import-fresh-3.3.1.tgz 7506ms (cache miss)
3399 http fetch GET 200 https://registry.npmjs.org/resolve/-/resolve-2.0.0-next.7.tgz 7532ms (cache miss)
3400 http fetch GET 200 https://registry.npmjs.org/strip-json-comments/-/strip-json-comments-3.1.1.tgz 7550ms (cache miss)
3401 http fetch GET 200 https://registry.npmjs.org/minimatch/-/minimatch-3.1.5.tgz 7605ms (cache miss)
3402 http fetch GET 200 https://registry.npmjs.org/lodash.merge/-/lodash.merge-4.6.2.tgz 7604ms (cache miss)
3403 http fetch GET 200 https://registry.npmjs.org/@eslint/object-schema/-/object-schema-2.1.7.tgz 7629ms (cache miss)
3404 http fetch GET 200 https://registry.npmjs.org/@nolyfill/is-core-module/-/is-core-module-1.0.39.tgz 7650ms (cache miss)
3405 http fetch GET 200 https://registry.npmjs.org/supports-color/-/supports-color-7.2.0.tgz 7653ms (cache miss)
3406 http fetch GET 200 https://registry.npmjs.org/get-tsconfig/-/get-tsconfig-4.14.0.tgz 7708ms (cache miss)
3407 http fetch GET 200 https://registry.npmjs.org/ansi-styles/-/ansi-styles-4.3.0.tgz 7705ms (cache miss)
3408 http fetch GET 200 https://registry.npmjs.org/espree/-/espree-10.4.0.tgz 7734ms (cache miss)
3409 http fetch GET 200 https://registry.npmjs.org/@types/estree/-/estree-1.0.9.tgz 7764ms (cache miss)
3410 http fetch GET 200 https://registry.npmjs.org/eslint-scope/-/eslint-scope-8.4.0.tgz 7780ms (cache miss)
3411 http fetch GET 200 https://registry.npmjs.org/chalk/-/chalk-4.1.2.tgz 7821ms (cache miss)
3412 http fetch GET 200 https://registry.npmjs.org/@eslint/plugin-kit/-/plugin-kit-0.4.1.tgz 7858ms (cache miss)
3413 http fetch GET 200 https://registry.npmjs.org/tsconfig-paths/-/tsconfig-paths-3.15.0.tgz 7900ms (cache miss)
3414 http fetch GET 200 https://registry.npmjs.org/fast-glob/-/fast-glob-3.3.1.tgz 7878ms (cache miss)
3415 http fetch GET 200 https://registry.npmjs.org/@rtsao/scc/-/scc-1.1.0.tgz 7946ms (cache miss)
3416 http fetch GET 200 https://registry.npmjs.org/@eslint/config-helpers/-/config-helpers-0.4.2.tgz 7924ms (cache miss)
3417 http fetch GET 200 https://registry.npmjs.org/typescript-eslint/-/typescript-eslint-8.64.0.tgz 7940ms (cache miss)
3418 http fetch GET 200 https://registry.npmjs.org/globals/-/globals-16.4.0.tgz 7956ms (cache miss)
3419 http fetch GET 200 https://registry.npmjs.org/@types/json-schema/-/json-schema-7.0.15.tgz 8041ms (cache miss)
3420 http fetch GET 200 https://registry.npmjs.org/@eslint/js/-/js-9.39.5.tgz 8115ms (cache miss)
3421 http fetch GET 200 https://registry.npmjs.org/js-yaml/-/js-yaml-4.3.0.tgz 8279ms (cache miss)
3422 http fetch GET 200 https://registry.npmjs.org/@eslint/eslintrc/-/eslintrc-3.3.6.tgz 8314ms (cache miss)
3423 http fetch GET 200 https://registry.npmjs.org/@eslint/core/-/core-0.17.0.tgz 8520ms (cache miss)
3424 http fetch GET 200 https://registry.npmjs.org/shebang-command/-/shebang-command-2.0.0.tgz 8511ms (cache miss)
3425 http fetch GET 200 https://registry.npmjs.org/eslint-import-resolver-node/-/eslint-import-resolver-node-0.3.10.tgz 8636ms (cache miss)
3426 http fetch GET 200 https://registry.npmjs.org/eslint-import-resolver-typescript/-/eslint-import-resolver-typescript-3.10.1.tgz 8680ms (cache miss)
3427 http fetch GET 200 https://registry.npmjs.org/which/-/which-2.0.2.tgz 8803ms (cache miss)
3428 http fetch GET 200 https://registry.npmjs.org/path-key/-/path-key-3.1.1.tgz 8947ms (cache miss)
3429 http fetch GET 200 https://registry.npmjs.org/@eslint/config-array/-/config-array-0.21.2.tgz 8963ms (cache miss)
3430 http fetch GET 200 https://registry.npmjs.org/eslint-plugin-jsx-a11y/-/eslint-plugin-jsx-a11y-6.10.2.tgz 9033ms (cache miss)
3431 http fetch GET 200 https://registry.npmjs.org/@next/eslint-plugin-next/-/eslint-plugin-next-16.2.10.tgz 9122ms (cache miss)
3432 http fetch GET 200 https://registry.npmjs.org/@humanfs/types/-/types-0.15.0.tgz 9145ms (cache miss)
3433 http fetch GET 200 https://registry.npmjs.org/levn/-/levn-0.4.1.tgz 9157ms (cache miss)
3434 http fetch GET 200 https://registry.npmjs.org/json-stable-stringify-without-jsonify/-/json-stable-stringify-without-jsonify-1.0.1.tgz 9225ms (cache miss)
3435 http fetch GET 200 https://registry.npmjs.org/eslint-visitor-keys/-/eslint-visitor-keys-4.2.1.tgz 9285ms (cache miss)
3436 http fetch GET 200 https://registry.npmjs.org/ms/-/ms-2.1.3.tgz 9280ms (cache miss)
3437 http fetch GET 200 https://registry.npmjs.org/natural-compare/-/natural-compare-1.4.0.tgz 9314ms (cache miss)
3438 http fetch GET 200 https://registry.npmjs.org/optionator/-/optionator-0.9.4.tgz 9325ms (cache miss)
3439 http fetch GET 200 https://registry.npmjs.org/fast-deep-equal/-/fast-deep-equal-3.1.3.tgz 9369ms (cache miss)
3440 http fetch GET 200 https://registry.npmjs.org/eslint-plugin-import/-/eslint-plugin-import-2.32.0.tgz 9392ms (cache miss)
3441 http fetch GET 200 https://registry.npmjs.org/imurmurhash/-/imurmurhash-0.1.4.tgz 9377ms (cache miss)
3442 http fetch GET 200 https://registry.npmjs.org/eslint-plugin-react/-/eslint-plugin-react-7.37.5.tgz 9410ms (cache miss)
3443 http fetch GET 200 https://registry.npmjs.org/esutils/-/esutils-2.0.3.tgz 9425ms (cache miss)
3444 http fetch GET 200 https://registry.npmjs.org/find-up/-/find-up-5.0.0.tgz 9437ms (cache miss)
3445 http fetch GET 200 https://registry.npmjs.org/glob-parent/-/glob-parent-6.0.2.tgz 9456ms (cache miss)
3446 http fetch GET 200 https://registry.npmjs.org/is-glob/-/is-glob-4.0.3.tgz 9475ms (cache miss)
3447 http fetch GET 200 https://registry.npmjs.org/@humanfs/core/-/core-0.19.2.tgz 9503ms (cache miss)
3448 http fetch GET 200 https://registry.npmjs.org/fast-json-stable-stringify/-/fast-json-stable-stringify-2.1.0.tgz 9547ms (cache miss)
3449 http fetch GET 200 https://registry.npmjs.org/debug/-/debug-4.4.3.tgz 9557ms (cache miss)
3450 http fetch GET 200 https://registry.npmjs.org/ignore/-/ignore-5.3.2.tgz 9593ms (cache miss)
3451 http fetch GET 200 https://registry.npmjs.org/esquery/-/esquery-1.7.0.tgz 9759ms (cache miss)
3452 http fetch GET 200 https://registry.npmjs.org/escape-string-regexp/-/escape-string-regexp-4.0.0.tgz 9771ms (cache miss)
3453 http fetch GET 200 https://registry.npmjs.org/json-schema-traverse/-/json-schema-traverse-0.4.1.tgz 9818ms (cache miss)
3454 http fetch GET 200 https://registry.npmjs.org/cross-spawn/-/cross-spawn-7.0.6.tgz 9817ms (cache miss)
3455 http fetch GET 200 https://registry.npmjs.org/eslint/-/eslint-9.39.5.tgz 10020ms (cache miss)
3456 http fetch GET 200 https://registry.npmjs.org/file-entry-cache/-/file-entry-cache-8.0.0.tgz 10081ms (cache miss)
3457 http fetch GET 200 https://registry.npmjs.org/es-abstract/-/es-abstract-1.24.2.tgz 10334ms (cache miss)
3458 http fetch GET 200 https://registry.npmjs.org/@humanwhocodes/module-importer/-/module-importer-1.0.1.tgz 10284ms (cache miss)
3459 http fetch GET 200 https://registry.npmjs.org/axe-core/-/axe-core-4.12.1.tgz 10423ms (cache miss)
3460 http fetch GET 200 https://registry.npmjs.org/uri-js/-/uri-js-4.4.1.tgz 10355ms (cache miss)
3461 http fetch GET 200 https://registry.npmjs.org/@types/react-dom/-/react-dom-19.2.3.tgz 10418ms (cache miss)
3462 http fetch GET 200 https://registry.npmjs.org/undici-types/-/undici-types-8.3.0.tgz 10445ms (cache miss)
3463 http fetch GET 200 https://registry.npmjs.org/@humanfs/node/-/node-0.16.8.tgz 10490ms (cache miss)
3464 http fetch GET 200 https://registry.npmjs.org/eslint-config-next/-/eslint-config-next-16.2.10.tgz 10494ms (cache miss)
3465 http fetch GET 200 https://registry.npmjs.org/react/-/react-19.2.7.tgz 10529ms (cache miss)
3466 http fetch GET 200 https://registry.npmjs.org/eslint-visitor-keys/-/eslint-visitor-keys-5.0.1.tgz 10817ms (cache miss)
3467 http fetch GET 200 https://registry.npmjs.org/ignore/-/ignore-7.0.6.tgz 10833ms (cache miss)
3468 http fetch GET 200 https://registry.npmjs.org/csstype/-/csstype-3.2.3.tgz 10867ms (cache miss)
3469 http fetch GET 200 https://registry.npmjs.org/balanced-match/-/balanced-match-4.0.4.tgz 10905ms (cache miss)
3470 http fetch GET 200 https://registry.npmjs.org/brace-expansion/-/brace-expansion-5.0.7.tgz 10963ms (cache miss)
3471 http fetch GET 200 https://registry.npmjs.org/@humanwhocodes/retry/-/retry-0.4.3.tgz 11007ms (cache miss)
3472 http fetch GET 200 https://registry.npmjs.org/@types/react/-/react-19.2.17.tgz 11194ms (cache miss)
3473 http fetch GET 200 https://registry.npmjs.org/@eslint-community/eslint-utils/-/eslint-utils-4.9.1.tgz 11302ms (cache miss)
3474 http fetch GET 200 https://registry.npmjs.org/semver/-/semver-7.8.5.tgz 11382ms (cache miss)
3475 http fetch GET 200 https://registry.npmjs.org/semver/-/semver-7.8.5.tgz 11388ms (cache miss)
3476 http fetch GET 200 https://registry.npmjs.org/picomatch/-/picomatch-4.0.5.tgz 11424ms (cache miss)
3477 http fetch GET 200 https://registry.npmjs.org/fdir/-/fdir-6.5.0.tgz 11472ms (cache miss)
3478 http fetch GET 200 https://registry.npmjs.org/debug/-/debug-3.2.7.tgz 11489ms (cache miss)
3479 http fetch GET 200 https://registry.npmjs.org/json5/-/json5-1.0.2.tgz 11495ms (cache miss)
3480 http fetch GET 200 https://registry.npmjs.org/globals/-/globals-14.0.0.tgz 11517ms (cache miss)
3481 http fetch GET 200 https://registry.npmjs.org/glob-parent/-/glob-parent-5.1.2.tgz 11534ms (cache miss)
3482 http fetch GET 200 https://registry.npmjs.org/debug/-/debug-3.2.7.tgz 11633ms (cache miss)
3483 http fetch GET 200 https://registry.npmjs.org/debug/-/debug-3.2.7.tgz 11652ms (cache miss)
3484 http fetch GET 200 https://registry.npmjs.org/semver/-/semver-7.8.5.tgz 11673ms (cache miss)
3485 http fetch GET 200 https://registry.npmjs.org/ajv/-/ajv-6.15.0.tgz 11845ms (cache miss)
3486 http fetch GET 200 https://registry.npmjs.org/postcss 11633ms (cache miss)
3487 silly packumentCache corgi:https://registry.npmjs.org/postcss set size:undefined disposed:false
3488 silly packumentCache corgi:https://registry.npmjs.org/next cache-miss
3489 http fetch GET 200 https://registry.npmjs.org/@eslint-community/regexpp/-/regexpp-4.12.2.tgz 11896ms (cache miss)
3490 http fetch GET 200 https://registry.npmjs.org/eslint-plugin-react-hooks/-/eslint-plugin-react-hooks-7.1.1.tgz 12088ms (cache miss)
3491 http fetch GET 200 https://registry.npmjs.org/minimatch/-/minimatch-10.2.5.tgz 12105ms (cache miss)
3492 http fetch GET 200 https://registry.npmjs.org/eslint-visitor-keys/-/eslint-visitor-keys-3.4.3.tgz 12266ms (cache miss)
3493 http fetch GET 200 https://registry.npmjs.org/@types/node/-/node-26.1.1.tgz 12732ms (cache miss)
3494 http fetch GET 200 https://registry.npmjs.org/@img/sharp-win32-x64/-/sharp-win32-x64-0.34.5.tgz 13528ms (cache miss)
3495 http fetch GET 200 https://registry.npmjs.org/react-dom/-/react-dom-19.2.7.tgz 13472ms (cache miss)
3496 http fetch GET 200 https://registry.npmjs.org/next 4487ms (cache miss)
3497 silly packumentCache corgi:https://registry.npmjs.org/next set size:undefined disposed:false
3498 http fetch GET 200 https://registry.npmjs.org/typescript/-/typescript-6.0.3.tgz 19547ms (cache miss)
3499 http fetch GET 200 https://registry.npmjs.org/next/-/next-16.2.10.tgz 47648ms (cache miss)
3500 http fetch GET 200 https://registry.npmjs.org/@next/swc-win32-x64-msvc/-/swc-win32-x64-msvc-16.2.10.tgz 54203ms (cache miss)
3501 info run sharp@0.34.5 install node_modules/sharp node install/check.js || npm run build
3502 info run sharp@0.34.5 install { code: 0, signal: null }
3503 info run unrs-resolver@1.12.2 postinstall node_modules/unrs-resolver node postinstall.js
3504 info run unrs-resolver@1.12.2 postinstall { code: 0, signal: null }
3505 silly ADD node_modules/is-weakset
3506 silly ADD node_modules/is-weakmap
3507 silly ADD node_modules/is-map
3508 silly ADD node_modules/generator-function
3509 silly ADD node_modules/async-function
3510 silly ADD node_modules/which-collection
3511 silly ADD node_modules/is-generator-function
3512 silly ADD node_modules/is-finalizationregistry
3513 silly ADD node_modules/is-async-function
3514 silly ADD node_modules/is-number-object
3515 silly ADD node_modules/is-boolean-object
3516 silly ADD node_modules/is-bigint
3517 silly ADD node_modules/isexe
3518 silly ADD node_modules/punycode
3519 silly ADD node_modules/escalade
3520 silly ADD node_modules/napi-postinstall
3521 silly ADD node_modules/@unrs/resolver-binding-win32-x64-msvc
3522 silly ADD node_modules/which-boxed-primitive
3523 silly ADD node_modules/has-bigints
3524 silly ADD node_modules/@typescript-eslint/tsconfig-utils
3525 silly ADD node_modules/@typescript-eslint/project-service
3526 silly ADD node_modules/@typescript-eslint/types
3527 silly ADD node_modules/ts-api-utils
3528 silly ADD node_modules/@typescript-eslint/visitor-keys
3529 silly ADD node_modules/@typescript-eslint/visitor-keys/node_modules/eslint-visitor-keys
3530 silly ADD node_modules/@typescript-eslint/type-utils
3531 silly ADD node_modules/@typescript-eslint/scope-manager
3532 silly ADD node_modules/@typescript-eslint/utils
3533 silly ADD node_modules/@typescript-eslint/typescript-estree
3534 silly ADD node_modules/@typescript-eslint/typescript-estree/node_modules/balanced-match
3535 silly ADD node_modules/@typescript-eslint/typescript-estree/node_modules/brace-expansion
3536 silly ADD node_modules/@typescript-eslint/typescript-estree/node_modules/semver
3537 silly ADD node_modules/@typescript-eslint/typescript-estree/node_modules/minimatch
3538 silly ADD node_modules/@typescript-eslint/parser
3539 silly ADD node_modules/@typescript-eslint/eslint-plugin
3540 silly ADD node_modules/@typescript-eslint/eslint-plugin/node_modules/ignore
3541 silly ADD node_modules/which-builtin-type
3542 silly ADD node_modules/reflect.getprototypeof
3543 silly ADD node_modules/for-each
3544 silly ADD node_modules/strip-bom
3545 silly ADD node_modules/minimist
3546 silly ADD node_modules/@types/json5
3547 silly ADD node_modules/is-number
3548 silly ADD node_modules/has-flag
3549 silly ADD node_modules/client-only
3550 silly ADD node_modules/side-channel-weakmap
3551 silly ADD node_modules/side-channel-map
3552 silly ADD node_modules/side-channel-list
3553 silly ADD node_modules/shebang-regex
3554 silly ADD node_modules/@emnapi/runtime
3555 silly ADD node_modules/detect-libc
3556 silly ADD node_modules/@img/sharp-win32-x64
3557 silly ADD node_modules/@img/colour
3558 silly ADD node_modules/isarray
3559 silly ADD node_modules/queue-microtask
3560 silly ADD node_modules/supports-preserve-symlinks-flag
3561 silly ADD node_modules/path-parse
3562 silly ADD node_modules/node-exports-info
3563 silly ADD node_modules/scheduler
3564 silly ADD node_modules/react-is
3565 silly ADD node_modules/object-assign
3566 silly ADD node_modules/loose-envify
3567 silly ADD node_modules/source-map-js
3568 silly ADD node_modules/nanoid
3569 silly ADD node_modules/callsites
3570 silly ADD node_modules/yocto-queue
3571 silly ADD node_modules/p-limit
3572 silly ADD node_modules/word-wrap
3573 silly ADD node_modules/fast-levenshtein
3574 silly ADD node_modules/deep-is
3575 silly ADD node_modules/tslib
3576 silly ADD node_modules/styled-jsx
3577 silly ADD node_modules/sharp
3578 silly ADD node_modules/sharp/node_modules/semver
3579 silly ADD node_modules/postcss
3580 silly ADD node_modules/@swc/helpers
3581 silly ADD node_modules/@next/swc-win32-x64-msvc
3582 silly ADD node_modules/@next/env
3583 silly ADD node_modules/concat-map
3584 silly ADD node_modules/balanced-match
3585 silly ADD node_modules/brace-expansion
3586 silly ADD node_modules/to-regex-range
3587 silly ADD node_modules/fill-range
3588 silly ADD node_modules/picomatch
3589 silly ADD node_modules/braces
3590 silly ADD node_modules/yallist
3591 silly ADD node_modules/p-locate
3592 silly ADD node_modules/type-check
3593 silly ADD node_modules/prelude-ls
3594 silly ADD node_modules/language-subtag-registry
3595 silly ADD node_modules/json-buffer
3596 silly ADD node_modules/argparse
3597 silly ADD node_modules/set-function-name
3598 silly ADD node_modules/is-extglob
3599 silly ADD node_modules/side-channel
3600 silly ADD node_modules/resolve-from
3601 silly ADD node_modules/parent-module
3602 silly ADD node_modules/hermes-estree
3603 silly ADD node_modules/resolve-pkg-maps
3604 silly ADD node_modules/dunder-proto
3605 silly ADD node_modules/is-document.all
3606 silly ADD node_modules/functions-have-names
3607 silly ADD node_modules/keyv
3608 silly ADD node_modules/flatted
3609 silly ADD node_modules/path-exists
3610 silly ADD node_modules/locate-path
3611 silly ADD node_modules/flat-cache
3612 silly ADD node_modules/reusify
3613 silly ADD node_modules/run-parallel
3614 silly ADD node_modules/fastq
3615 silly ADD node_modules/@nodelib/fs.scandir
3616 silly ADD node_modules/micromatch
3617 silly ADD node_modules/merge2
3618 silly ADD node_modules/@nodelib/fs.walk
3619 silly ADD node_modules/@nodelib/fs.stat
3620 silly ADD node_modules/acorn-jsx
3621 silly ADD node_modules/acorn
3622 silly ADD node_modules/esrecurse
3623 silly ADD node_modules/update-browserslist-db
3624 silly ADD node_modules/node-releases
3625 silly ADD node_modules/electron-to-chromium
3626 silly ADD node_modules/caniuse-lite
3627 silly ADD node_modules/baseline-browser-mapping
3628 silly ADD node_modules/@jridgewell/resolve-uri
3629 silly ADD node_modules/@jridgewell/sourcemap-codec
3630 silly ADD node_modules/@babel/helper-string-parser
3631 silly ADD node_modules/@babel/helper-globals
3632 silly ADD node_modules/@babel/helper-module-imports
3633 silly ADD node_modules/lru-cache
3634 silly ADD node_modules/browserslist
3635 silly ADD node_modules/@babel/helper-validator-option
3636 silly ADD node_modules/@babel/compat-data
3637 silly ADD node_modules/jsesc
3638 silly ADD node_modules/@jridgewell/trace-mapping
3639 silly ADD node_modules/@jridgewell/gen-mapping
3640 silly ADD node_modules/picocolors
3641 silly ADD node_modules/js-tokens
3642 silly ADD node_modules/@babel/helper-validator-identifier
3643 silly ADD node_modules/json5
3644 silly ADD node_modules/gensync
3645 silly ADD node_modules/convert-source-map
3646 silly ADD node_modules/@jridgewell/remapping
3647 silly ADD node_modules/@babel/types
3648 silly ADD node_modules/@babel/traverse
3649 silly ADD node_modules/@babel/template
3650 silly ADD node_modules/@babel/helpers
3651 silly ADD node_modules/@babel/helper-module-transforms
3652 silly ADD node_modules/@babel/helper-compilation-targets
3653 silly ADD node_modules/@babel/generator
3654 silly ADD node_modules/@babel/code-frame
3655 silly ADD node_modules/zod-validation-error
3656 silly ADD node_modules/zod
3657 silly ADD node_modules/hermes-parser
3658 silly ADD node_modules/@babel/parser
3659 silly ADD node_modules/@babel/core
3660 silly ADD node_modules/iterator.prototype
3661 silly ADD node_modules/string.prototype.repeat
3662 silly ADD node_modules/string.prototype.matchall
3663 silly ADD node_modules/prop-types
3664 silly ADD node_modules/object.entries
3665 silly ADD node_modules/estraverse
3666 silly ADD node_modules/es-iterator-helpers
3667 silly ADD node_modules/array.prototype.tosorted
3668 silly ADD node_modules/array.prototype.findlast
3669 silly ADD node_modules/string.prototype.includes
3670 silly ADD node_modules/language-tags
3671 silly ADD node_modules/jsx-ast-utils
3672 silly ADD node_modules/emoji-regex
3673 silly ADD node_modules/damerau-levenshtein
3674 silly ADD node_modules/axobject-query
3675 silly ADD node_modules/axe-core
3676 silly ADD node_modules/ast-types-flow
3677 silly ADD node_modules/aria-query
3678 silly ADD node_modules/is-symbol
3679 silly ADD node_modules/is-date-object
3680 silly ADD node_modules/es-abstract-get
3681 silly ADD node_modules/has-tostringtag
3682 silly ADD node_modules/possible-typed-array-names
3683 silly ADD node_modules/which-typed-array
3684 silly ADD node_modules/unbox-primitive
3685 silly ADD node_modules/typed-array-length
3686 silly ADD node_modules/typed-array-byte-offset
3687 silly ADD node_modules/typed-array-byte-length
3688 silly ADD node_modules/typed-array-buffer
3689 silly ADD node_modules/string.prototype.trimstart
3690 silly ADD node_modules/string.prototype.trim
3691 silly ADD node_modules/stop-iteration-iterator
3692 silly ADD node_modules/set-proto
3693 silly ADD node_modules/safe-regex-test
3694 silly ADD node_modules/safe-push-apply
3695 silly ADD node_modules/safe-array-concat
3696 silly ADD node_modules/regexp.prototype.flags
3697 silly ADD node_modules/own-keys
3698 silly ADD node_modules/object.assign
3699 silly ADD node_modules/object-inspect
3700 silly ADD node_modules/is-weakref
3701 silly ADD node_modules/is-typed-array
3702 silly ADD node_modules/is-shared-array-buffer
3703 silly ADD node_modules/is-set
3704 silly ADD node_modules/is-regex
3705 silly ADD node_modules/is-negative-zero
3706 silly ADD node_modules/is-data-view
3707 silly ADD node_modules/is-callable
3708 silly ADD node_modules/is-array-buffer
3709 silly ADD node_modules/internal-slot
3710 silly ADD node_modules/has-symbols
3711 silly ADD node_modules/has-proto
3712 silly ADD node_modules/globalthis
3713 silly ADD node_modules/get-symbol-description
3714 silly ADD node_modules/get-proto
3715 silly ADD node_modules/function.prototype.name
3716 silly ADD node_modules/es-to-primitive
3717 silly ADD node_modules/es-set-tostringtag
3718 silly ADD node_modules/data-view-byte-offset
3719 silly ADD node_modules/data-view-byte-length
3720 silly ADD node_modules/data-view-buffer
3721 silly ADD node_modules/available-typed-arrays
3722 silly ADD node_modules/arraybuffer.prototype.slice
3723 silly ADD node_modules/array-buffer-byte-length
3724 silly ADD node_modules/gopd
3725 silly ADD node_modules/object-keys
3726 silly ADD node_modules/has-property-descriptors
3727 silly ADD node_modules/define-data-property
3728 silly ADD node_modules/function-bind
3729 silly ADD node_modules/set-function-length
3730 silly ADD node_modules/es-define-property
3731 silly ADD node_modules/call-bind-apply-helpers
3732 silly ADD node_modules/es-shim-unscopables
3733 silly ADD node_modules/es-errors
3734 silly ADD node_modules/math-intrinsics
3735 silly ADD node_modules/is-string
3736 silly ADD node_modules/get-intrinsic
3737 silly ADD node_modules/es-object-atoms
3738 silly ADD node_modules/es-abstract
3739 silly ADD node_modules/define-properties
3740 silly ADD node_modules/call-bound
3741 silly ADD node_modules/call-bind
3742 silly ADD node_modules/tsconfig-paths
3743 silly ADD node_modules/tsconfig-paths/node_modules/json5
3744 silly ADD node_modules/string.prototype.trimend
3745 silly ADD node_modules/semver
3746 silly ADD node_modules/object.values
3747 silly ADD node_modules/object.groupby
3748 silly ADD node_modules/object.fromentries
3749 silly ADD node_modules/hasown
3750 silly ADD node_modules/eslint-module-utils
3751 silly ADD node_modules/eslint-module-utils/node_modules/debug
3752 silly ADD node_modules/doctrine
3753 silly ADD node_modules/array.prototype.flatmap
3754 silly ADD node_modules/array.prototype.flat
3755 silly ADD node_modules/array.prototype.findlastindex
3756 silly ADD node_modules/array-includes
3757 silly ADD node_modules/@rtsao/scc
3758 silly ADD node_modules/unrs-resolver
3759 silly ADD node_modules/tinyglobby
3760 silly ADD node_modules/tinyglobby/node_modules/picomatch
3761 silly ADD node_modules/tinyglobby/node_modules/fdir
3762 silly ADD node_modules/stable-hash
3763 silly ADD node_modules/is-bun-module
3764 silly ADD node_modules/is-bun-module/node_modules/semver
3765 silly ADD node_modules/get-tsconfig
3766 silly ADD node_modules/@nolyfill/is-core-module
3767 silly ADD node_modules/resolve
3768 silly ADD node_modules/is-core-module
3769 silly ADD node_modules/color-name
3770 silly ADD node_modules/color-convert
3771 silly ADD node_modules/supports-color
3772 silly ADD node_modules/ansi-styles
3773 silly ADD node_modules/strip-json-comments
3774 silly ADD node_modules/js-yaml
3775 silly ADD node_modules/import-fresh
3776 silly ADD node_modules/@types/json-schema
3777 silly ADD node_modules/@eslint/object-schema
3778 silly ADD node_modules/minimatch
3779 silly ADD node_modules/lodash.merge
3780 silly ADD node_modules/espree
3781 silly ADD node_modules/eslint-visitor-keys
3782 silly ADD node_modules/eslint-scope
3783 silly ADD node_modules/chalk
3784 silly ADD node_modules/@types/estree
3785 silly ADD node_modules/@eslint/plugin-kit
3786 silly ADD node_modules/@eslint/js
3787 silly ADD node_modules/@eslint/eslintrc
3788 silly ADD node_modules/@eslint/eslintrc/node_modules/globals
3789 silly ADD node_modules/@eslint/core
3790 silly ADD node_modules/@eslint/config-helpers
3791 silly ADD node_modules/@eslint/config-array
3792 silly ADD node_modules/fast-glob
3793 silly ADD node_modules/fast-glob/node_modules/glob-parent
3794 silly ADD node_modules/typescript
3795 silly ADD node_modules/typescript-eslint
3796 silly ADD node_modules/globals
3797 silly ADD node_modules/eslint-plugin-react-hooks
3798 silly ADD node_modules/eslint-plugin-react
3799 silly ADD node_modules/eslint-plugin-jsx-a11y
3800 silly ADD node_modules/eslint
3801 silly ADD node_modules/eslint-plugin-import
3802 silly ADD node_modules/eslint-plugin-import/node_modules/debug
3803 silly ADD node_modules/eslint-import-resolver-typescript
3804 silly ADD node_modules/eslint-import-resolver-node
3805 silly ADD node_modules/eslint-import-resolver-node/node_modules/debug
3806 silly ADD node_modules/@next/eslint-plugin-next
3807 silly ADD node_modules/ms
3808 silly ADD node_modules/which
3809 silly ADD node_modules/shebang-command
3810 silly ADD node_modules/path-key
3811 silly ADD node_modules/uri-js
3812 silly ADD node_modules/json-schema-traverse
3813 silly ADD node_modules/fast-json-stable-stringify
3814 silly ADD node_modules/@humanfs/types
3815 silly ADD node_modules/@humanfs/core
3816 silly ADD node_modules/levn
3817 silly ADD node_modules/optionator
3818 silly ADD node_modules/natural-compare
3819 silly ADD node_modules/json-stable-stringify-without-jsonify
3820 silly ADD node_modules/is-glob
3821 silly ADD node_modules/imurmurhash
3822 silly ADD node_modules/ignore
3823 silly ADD node_modules/glob-parent
3824 silly ADD node_modules/find-up
3825 silly ADD node_modules/file-entry-cache
3826 silly ADD node_modules/fast-deep-equal
3827 silly ADD node_modules/esutils
3828 silly ADD node_modules/esquery
3829 silly ADD node_modules/escape-string-regexp
3830 silly ADD node_modules/debug
3831 silly ADD node_modules/cross-spawn
3832 silly ADD node_modules/ajv
3833 silly ADD node_modules/@humanwhocodes/retry
3834 silly ADD node_modules/@humanwhocodes/module-importer
3835 silly ADD node_modules/@humanfs/node
3836 silly ADD node_modules/@eslint-community/regexpp
3837 silly ADD node_modules/@eslint-community/eslint-utils
3838 silly ADD node_modules/@eslint-community/eslint-utils/node_modules/eslint-visitor-keys
3839 silly ADD node_modules/csstype
3840 silly ADD node_modules/undici-types
3841 silly ADD node_modules/react-dom
3842 silly ADD node_modules/react
3843 silly ADD node_modules/next
3844 silly ADD node_modules/eslint-config-next
3845 silly ADD node_modules/@types/react-dom
3846 silly ADD node_modules/@types/react
3847 silly ADD node_modules/@types/node
3848 verbose cwd D:\oppfinder
3849 verbose os Windows_NT 10.0.26200
3850 verbose node v24.13.0
3851 verbose npm  v11.6.2
3852 notice
3852 notice New minor version of npm available! 11.6.2 -> 11.18.0
3852 notice Changelog: https://github.com/npm/cli/releases/tag/v11.18.0
3852 notice To update run: npm install -g npm@11.18.0
3852 notice  { force: true, Symbol(proc-log.meta): true }
3853 verbose exit 0
3854 info ok
